Gene,TMPRSS4
DMS53_LUNG,1.308052614
SW1116_LARGE_INTESTINE,4.682490589
NCIH1694_LUNG,-8.298088755
P3HR1_HAEMATOPOIETIC_AND_LYMPHOID_TISSUE,-5.316411756
HUT78_HAEMATOPOIETIC_AND_LYMPHOID_TISSUE,-6.996827144
UMUC3_URINARY_TRACT,-5.458645034
HOS_BONE,-5.331907838
HUNS1_HAEMATOPOIETIC_AND_LYMPHOID_TISSUE,-5.017404294
AML193_HAEMATOPOIETIC_AND_LYMPHOID_TISSUE,-3.749226828
RVH421_SKIN,-6.924241941
NCIH1184_LUNG,-5.92116772
HCC2157_BREAST,-2.892238889
TC71_BONE,-5.472271379
NCIH2227_LUNG,-5.485985741
COLO205_LARGE_INTESTINE,
SNU449_LIVER,-5.283147682
NCIH28_PLEURA,-4.77377025
OV56_OVARY,-5.591882799
JHOS4_OVARY,3.1299021
KYSE450_OESOPHAGUS,-1.971885183
RMUGS_OVARY,0.568443023
KLE_ENDOMETRIUM,-1.270170076
HS895T_SKIN,-6.850112278
LN229_CENTRAL_NERVOUS_SYSTEM,-5.985152866
P31FUJ_HAEMATOPOIETIC_AND_LYMPHOID_TISSUE,-4.971902387
RKN_SOFT_TISSUE,-5.555908575
PATU8988S_PANCREAS,5.144012309
NH6_AUTONOMIC_GANGLIA,-5.990732448
SF126_CENTRAL_NERVOUS_SYSTEM,-8.376110475
RERFLCAD2_LUNG,-0.404487085
OUMS23_LARGE_INTESTINE,2.761041478
SNGM_ENDOMETRIUM,-0.047790291
OUMS27_BONE,
PL45_PANCREAS,
NCIH2347_LUNG,3.663689475
SW1990_PANCREAS,-2.185131249
HS940T_SKIN,-8.067320623
HS611T_HAEMATOPOIETIC_AND_LYMPHOID_TISSUE,-5.740175578
TOLEDO_HAEMATOPOIETIC_AND_LYMPHOID_TISSUE,-5.669767762
RERFGC1B_STOMACH,0.61292079
HT1080_SOFT_TISSUE,-7.047013979
NCIH2087_LUNG,2.381242054
COV318_OVARY,-4.861631007
NCIH2085_LUNG,-4.410604184
NCIH510_LUNG,1.981098362
CAKI1_KIDNEY,-5.801431911
NCIH716_LARGE_INTESTINE,-5.648071515
NCIH2066_LUNG,-5.897398544
NCIH1341_LUNG,-4.358069429
NCIH2029_LUNG,-5.137976511
C3A_LIVER,
SW480_LARGE_INTESTINE,-4.271263397
HS746T_STOMACH,-6.334709629
LU65_LUNG,-5.748274321
HS739T_BREAST,-9.408191317
SNUC2A_LARGE_INTESTINE,1.726185619
HEC151_ENDOMETRIUM,-1.938361
MSTO211H_PLEURA,-6.441125185
RAJI_HAEMATOPOIETIC_AND_LYMPHOID_TISSUE,-4.751949388
SKMEL1_SKIN,-4.668733405
SUPT1_HAEMATOPOIETIC_AND_LYMPHOID_TISSUE,-4.328397388
JHH7_LIVER,-4.521868813
HUT102_HAEMATOPOIETIC_AND_LYMPHOID_TISSUE,-4.525970427
5637_URINARY_TRACT,-1.088006382
HCC38_BREAST,-1.770483348
DU4475_BREAST,-4.88307182
NCIH1573_LUNG,4.686334453
NCIH508_LARGE_INTESTINE,5.536612909
NCIH1651_LUNG,-5.29753115
SKUT1_SOFT_TISSUE,-4.983360183
MDAMB175VII_BREAST,4.679263274
SUPB15_HAEMATOPOIETIC_AND_LYMPHOID_TISSUE,-4.267342634
BECKER_CENTRAL_NERVOUS_SYSTEM,
NCIH226_LUNG,-5.905623296
NCIH1666_LUNG,3.813048484
SW1783_CENTRAL_NERVOUS_SYSTEM,-5.24706285
ISTMES1_PLEURA,-5.434322859
NCIH1734_LUNG,5.028739075
NCIH2342_LUNG,1.169694756
EBC1_LUNG,0.59476914
YMB1_BREAST,
OC316_OVARY,
HS936T_SKIN,-2.939209091
T173_BONE,-4.307383966
NCIH322_LUNG,1.786795968
HS618T_LUNG,-9.497078869
HS870T_BONE,-8.324645915
HS706T_BONE,-8.621118714
PANC1_PANCREAS,-5.747041706
NCIH2291_LUNG,2.909827453
T47D_BREAST,-2.740838621
HS742T_BREAST,-6.811840704
BICR56_UPPER_AERODIGESTIVE_TRACT,4.99237533
BICR16_UPPER_AERODIGESTIVE_TRACT,1.249328763
TE10_OESOPHAGUS,3.670614004
SKMEL28_SKIN,-3.211450122
BICR6_UPPER_AERODIGESTIVE_TRACT,2.556545112
BHY_UPPER_AERODIGESTIVE_TRACT,4.902323495
AZ521_STOMACH,
SH4_SKIN,-4.973332198
KPL1_BREAST,0.698583334
CGTHW1_THYROID,
TUHR4TKB_KIDNEY,-4.63692012
LS123_LARGE_INTESTINE,3.472401796
HEL_HAEMATOPOIETIC_AND_LYMPHOID_TISSUE,-3.140604364
HPAC_PANCREAS,3.13903745
RCC10RGB_KIDNEY,-5.655507404
JHOM1_OVARY,-5.344496354
SU8686_PANCREAS,4.559014671
HCC33_LUNG,1.97284704
TE6_OESOPHAGUS,2.063703817
JHOC5_OVARY,-5.426163657
ACCMESO1_PLEURA,-5.949800436
BL41_HAEMATOPOIETIC_AND_LYMPHOID_TISSUE,-4.006332434
SNU1214_UPPER_AERODIGESTIVE_TRACT,3.044985868
CORL105_LUNG,-5.127631067
LMSU_STOMACH,-6.228978689
SNU1197_LARGE_INTESTINE,4.892845535
COLO668_LUNG,0.452472767
OSRC2_KIDNEY,-5.437218397
HUH6_LIVER,-5.786601008
PANC0203_PANCREAS,1.705683216
CJM_SKIN,1.767838223
BICR22_UPPER_AERODIGESTIVE_TRACT,4.130220342
SHSY5Y_AUTONOMIC_GANGLIA,
TM31_CENTRAL_NERVOUS_SYSTEM,-5.207764748
SNU1272_KIDNEY,-5.091114959
KPNRTBM1_AUTONOMIC_GANGLIA,-5.450146722
BICR18_UPPER_AERODIGESTIVE_TRACT,4.443019024
TE4_OESOPHAGUS,2.476863482
PCM6_HAEMATOPOIETIC_AND_LYMPHOID_TISSUE,
ECC10_STOMACH,-4.534804172
TUHR14TKB_KIDNEY,-3.802660905
YD15_SALIVARY_GLAND,1.910606868
UBLC1_URINARY_TRACT,3.271653374
ECGI10_OESOPHAGUS,1.219935991
CW2_LARGE_INTESTINE,4.224667235
SNU761_LIVER,-4.187813683
SNU61_LARGE_INTESTINE,4.674755194
NCIH1915_LUNG,-4.672751092
SNU324_PANCREAS,-4.495969542
YD10B_UPPER_AERODIGESTIVE_TRACT,0.70585699
HCC2279_LUNG,-7.326277615
HLC1_LUNG,
TUHR10TKB_KIDNEY,-5.504114361
HEC1B_ENDOMETRIUM,-4.132049878
VMRCLCP_LUNG,
TGBC11TKB_STOMACH,1.642684801
OVK18_OVARY,-5.250324491
SNU1077_ENDOMETRIUM,4.627726791
HCC1588_LUNG,5.347923954
SNU213_PANCREAS,6.614691087
HT115_LARGE_INTESTINE,3.77472162
TE14_OESOPHAGUS,5.819268318
TE8_OESOPHAGUS,-1.796060454
SNU520_STOMACH,5.730098071
JHUEM3_ENDOMETRIUM,5.783965092
LI7_LIVER,-6.610281757
NCIH838_LUNG,-6.036614128
SNU119_OVARY,5.733789399
SNU1033_LARGE_INTESTINE,4.430462506
SNUC5_LARGE_INTESTINE,0.337698659
GSS_STOMACH,-5.069845875
TALL1_HAEMATOPOIETIC_AND_LYMPHOID_TISSUE,-4.02308833
HCC1171_LUNG,-0.570908222
SNUC4_LARGE_INTESTINE,3.580333335
U138MG_CENTRAL_NERVOUS_SYSTEM,
SNU620_STOMACH,5.852399016
ECC12_STOMACH,-4.219519705
GSU_STOMACH,5.169894579
KMS18_HAEMATOPOIETIC_AND_LYMPHOID_TISSUE,-5.255060972
JHOM2B_OVARY,5.77462642
MDAMB231_BREAST,-5.3566021
OV90_OVARY,2.842543994
RS411_HAEMATOPOIETIC_AND_LYMPHOID_TISSUE,-5.657149597
OVTOKO_OVARY,-5.512456661
OVCAR4_OVARY,2.162019236
HLF_LIVER,-5.797431634
HCT15_LARGE_INTESTINE,-1.940377784
SW1463_LARGE_INTESTINE,4.988292546
SF295_CENTRAL_NERVOUS_SYSTEM,-5.516863243
WM115_SKIN,-5.195264933
JHH4_LIVER,-8.306945726
OE33_OESOPHAGUS,3.976972571
CCK81_LARGE_INTESTINE,2.272564009
JHH1_LIVER,6.161112964
SJSA1_BONE,-5.709544179
NCIH2228_LUNG,-1.148512956
RERFLCAI_LUNG,-4.009966863
SKMES1_LUNG,-5.037909774
NCIH520_LUNG,-0.477424096
JHH5_LIVER,-5.224053009
FU97_STOMACH,-5.438600985
COLO800_SKIN,-5.89052687
NCIH1963_LUNG,-2.000755718
RL952_ENDOMETRIUM,2.295265314
J82_URINARY_TRACT,-7.419956899
HCC15_LUNG,-6.513020907
M059K_CENTRAL_NERVOUS_SYSTEM,-6.443236819
CALU6_LUNG,-5.17837207
SKLU1_LUNG,-3.685124167
SW900_LUNG,-2.067350806
UACC62_SKIN,-5.027279408
MFE280_ENDOMETRIUM,1.881239828
MFE319_ENDOMETRIUM,0.622789595
MFE296_ENDOMETRIUM,-7.063347056
GOS3_CENTRAL_NERVOUS_SYSTEM,-5.393239786
GI1_CENTRAL_NERVOUS_SYSTEM,-5.41302533
PC14_LUNG,2.705377796
KYSE410_OESOPHAGUS,3.47052694
A204_SOFT_TISSUE,-4.294738652
PATU8902_PANCREAS,2.289371229
NCIH810_LUNG,-5.858622348
RERFLCMS_LUNG,-5.821756112
L1236_HAEMATOPOIETIC_AND_LYMPHOID_TISSUE,-4.94925556
DANG_PANCREAS,4.540868245
NCIH460_LUNG,-6.164943546
KYSE140_OESOPHAGUS,4.042661662
KYSE180_OESOPHAGUS,-1.192340062
HUPT3_PANCREAS,2.513780597
EFE184_ENDOMETRIUM,-1.782617474
GCIY_STOMACH,-4.236882176
SH10TC_STOMACH,-5.328393501
CAOV4_OVARY,0.556462319
HCC2218_BREAST,-1.802879916
KMS21BM_HAEMATOPOIETIC_AND_LYMPHOID_TISSUE,-4.156446259
KMS26_HAEMATOPOIETIC_AND_LYMPHOID_TISSUE,-5.820396099
KMS27_HAEMATOPOIETIC_AND_LYMPHOID_TISSUE,-6.485243093
KO52_HAEMATOPOIETIC_AND_LYMPHOID_TISSUE,-6.177414874
KMS28BM_HAEMATOPOIETIC_AND_LYMPHOID_TISSUE,-7.252904571
KNS60_CENTRAL_NERVOUS_SYSTEM,-3.768757135
KNS81_CENTRAL_NERVOUS_SYSTEM,-5.828124124
KPNSI9S_AUTONOMIC_GANGLIA,-6.725420226
LU99_LUNG,-6.296157454
KMS34_HAEMATOPOIETIC_AND_LYMPHOID_TISSUE,-5.530006005
MKN1_STOMACH,-5.249176293
MKN74_STOMACH,3.388308889
KP3_PANCREAS,-6.13360425
NCO2_HAEMATOPOIETIC_AND_LYMPHOID_TISSUE,1.0407153
KHM1B_HAEMATOPOIETIC_AND_LYMPHOID_TISSUE,-6.049017906
HSC2_UPPER_AERODIGESTIVE_TRACT,3.397846947
KG1C_CENTRAL_NERVOUS_SYSTEM,-5.359996187
HUH7_LIVER,-6.034550364
KMBC2_URINARY_TRACT,6.119319692
KMRC20_KIDNEY,-4.167822037
HUCCT1_BILIARY_TRACT,2.889263126
KIJK_HAEMATOPOIETIC_AND_LYMPHOID_TISSUE,-7.248771012
A4FUK_HAEMATOPOIETIC_AND_LYMPHOID_TISSUE,-4.544573564
KALS1_CENTRAL_NERVOUS_SYSTEM,-6.445989009
HEC108_ENDOMETRIUM,-2.877621591
HEL9217_HAEMATOPOIETIC_AND_LYMPHOID_TISSUE,-1.125294003
HUH28_BILIARY_TRACT,-5.820669913
CMK115_HAEMATOPOIETIC_AND_LYMPHOID_TISSUE,
HEC265_ENDOMETRIUM,0.566452438
CAL12T_LUNG,-2.044479565
THP1_HAEMATOPOIETIC_AND_LYMPHOID_TISSUE,-6.110042974
A3KAW_HAEMATOPOIETIC_AND_LYMPHOID_TISSUE,-6.414666294
SKNSH_AUTONOMIC_GANGLIA,-6.1473162
HCC1954_BREAST,3.952227397
CAMA1_BREAST,-5.275938775
HEC6_ENDOMETRIUM,-7.360203906
AM38_CENTRAL_NERVOUS_SYSTEM,-6.436399418
HEC50B_ENDOMETRIUM,-6.769079058
HSC3_UPPER_AERODIGESTIVE_TRACT,-0.745768902
HSC4_UPPER_AERODIGESTIVE_TRACT,3.086115163
KMS11_HAEMATOPOIETIC_AND_LYMPHOID_TISSUE,-5.880375712
KP4_PANCREAS,-5.234299108
KE39_STOMACH,4.641314332
COV504_OVARY,
KE97_HAEMATOPOIETIC_AND_LYMPHOID_TISSUE,-3.483026451
VMRCRCW_KIDNEY,-3.364231627
HGC27_STOMACH,-6.363790604
LUDLU1_LUNG,4.236988164
HUG1N_STOMACH,4.35060135
U266B1_HAEMATOPOIETIC_AND_LYMPHOID_TISSUE,-2.89167065
NUGC4_STOMACH,3.135030202
BGC823_STOMACH,
HMC18_BREAST,-7.132063354
CAS1_CENTRAL_NERVOUS_SYSTEM,-5.428470925
KMM1_HAEMATOPOIETIC_AND_LYMPHOID_TISSUE,-6.814857642
CORL23_LUNG,1.991475915
MORCPR_LUNG,4.292489588
HARA_LUNG,-1.432314612
SKOV3_OVARY,1.459496908
HPAFII_PANCREAS,6.51170573
MC116_HAEMATOPOIETIC_AND_LYMPHOID_TISSUE,-6.352182151
NCIH1568_LUNG,-2.142023844
CA46_HAEMATOPOIETIC_AND_LYMPHOID_TISSUE,-2.120830538
A498_KIDNEY,-5.839583656
BCP1_HAEMATOPOIETIC_AND_LYMPHOID_TISSUE,-5.370760013
A673_BONE,-6.018494297
AU565_BREAST,2.656306033
COLO201_LARGE_INTESTINE,5.658331137
CAPAN1_PANCREAS,5.043733054
NCIH1563_LUNG,-5.749504809
NCIH358_LUNG,4.353660927
CFPAC1_PANCREAS,5.075815009
NIHOVCAR3_OVARY,2.468574577
NCIH1650_LUNG,-1.550618827
NCIH1793_LUNG,-5.098735801
NCIH1437_LUNG,0.684938092
KNS62_LUNG,5.036530653
HS578T_BREAST,-9.438871041
BT20_BREAST,3.628162156
SNU182_LIVER,-4.857354115
SKNMC_BONE,-5.496341771
HH_HAEMATOPOIETIC_AND_LYMPHOID_TISSUE,-6.952721459
FADU_UPPER_AERODIGESTIVE_TRACT,1.629073526
SJRH30_SOFT_TISSUE,
MDAMB361_BREAST,2.399143211
MDAMB436_BREAST,-6.989043932
PANC0213_PANCREAS,5.013576039
DB_HAEMATOPOIETIC_AND_LYMPHOID_TISSUE,-6.803258313
RDES_BONE,-4.867361272
CAL27_UPPER_AERODIGESTIVE_TRACT,3.544448741
MESSA_SOFT_TISSUE,-6.316302968
SW1271_LUNG,-5.696238479
NCIH1792_LUNG,-5.609605215
GCT_SOFT_TISSUE,-4.941383106
SKBR3_BREAST,3.141277542
SNU16_STOMACH,4.545100576
NCIH82_LUNG,-13
NCIN87_STOMACH,5.611451948
U2OS_BONE,-7.168111671
H4_CENTRAL_NERVOUS_SYSTEM,-4.864555921
GDM1_HAEMATOPOIETIC_AND_LYMPHOID_TISSUE,-5.184993797
HCC1143_BREAST,-0.862458453
T24_URINARY_TRACT,-5.186595832
G401_SOFT_TISSUE,-6.140376213
HCC1937_BREAST,2.991158768
HCC1569_BREAST,-1.98268472
OCUM1_STOMACH,5.650265333
SAOS2_BONE,-4.933629586
D283MED_CENTRAL_NERVOUS_SYSTEM,-5.02495787
SCC9_UPPER_AERODIGESTIVE_TRACT,1.171942895
HCC1395_BREAST,-4.663764645
NMCG1_CENTRAL_NERVOUS_SYSTEM,-7.2359033
TEN_ENDOMETRIUM,5.186866707
HS604T_HAEMATOPOIETIC_AND_LYMPHOID_TISSUE,
TE9_OESOPHAGUS,3.609041068
KNS42_CENTRAL_NERVOUS_SYSTEM,-7.625844043
KYSE520_OESOPHAGUS,0.400329378
KYSE270_OESOPHAGUS,-3.81103001
JHUEM1_ENDOMETRIUM,3.753658896
YH13_CENTRAL_NERVOUS_SYSTEM,-2.209966766
IALM_LUNG,-5.041985273
NCIH2052_PLEURA,-7.072667535
EB2_HAEMATOPOIETIC_AND_LYMPHOID_TISSUE,
SKNFI_AUTONOMIC_GANGLIA,-4.462888265
SKNAS_AUTONOMIC_GANGLIA,-5.352276993
GA10_HAEMATOPOIETIC_AND_LYMPHOID_TISSUE,-5.693473627
SNU398_LIVER,-4.836466712
SNU423_LIVER,-5.674922422
SCC4_UPPER_AERODIGESTIVE_TRACT,1.723927116
EB1_HAEMATOPOIETIC_AND_LYMPHOID_TISSUE,-3.834989681
HCC1187_BREAST,-3.163111919
SNU387_LIVER,-5.355269578
DAUDI_HAEMATOPOIETIC_AND_LYMPHOID_TISSUE,-3.797080312
HT_HAEMATOPOIETIC_AND_LYMPHOID_TISSUE,-6.415490343
MJ_HAEMATOPOIETIC_AND_LYMPHOID_TISSUE,-4.591662743
JM1_HAEMATOPOIETIC_AND_LYMPHOID_TISSUE,-6.372780855
C2BBE1_LARGE_INTESTINE,3.69341815
SKES1_BONE,-5.166823063
EPLC272H_LUNG,-0.393915414
BXPC3_PANCREAS,6.019647225
NCIH1355_LUNG,-5.298105566
SNU5_STOMACH,-3.249629942
SNU475_LIVER,-5.67429571
HEC251_ENDOMETRIUM,5.115384397
HCC95_LUNG,2.055847897
253J_URINARY_TRACT,-4.87280477
HCC1438_LUNG,-6.927805558
253JBV_URINARY_TRACT,-5.342263962
RPMI7951_SKIN,-4.560007849
SNU1066_UPPER_AERODIGESTIVE_TRACT,5.867623754
SNU1041_UPPER_AERODIGESTIVE_TRACT,5.583874472
HCC2108_LUNG,-7.923994574
COLO783_SKIN,-4.615881592
HCC1359_LUNG,-5.432825263
BICR31_UPPER_AERODIGESTIVE_TRACT,3.377056525
COV362_OVARY,-3.653443119
COLO792_SKIN,-6.16637831
COV434_OVARY,-5.866646408
WM983B_SKIN,-4.055493281
HS751T_HAEMATOPOIETIC_AND_LYMPHOID_TISSUE,-5.800968893
LS513_LARGE_INTESTINE,5.064757893
NCIH2110_LUNG,-4.090532335
CHAGOK1_LUNG,-0.906136305
DMS454_LUNG,-0.219504286
CORL47_LUNG,-2.135990827
FTC238_THYROID,-5.391168338
DMS273_LUNG,-6.086289811
FTC133_THYROID,-4.837988142
CORL311_LUNG,-5.752686251
NCIH2286_LUNG,-6.569644823
NCIH1339_LUNG,-4.797107058
WM793_SKIN,-5.690091138
A704_KIDNEY,-5.790434934
MDAMB435S_SKIN,-5.922696921
WM1799_SKIN,-6.226232871
MEWO_SKIN,-6.455833942
WM88_SKIN,-3.487399613
NCIH2081_LUNG,-6.130989858
HS255T_LARGE_INTESTINE,-6.980439981
NCIH1092_LUNG,-6.338112653
SW837_LARGE_INTESTINE,4.781810125
JHH6_LIVER,-6.388818806
IGR1_SKIN,-5.879883649
NCIH1105_LUNG,-2.606675405
NCIH1436_LUNG,-2.684304793
NCIH1876_LUNG,-0.311342133
CORL24_LUNG,-1.584558914
COV644_OVARY,-4.035483562
GP2D_LARGE_INTESTINE,4.23020328
PECAPJ15_UPPER_AERODIGESTIVE_TRACT,4.42581417
CORL88_LUNG,-1.589315234
CORL95_LUNG,-0.149626952
PECAPJ49_UPPER_AERODIGESTIVE_TRACT,1.242722594
PECAPJ34CLONEC12_UPPER_AERODIGESTIVE_TRACT,3.998203727
CORL51_LUNG,
RT11284_URINARY_TRACT,
PECAPJ41CLONED2_UPPER_AERODIGESTIVE_TRACT,1.499454938
OV7_OVARY,-5.494111052
HT55_LARGE_INTESTINE,5.246977712
OAW42_OVARY,-0.027926459
MDST8_LARGE_INTESTINE,-5.359692941
OAW28_OVARY,3.583253013
SUIT2_PANCREAS,-3.04944348
LC1SQSF_LUNG,
KASUMI1_HAEMATOPOIETIC_AND_LYMPHOID_TISSUE,-4.881918988
SUPM2_HAEMATOPOIETIC_AND_LYMPHOID_TISSUE,-5.717579494
SKHEP1_LIVER,-5.104259988
OVCAR8_OVARY,-7.541144357
NCIH2172_LUNG,-4.710881256
ISHIKAWAHERAKLIO02ER_ENDOMETRIUM,0.746096537
NCIH596_LUNG,2.785144118
NCIH650_LUNG,-6.552062211
SW1573_LUNG,-2.82106364
OVMANA_OVARY,4.391836971
SKCO1_LARGE_INTESTINE,5.798586797
KARPAS299_HAEMATOPOIETIC_AND_LYMPHOID_TISSUE,-4.460208372
YAPC_PANCREAS,6.150659318
HT1197_URINARY_TRACT,-1.117300425
A253_SALIVARY_GLAND,2.148039576
HCC366_LUNG,-5.753997369
DKMG_CENTRAL_NERVOUS_SYSTEM,-5.45388094
SNU349_KIDNEY,-5.235465285
UMUC1_URINARY_TRACT,7.009290108
NAMALWA_HAEMATOPOIETIC_AND_LYMPHOID_TISSUE,-6.654348003
NCIH292_LUNG,1.424087588
59M_OVARY,-5.48568577
U118MG_CENTRAL_NERVOUS_SYSTEM,-5.89914777
VMRCLCD_LUNG,
HCC1833_LUNG,-6.141451787
RH30_SOFT_TISSUE,-5.290924919
TCCSUP_URINARY_TRACT,-5.631519516
SNU601_STOMACH,4.544464306
CAL33_UPPER_AERODIGESTIVE_TRACT,6.786205903
SNU668_STOMACH,-4.4761684
CORL279_LUNG,-1.106378229
GB1_CENTRAL_NERVOUS_SYSTEM,-5.604425858
KURAMOCHI_OVARY,-0.583800753
COLO775_HAEMATOPOIETIC_AND_LYMPHOID_TISSUE,
COLO684_ENDOMETRIUM,-3.983632565
KLM1_PANCREAS,
GRM_SKIN,
SNU685_ENDOMETRIUM,-4.494818414
CMK86_HAEMATOPOIETIC_AND_LYMPHOID_TISSUE,
SNU886_LIVER,-5.469529364
HCT8_LARGE_INTESTINE,
NCCSTCK140_STOMACH,0.410763296
NCIH3255_LUNG,3.20581517
SNU719_STOMACH,6.318315931
SNU489_CENTRAL_NERVOUS_SYSTEM,-4.880020694
SNU81_LARGE_INTESTINE,5.157752148
A2058_SKIN,-6.058338288
HTK_HAEMATOPOIETIC_AND_LYMPHOID_TISSUE,
SNU1040_LARGE_INTESTINE,2.589659603
SNU1076_UPPER_AERODIGESTIVE_TRACT,6.195667622
SNU175_LARGE_INTESTINE,-0.565461357
SNU407_LARGE_INTESTINE,3.422280267
SNU201_CENTRAL_NERVOUS_SYSTEM,-5.266738538
KMS20_HAEMATOPOIETIC_AND_LYMPHOID_TISSUE,-4.199239889
SNU216_STOMACH,-0.365705965
SNU1196_BILIARY_TRACT,3.301977976
SNU1079_BILIARY_TRACT,-4.914806848
HCC1195_LUNG,1.058609463
NCIH854_LUNG,6.57099003
SNU466_CENTRAL_NERVOUS_SYSTEM,-4.492687808
YD38_UPPER_AERODIGESTIVE_TRACT,-0.256471672
SNU1105_CENTRAL_NERVOUS_SYSTEM,-6.962785867
SNU283_LARGE_INTESTINE,4.779755118
SNU46_UPPER_AERODIGESTIVE_TRACT,-4.52290792
SNU308_BILIARY_TRACT,4.496691064
YD8_UPPER_AERODIGESTIVE_TRACT,-3.292269104
SNU245_BILIARY_TRACT,4.350820376
SNU478_BILIARY_TRACT,1.736414835
SNU410_PANCREAS,-5.539136321
SNU899_UPPER_AERODIGESTIVE_TRACT,5.913993713
SNU503_LARGE_INTESTINE,4.617881618
SET2_HAEMATOPOIETIC_AND_LYMPHOID_TISSUE,-2.694302401
SNU738_CENTRAL_NERVOUS_SYSTEM,-5.767728255
SNU626_CENTRAL_NERVOUS_SYSTEM,-4.84788385
SNU869_BILIARY_TRACT,5.258980301
SNU878_LIVER,-3.779207068
SNU840_OVARY,-1.426454507
SNU8_OVARY,-1.799175612
NCIH684_LIVER,5.493524563
IGR39_SKIN,-5.831765852
ALEXANDERCELLS_LIVER,
DAOY_CENTRAL_NERVOUS_SYSTEM,-8.370326327
HEP3B217_LIVER,-7.332590423
KYM1_SOFT_TISSUE,-7.094397877
LC1F_LUNG,4.290190024
HLE_LIVER,
CMK_HAEMATOPOIETIC_AND_LYMPHOID_TISSUE,-1.182955852
JMSU1_URINARY_TRACT,-6.348619563
IMR32_AUTONOMIC_GANGLIA,-6.385144154
SUDHL8_HAEMATOPOIETIC_AND_LYMPHOID_TISSUE,-5.237816796
T3M4_PANCREAS,4.890870051
COLO818_SKIN,
PK45H_PANCREAS,-4.813081622
HEC59_ENDOMETRIUM,3.730385137
CPCN_LUNG,
T3M10_LUNG,-2.934861658
NUGC2_STOMACH,3.079540936
PLCPRF5_LIVER,-5.964294749
KPNYN_AUTONOMIC_GANGLIA,-5.673674482
CCFSTTG1_CENTRAL_NERVOUS_SYSTEM,-5.407806468
NCIH929_HAEMATOPOIETIC_AND_LYMPHOID_TISSUE,-6.444542334
KMRC3_KIDNEY,-6.16892485
NCIH2023_LUNG,-3.621243574
DMS153_LUNG,0.933551003
NCIH1048_LUNG,-3.775503506
D341MED_CENTRAL_NERVOUS_SYSTEM,-5.056933913
NCIH660_PROSTATE,2.44388118
NCIH1618_LUNG,1.629717023
HS675T_LARGE_INTESTINE,-7.11617317
PEER_HAEMATOPOIETIC_AND_LYMPHOID_TISSUE,-4.813719032
SKM1_HAEMATOPOIETIC_AND_LYMPHOID_TISSUE,-4.34058382
HT144_SKIN,-6.011620592
SKMEL31_SKIN,-4.252954371
HS839T_SKIN,-8.326275351
HS939T_SKIN,-7.536970367
OCILY3_HAEMATOPOIETIC_AND_LYMPHOID_TISSUE,-4.205221844
HS819T_BONE,-6.134028821
NCIH69_LUNG,-1.073698213
DV90_LUNG,1.351463911
ZR751_BREAST,0.305679371
KG1_HAEMATOPOIETIC_AND_LYMPHOID_TISSUE,-6.110649224
SKNBE2_AUTONOMIC_GANGLIA,-5.83619802
HCC70_BREAST,4.25386436
NCIH2452_PLEURA,-7.962537836
SNU1_STOMACH,-5.524008363
LOUCY_HAEMATOPOIETIC_AND_LYMPHOID_TISSUE,-6.624053647
HCC56_LARGE_INTESTINE,4.754009945
NCIH1648_LUNG,5.857901952
TO175T_HAEMATOPOIETIC_AND_LYMPHOID_TISSUE,-4.290791843
GLC82_LUNG,
MPP89_PLEURA,-5.773817004
PANC0813_PANCREAS,6.37529681
MG63_BONE,-6.185662995
PK1_PANCREAS,5.029752285
HS840T_UPPER_AERODIGESTIVE_TRACT,-7.007374082
NCIH23_LUNG,-5.579798173
TE617T_SOFT_TISSUE,-5.704851297
SW1088_CENTRAL_NERVOUS_SYSTEM,-3.135747627
ISTMES2_PLEURA,-4.770507405
NCIH1373_LUNG,-2.355508852
NCIH1930_LUNG,-7.060940781
NCIH1623_LUNG,-4.097206201
HS229T_LUNG,-6.130451903
NCIH1838_LUNG,-3.336896032
NCIH1836_LUNG,2.526797939
HS688AT_SKIN,-8.523539926
PANC0504_PANCREAS,3.370662533
HS822T_BONE,-7.6103151
BL70_HAEMATOPOIETIC_AND_LYMPHOID_TISSUE,-6.594692696
CI1_HAEMATOPOIETIC_AND_LYMPHOID_TISSUE,-4.742841522
G292CLONEA141B1_BONE,-5.215932433
RCM1_LARGE_INTESTINE,5.015651038
HS737T_BONE,-7.110809207
HS616T_HAEMATOPOIETIC_AND_LYMPHOID_TISSUE,-6.970266752
HS600T_SKIN,-6.613176816
TE159T_SOFT_TISSUE,-6.90528778
A101D_SKIN,-7.448642946
NCIH1755_LUNG,-3.016918199
143B_BONE,
RERFLCKJ_LUNG,-0.861228865
NCIH1693_LUNG,-5.493469892
SW780_URINARY_TRACT,6.612652785
HS683_CENTRAL_NERVOUS_SYSTEM,-5.230513815
RKO_LARGE_INTESTINE,-5.10332364
HS729_SOFT_TISSUE,-6.835642065
JHOS2_OVARY,2.768932801
MCF7_BREAST,1.799955071
U937_HAEMATOPOIETIC_AND_LYMPHOID_TISSUE,-5.789380673
SKLMS1_SOFT_TISSUE,-6.460867937
HUTU80_SMALL_INTESTINE,-5.83726479
HCC202_BREAST,-4.535902509
MEG01_HAEMATOPOIETIC_AND_LYMPHOID_TISSUE,-0.489033543
REH_HAEMATOPOIETIC_AND_LYMPHOID_TISSUE,-5.570082259
ONS76_CENTRAL_NERVOUS_SYSTEM,-2.515984022
RPMI6666_HAEMATOPOIETIC_AND_LYMPHOID_TISSUE,
SNUC1_LARGE_INTESTINE,5.803157457
SKNDZ_AUTONOMIC_GANGLIA,-6.039000367
DMS114_LUNG,-7.288647581
TT_OESOPHAGUS,4.578240804
OCILY10_HAEMATOPOIETIC_AND_LYMPHOID_TISSUE,
ST486_HAEMATOPOIETIC_AND_LYMPHOID_TISSUE,-3.2868408
OC315_OVARY,
OC314_OVARY,-3.089573467
SW1353_BONE,-4.259045902
MDAMB157_BREAST,-13
LN18_CENTRAL_NERVOUS_SYSTEM,-6.23307515
769P_KIDNEY,-6.373293136
786O_KIDNEY,-6.317843147
CAOV3_OVARY,1.66914123
HEPG2_LIVER,-6.581821049
MOLT4_HAEMATOPOIETIC_AND_LYMPHOID_TISSUE,
NCIH524_LUNG,-8.138957406
NCIH209_LUNG,-0.092106567
MIAPACA2_PANCREAS,-4.732036631
MCAS_OVARY,1.081413545
SBC5_LUNG,-5.197986416
COLO829_SKIN,-5.0910731
VCAP_PROSTATE,0.285168656
COLO704_OVARY,
IPC298_SKIN,-5.230229435
CAPAN2_PANCREAS,5.665501174
EFM192A_BREAST,2.374167635
HS766T_PANCREAS,-6.04301348
EFO27_OVARY,-5.395010011
A2780_OVARY,-5.566467278
NCIH196_LUNG,-7.16631597
IGROV1_OVARY,2.052207991
NCIH889_LUNG,-6.100171253
NCIH211_LUNG,-7.528300478
HS571T_OVARY,
MDAPCA2B_PROSTATE,-5.433072413
SKMEL24_SKIN,-5.21307016
K029AX_SKIN,-8.102996944
HT1376_URINARY_TRACT,0.191709727
NCIH2171_LUNG,-2.939654353
PANC1005_PANCREAS,1.62831003
EVSAT_BREAST,
HS695T_SKIN,-7.411937577
CHL1_SKIN,
LOUNH91_LUNG,-6.360947501
LK2_LUNG,-1.258751522
TOV21G_OVARY,-0.564495941
SKMEL3_SKIN,-3.637901268
ASPC1_PANCREAS,0.593039201
OVSAHO_OVARY,2.154614796
NCIH441_LUNG,4.275530195
RERFLCSQ1_LUNG,-4.614816007
NCIH2030_LUNG,-6.595192354
HMCB_SKIN,-6.180776811
FUOV1_OVARY,-5.53566116
MALME3M_SKIN,-5.761127653
KMS12BM_HAEMATOPOIETIC_AND_LYMPHOID_TISSUE,-5.987173622
T98G_CENTRAL_NERVOUS_SYSTEM,-4.859783704
HL60_HAEMATOPOIETIC_AND_LYMPHOID_TISSUE,-5.070281611
DBTRG05MG_CENTRAL_NERVOUS_SYSTEM,-5.022855398
HEYA8_OVARY,-5.339475438
NCIH2122_LUNG,4.623499309
MELJUSO_SKIN,-5.831197679
SW620_LARGE_INTESTINE,-5.100985933
HCT116_LARGE_INTESTINE,-4.034738065
VMRCRCZ_KIDNEY,-5.081201714
DU145_PROSTATE,-2.236858869
MM1S_HAEMATOPOIETIC_AND_LYMPHOID_TISSUE,-5.9582
L33_PANCREAS,2.146057578
SKMEL2_SKIN,
A549_LUNG,-6.997683191
A172_CENTRAL_NERVOUS_SYSTEM,-5.074008746
NCIH1975_LUNG,-2.28473089
COLO679_SKIN,-6.190089617
KP2_PANCREAS,5.900637625
HUH1_LIVER,-6.588656727
MDAMB453_BREAST,-4.62102058
PANC0403_PANCREAS,5.287053013
TYKNU_OVARY,-6.768404817
OVISE_OVARY,5.532430125
EFM19_BREAST,1.841073843
MELHO_SKIN,-13
RL_HAEMATOPOIETIC_AND_LYMPHOID_TISSUE,-7.217446733
G361_SKIN,-6.216666401
NCIH647_LUNG,-1.990844551
GMS10_CENTRAL_NERVOUS_SYSTEM,-5.890119621
SEM_HAEMATOPOIETIC_AND_LYMPHOID_TISSUE,-4.871639655
HLFA_LUNG,-7.232179554
42MGBA_CENTRAL_NERVOUS_SYSTEM,-6.368139208
KCIMOH1_PANCREAS,
HCC44_LUNG,-7.197613406
KYSE70_OESOPHAGUS,4.670667378
1321N1_CENTRAL_NERVOUS_SYSTEM,
GAMG_CENTRAL_NERVOUS_SYSTEM,-5.511225756
NCIH522_LUNG,-5.681100877
EN_ENDOMETRIUM,-5.191986093
PK59_PANCREAS,3.411430042
SNB19_CENTRAL_NERVOUS_SYSTEM,
COLO741_SKIN,-5.045179361
HDMYZ_HAEMATOPOIETIC_AND_LYMPHOID_TISSUE,-6.720265595
NCIH661_LUNG,-5.481543736
LNCAPCLONEFGC_PROSTATE,-2.869271402
LS411N_LARGE_INTESTINE,3.773665328
HCC78_LUNG,2.80307486
YKG1_CENTRAL_NERVOUS_SYSTEM,-6.093217551
ESS1_ENDOMETRIUM,-5.065785341
U251MG_CENTRAL_NERVOUS_SYSTEM,-6.11445303
TE11_OESOPHAGUS,3.006913792
KS1_CENTRAL_NERVOUS_SYSTEM,-7.118917788
HEC1A_ENDOMETRIUM,3.444047558
TE1_OESOPHAGUS,-2.361237645
JHUEM2_ENDOMETRIUM,-8.161757256
MOGGUVW_CENTRAL_NERVOUS_SYSTEM,
RERFLCAD1_LUNG,2.493804032
TE5_OESOPHAGUS,5.232510517
KELLY_AUTONOMIC_GANGLIA,-5.305379831
NCIH1155_LUNG,-4.911819947
TE15_OESOPHAGUS,3.7053586
ABC1_LUNG,4.317984445
8MGBA_CENTRAL_NERVOUS_SYSTEM,-5.820547806
NCIH1703_LUNG,-5.246039922
AGS_STOMACH,2.719106557
QGP1_PANCREAS,-5.252072671
DETROIT562_UPPER_AERODIGESTIVE_TRACT,3.580497004
BT474_BREAST,-3.142411416
ACHN_KIDNEY,-5.185925224
LOVO_LARGE_INTESTINE,0.787428538
NCIH1581_LUNG,-6.665492102
SCABER_URINARY_TRACT,0.782166993
SKMEL30_SKIN,-6.696976139
OVKATE_OVARY,3.333424678
22RV1_PROSTATE,-1.791955907
C32_SKIN,-5.279118357
PANC0327_PANCREAS,1.680074349
RPMI8226_HAEMATOPOIETIC_AND_LYMPHOID_TISSUE,-3.876075011
DLD1_LARGE_INTESTINE,
ES2_OVARY,-5.91203449
NCIH1395_LUNG,-4.972556114
NCIH1781_LUNG,3.391072714
LS1034_LARGE_INTESTINE,4.262994047
G402_SOFT_TISSUE,-4.522907426
NCIH146_LUNG,-5.313700282
SW48_LARGE_INTESTINE,3.314627634
CHP212_AUTONOMIC_GANGLIA,-6.156540378
LS180_LARGE_INTESTINE,3.896138355
SW403_LARGE_INTESTINE,5.148416067
NCIH747_LARGE_INTESTINE,3.088231338
RT4_URINARY_TRACT,5.161975581
KATOIII_STOMACH,5.995688149
BDCM_HAEMATOPOIETIC_AND_LYMPHOID_TISSUE,-5.116249504
SW1417_LARGE_INTESTINE,5.790570929
SW948_LARGE_INTESTINE,5.853984233
HS606T_BREAST,-6.12743342
MDAMB415_BREAST,-2.677619043
DMS79_LUNG,1.8167167
NCIH2106_LUNG,-1.038595438
SW579_THYROID,-5.54855619
MDAMB468_BREAST,3.735183407
NCIH526_LUNG,0.537325651
TOV112D_OVARY,-6.855476024
BT549_BREAST,-4.916624232
NCIH2196_LUNG,-4.395073787
CAL851_BREAST,0.987271386
EFO21_OVARY,1.164349955
A375_SKIN,-6.42051061
HT29_LARGE_INTESTINE,3.331146159
NCIH446_LUNG,-5.590950965
HS294T_SKIN,-7.805969407
SKMEL5_SKIN,-5.89575255
HS944T_SKIN,-5.72563891
TCCPAN2_PANCREAS,-3.275829145
DOV13_OVARY,
RMGI_OVARY,5.436618656
PC3_PROSTATE,-6.77475181
K562_HAEMATOPOIETIC_AND_LYMPHOID_TISSUE,1.218475881
RT112_URINARY_TRACT,6.346282418
NUGC3_STOMACH,2.163650597
U87MG_CENTRAL_NERVOUS_SYSTEM,-5.607859878
CAKI2_KIDNEY,-6.405260355
OE19_OESOPHAGUS,6.111875112
KMRC2_KIDNEY,-3.990051476
JHH2_LIVER,-5.352158771
IM95_STOMACH,3.687071811
MV411_HAEMATOPOIETIC_AND_LYMPHOID_TISSUE,-5.731632336
WM2664_SKIN,-2.718639013
KMRC1_KIDNEY,-6.919805416
KM12_LARGE_INTESTINE,3.056466721
COLO849_SKIN,
T84_LARGE_INTESTINE,3.266497903
CALU1_LUNG,-6.744345236
LOXIMVI_SKIN,-6.316767516
NCIH2170_LUNG,4.760982211
SQ1_LUNG,-5.483727676
AN3CA_ENDOMETRIUM,-5.524825555
NCIH2444_LUNG,4.012716256
UACC257_SKIN,-6.806038566
KYSE510_OESOPHAGUS,1.99729605
MOLM13_HAEMATOPOIETIC_AND_LYMPHOID_TISSUE,-4.869802915
HUPT4_PANCREAS,5.471614815
MOGGCCM_CENTRAL_NERVOUS_SYSTEM,
KYSE30_OESOPHAGUS,2.778702506
KYSE150_OESOPHAGUS,2.747309981
PSN1_PANCREAS,-5.469620693
NCIH1299_LUNG,-6.609836949
PATU8988T_PANCREAS,-6.822141318
IGR37_SKIN,-6.961090888
LN443_CENTRAL_NERVOUS_SYSTEM,-8.313065674
SLR23_KIDNEY,-6.613193389
HMEL_BREAST,1.263082761
OELE_OVARY,-5.231042472
LN235_CENTRAL_NERVOUS_SYSTEM,-9.354689213
BJHTERT_SKIN,
LN428_CENTRAL_NERVOUS_SYSTEM,-7.367470994
SLR24_KIDNEY,-13
EWS502_BONE,-7.513408608
SALE_LUNG,0.488611843
HCC2814_LUNG,3.337248402
SKRC31_KIDNEY,
TIG3TD_LUNG,-7.356196094
TC32_BONE,
SF172_CENTRAL_NERVOUS_SYSTEM,-6.691763056
PRECLH_PROSTATE,-3.702147269
U343_CENTRAL_NERVOUS_SYSTEM,-13
RCC4_KIDNEY,
LN215_CENTRAL_NERVOUS_SYSTEM,-8.340941127
LN464_CENTRAL_NERVOUS_SYSTEM,-13
SLR25_KIDNEY,-13
U178_CENTRAL_NERVOUS_SYSTEM,-9.310904716
F5_CENTRAL_NERVOUS_SYSTEM,
HEKTE_KIDNEY,-8.341154398
SLR26_KIDNEY,-7.575555474
SKRC20_KIDNEY,-7.275492184
SF767_CENTRAL_NERVOUS_SYSTEM,3.975213429
A1207_CENTRAL_NERVOUS_SYSTEM,-7.975517367
LN319_CENTRAL_NERVOUS_SYSTEM,-9.235748775
HCC364_LUNG,-7.217137928
UMRC6_KIDNEY,
LN382_CENTRAL_NERVOUS_SYSTEM,-6.796301612
IOMMLEE_CENTRAL_NERVOUS_SYSTEM,-9.441921738
UMRC2_KIDNEY,
DFCI024_LUNG,
HCC1897_LUNG,
SLR21_KIDNEY,-4.783452908
LNZ308_CENTRAL_NERVOUS_SYSTEM,-6.630848522
LN340_CENTRAL_NERVOUS_SYSTEM,-5.68058118
HCC827GR5_LUNG,4.034708974
SLR20_KIDNEY,-6.365248873
HK2_KIDNEY,
EW8_BONE,-7.703361284
UOK101_KIDNEY,-7.071737274
JHESOAD1_OESOPHAGUS,2.759034497
CH157MN_CENTRAL_NERVOUS_SYSTEM,-9.347961203
MOLP2_HAEMATOPOIETIC_AND_LYMPHOID_TISSUE,-5.277766661
SCC25_UPPER_AERODIGESTIVE_TRACT,1.782860173
UT7_HAEMATOPOIETIC_AND_LYMPHOID_TISSUE,
MHHNB11_AUTONOMIC_GANGLIA,-4.839048084
HCC1806_BREAST,3.629825615
GRANTA519_HAEMATOPOIETIC_AND_LYMPHOID_TISSUE,-4.699741014
MONOMAC6_HAEMATOPOIETIC_AND_LYMPHOID_TISSUE,-6.083064711
MKN7_STOMACH,-0.73206934
SW1710_URINARY_TRACT,-5.055432516
MOLT13_HAEMATOPOIETIC_AND_LYMPHOID_TISSUE,-5.275023359
SR786_HAEMATOPOIETIC_AND_LYMPHOID_TISSUE,-3.440595134
SCC15_UPPER_AERODIGESTIVE_TRACT,2.924521313
RS5_PLEURA,-5.135734967
NCIH2126_LUNG,3.677634487
NCIH2141_LUNG,
NCIH1385_LUNG,-5.170471967
HCC827_LUNG,-3.181429817
RD_SOFT_TISSUE,-4.641353762
TT_THYROID,-4.828500955
TF1_HAEMATOPOIETIC_AND_LYMPHOID_TISSUE,-0.316047091
HS172T_URINARY_TRACT,-5.295831019
HS834T_SKIN,-6.580489423
TE125T_SOFT_TISSUE,-3.089765629
8305C_THYROID,-6.876427638
UACC812_BREAST,-2.208859076
ALLSIL_HAEMATOPOIETIC_AND_LYMPHOID_TISSUE,-7.293140003
KASUMI2_HAEMATOPOIETIC_AND_LYMPHOID_TISSUE,-5.69028899
DND41_HAEMATOPOIETIC_AND_LYMPHOID_TISSUE,-3.19657842
ME1_HAEMATOPOIETIC_AND_LYMPHOID_TISSUE,-6.157957978
DM3_PLEURA,-4.145619235
JEKO1_HAEMATOPOIETIC_AND_LYMPHOID_TISSUE,-3.867768579
JJN3_HAEMATOPOIETIC_AND_LYMPHOID_TISSUE,-4.427283238
NUDHL1_HAEMATOPOIETIC_AND_LYMPHOID_TISSUE,-5.149817265
CL14_LARGE_INTESTINE,2.893233381
KYO1_HAEMATOPOIETIC_AND_LYMPHOID_TISSUE,-2.096087547
JL1_PLEURA,-7.65173556
CAL148_BREAST,-3.018483061
NALM19_HAEMATOPOIETIC_AND_LYMPHOID_TISSUE,-5.781107195
HPBALL_HAEMATOPOIETIC_AND_LYMPHOID_TISSUE,-7.125044535
SUPT11_HAEMATOPOIETIC_AND_LYMPHOID_TISSUE,-4.249690057
CL40_LARGE_INTESTINE,5.609525956
MDAMB134VI_BREAST,-3.827639488
HCC1500_BREAST,-0.921114473
HCC1599_BREAST,-5.870392159
SUPHD1_HAEMATOPOIETIC_AND_LYMPHOID_TISSUE,
MOTN1_HAEMATOPOIETIC_AND_LYMPHOID_TISSUE,
OCIAML3_HAEMATOPOIETIC_AND_LYMPHOID_TISSUE,-4.814145641
SUDHL10_HAEMATOPOIETIC_AND_LYMPHOID_TISSUE,-5.133397576
SUDHL4_HAEMATOPOIETIC_AND_LYMPHOID_TISSUE,-4.830218248
RH41_SOFT_TISSUE,-4.995779191
OCILY19_HAEMATOPOIETIC_AND_LYMPHOID_TISSUE,-6.236852181
MOLM6_HAEMATOPOIETIC_AND_LYMPHOID_TISSUE,-0.758092474
SKMM2_HAEMATOPOIETIC_AND_LYMPHOID_TISSUE,-5.215704536
KASUMI6_HAEMATOPOIETIC_AND_LYMPHOID_TISSUE,-5.045760994
HS698T_LARGE_INTESTINE,-8.302771409
UACC893_BREAST,3.670511248
MINO_HAEMATOPOIETIC_AND_LYMPHOID_TISSUE,-5.258072855
CHP126_AUTONOMIC_GANGLIA,-4.790347185
COLO680N_OESOPHAGUS,2.399001833
COLO678_LARGE_INTESTINE,4.555343212
LAMA84_HAEMATOPOIETIC_AND_LYMPHOID_TISSUE,-0.836187734
CMLT1_HAEMATOPOIETIC_AND_LYMPHOID_TISSUE,-2.058595917
EHEB_HAEMATOPOIETIC_AND_LYMPHOID_TISSUE,-4.704174465
CAL54_KIDNEY,-5.159159373
BV173_HAEMATOPOIETIC_AND_LYMPHOID_TISSUE,-6.726742932
DOHH2_HAEMATOPOIETIC_AND_LYMPHOID_TISSUE,-5.619511984
EOL1_HAEMATOPOIETIC_AND_LYMPHOID_TISSUE,-5.581015443
NALM6_HAEMATOPOIETIC_AND_LYMPHOID_TISSUE,-6.475192411
VMCUB1_URINARY_TRACT,4.765429874
LP1_HAEMATOPOIETIC_AND_LYMPHOID_TISSUE,-5.37172435
LXF289_LUNG,-7.635270728
MONOMAC1_HAEMATOPOIETIC_AND_LYMPHOID_TISSUE,-4.9091691
PL21_HAEMATOPOIETIC_AND_LYMPHOID_TISSUE,-4.714664388
PF382_HAEMATOPOIETIC_AND_LYMPHOID_TISSUE,-4.287614063
NALM1_HAEMATOPOIETIC_AND_LYMPHOID_TISSUE,-5.499009121
OCIAML2_HAEMATOPOIETIC_AND_LYMPHOID_TISSUE,-4.759243745
MHHCALL3_HAEMATOPOIETIC_AND_LYMPHOID_TISSUE,-5.719995598
JURLMK1_HAEMATOPOIETIC_AND_LYMPHOID_TISSUE,-5.591915202
OCIAML5_HAEMATOPOIETIC_AND_LYMPHOID_TISSUE,-0.576974264
KE37_HAEMATOPOIETIC_AND_LYMPHOID_TISSUE,-5.832191708
JK1_HAEMATOPOIETIC_AND_LYMPHOID_TISSUE,1.32238137
RI1_HAEMATOPOIETIC_AND_LYMPHOID_TISSUE,2.446006862
KARPAS422_HAEMATOPOIETIC_AND_LYMPHOID_TISSUE,-6.690048546
L540_HAEMATOPOIETIC_AND_LYMPHOID_TISSUE,-4.367500281
CAL78_BONE,-3.973076439
HDQP1_BREAST,2.452399869
MHHCALL4_HAEMATOPOIETIC_AND_LYMPHOID_TISSUE,-5.385667135
MUTZ5_HAEMATOPOIETIC_AND_LYMPHOID_TISSUE,-5.462896325
ONCODG1_OVARY,1.577840577
HDLM2_HAEMATOPOIETIC_AND_LYMPHOID_TISSUE,-2.969035393
CAL29_URINARY_TRACT,3.0568115
KOPN8_HAEMATOPOIETIC_AND_LYMPHOID_TISSUE,-6.642108969
SCLC21H_LUNG,-4.736895169
CALU3_LUNG,3.38522679
NCIH1435_LUNG,4.391774707
NCIH2009_LUNG,0.90464932
NCIH1869_LUNG,1.56163954
HS852T_SKIN,-7.049323616
HCC1419_BREAST,4.280926486
BT483_BREAST,0.499739463
HS281T_BREAST,-6.294303708
HS934T_SKIN,-6.157811867
HCC4006_LUNG,-0.573579621
HCC1428_BREAST,-5.650192629
KU812_HAEMATOPOIETIC_AND_LYMPHOID_TISSUE,-0.752177056
SHP77_LUNG,-5.997443165
TE441T_SOFT_TISSUE,0.81546998
NB1_AUTONOMIC_GANGLIA,-6.266008021
HS274T_BREAST,-5.995578916
PFEIFFER_HAEMATOPOIETIC_AND_LYMPHOID_TISSUE,0.526767976
ZR7530_BREAST,-3.270500091
HS863T_BONE,-7.403267339
NCIH841_LUNG,-7.338096891
HS821T_BONE,-8.729753301
NCIH1944_LUNG,-4.630005096
NCIH2405_LUNG,-4.889394032
DEL_HAEMATOPOIETIC_AND_LYMPHOID_TISSUE,-4.018527831
BEN_LUNG,-4.054472576
COLO320_LARGE_INTESTINE,-5.048786087
RPMI8402_HAEMATOPOIETIC_AND_LYMPHOID_TISSUE,-5.243144626
SUDHL1_HAEMATOPOIETIC_AND_LYMPHOID_TISSUE,-1.738744504
P12ICHIKAWA_HAEMATOPOIETIC_AND_LYMPHOID_TISSUE,-5.016746025
BFTC905_URINARY_TRACT,2.773509594
BFTC909_KIDNEY,-5.849325499
MHHES1_BONE,-5.884877904
JVM3_HAEMATOPOIETIC_AND_LYMPHOID_TISSUE,-5.085049418
NOMO1_HAEMATOPOIETIC_AND_LYMPHOID_TISSUE,-6.53827814
NCIH727_LUNG,4.584295398
HS343T_BREAST,-13
HCC2935_LUNG,4.513661824
HS888T_BONE,-6.615941685
MKN45_STOMACH,5.774325199
8505C_THYROID,-5.133143685
KU1919_URINARY_TRACT,-2.167264187
KCL22_HAEMATOPOIETIC_AND_LYMPHOID_TISSUE,-6.339795141
CADOES1_BONE,-5.931721936
S117_SOFT_TISSUE,-3.350280374
EM2_HAEMATOPOIETIC_AND_LYMPHOID_TISSUE,-5.881184205
COLO677_HAEMATOPOIETIC_AND_LYMPHOID_TISSUE,
OPM2_HAEMATOPOIETIC_AND_LYMPHOID_TISSUE,-4.928629133
CAL62_THYROID,-6.469939138
LCLC103H_LUNG,-6.703025278
JURKAT_HAEMATOPOIETIC_AND_LYMPHOID_TISSUE,-5.259614769
697_HAEMATOPOIETIC_AND_LYMPHOID_TISSUE,-5.45340729
MHHCALL2_HAEMATOPOIETIC_AND_LYMPHOID_TISSUE,-6.219273021
M07E_HAEMATOPOIETIC_AND_LYMPHOID_TISSUE,-3.387882247
L428_HAEMATOPOIETIC_AND_LYMPHOID_TISSUE,-5.92962466
MOLT16_HAEMATOPOIETIC_AND_LYMPHOID_TISSUE,-5.858344666
NB4_HAEMATOPOIETIC_AND_LYMPHOID_TISSUE,-2.814476493
LCLC97TM1_LUNG,2.097948525
2313287_STOMACH,5.059036937
BHT101_THYROID,-4.814730127
JVM2_HAEMATOPOIETIC_AND_LYMPHOID_TISSUE,-5.211466052
CAL51_BREAST,-0.712787015
L363_HAEMATOPOIETIC_AND_LYMPHOID_TISSUE,-6.038856455
KMH2_HAEMATOPOIETIC_AND_LYMPHOID_TISSUE,-4.282367082
SIMA_AUTONOMIC_GANGLIA,-4.563376134
NUDUL1_HAEMATOPOIETIC_AND_LYMPHOID_TISSUE,-5.46801073
BC3C_URINARY_TRACT,-4.035958762
SUDHL6_HAEMATOPOIETIC_AND_LYMPHOID_TISSUE,-4.160677881
KARPAS620_HAEMATOPOIETIC_AND_LYMPHOID_TISSUE,-1.542933548
REC1_HAEMATOPOIETIC_AND_LYMPHOID_TISSUE,-4.417151453
OCIM1_HAEMATOPOIETIC_AND_LYMPHOID_TISSUE,0.328557835
MEC1_HAEMATOPOIETIC_AND_LYMPHOID_TISSUE,-4.113019301
SIGM5_HAEMATOPOIETIC_AND_LYMPHOID_TISSUE,-5.59995746
SUDHL5_HAEMATOPOIETIC_AND_LYMPHOID_TISSUE,-3.411236192
BCPAP_THYROID,-5.068840222
639V_URINARY_TRACT,-6.238975673
CL11_LARGE_INTESTINE,1.348272951
TT2609C02_THYROID,-4.126005038
MEC2_HAEMATOPOIETIC_AND_LYMPHOID_TISSUE,
CL34_LARGE_INTESTINE,4.584710581
RCHACV_HAEMATOPOIETIC_AND_LYMPHOID_TISSUE,-5.553486469
CAL120_BREAST,-4.968210471
647V_URINARY_TRACT,-3.878852902
RH18_SOFT_TISSUE,-4.78157083
MOLM16_HAEMATOPOIETIC_AND_LYMPHOID_TISSUE,-4.795689463
F36P_HAEMATOPOIETIC_AND_LYMPHOID_TISSUE,-4.866502945
EJM_HAEMATOPOIETIC_AND_LYMPHOID_TISSUE,-5.633446059
WSUDLCL2_HAEMATOPOIETIC_AND_LYMPHOID_TISSUE,-3.828865207
JIMT1_BREAST,-4.289350246
ML1_THYROID,-4.84787348
AMO1_HAEMATOPOIETIC_AND_LYMPHOID_TISSUE,-5.720927059
MOLP8_HAEMATOPOIETIC_AND_LYMPHOID_TISSUE,-5.274398462
COLO699_LUNG,
JHUEM7_ENDOMETRIUM,5.49608405
KP1NL_PANCREAS,
KP1N_PANCREAS,
M059J_CENTRAL_NERVOUS_SYSTEM,
MB157_BREAST,
OE21_OESOPHAGUS,0.687557229
SF8657_SKIN,
SNUC2B_LARGE_INTESTINE,
NCIH2073_LUNG,-1.459391966
HN_UPPER_AERODIGESTIVE_TRACT,
HRT18_LARGE_INTESTINE,
HCT116G9B_ENGINEERED,
HCT116PA_ENGINEERED,
HNT34_HAEMATOPOIETIC_AND_LYMPHOID_TISSUE,-6.092673139
MUTZ2_HAEMATOPOIETIC_AND_LYMPHOID_TISSUE,
PLB985_HAEMATOPOIETIC_AND_LYMPHOID_TISSUE,-4.282922309
SKNO1_HAEMATOPOIETIC_AND_LYMPHOID_TISSUE,-7.791558731
LC1_LUNG,
MOLT3_HAEMATOPOIETIC_AND_LYMPHOID_TISSUE,-4.822109999
HOP62_LUNG,-7.843875251
EKVX_LUNG,-6.796792115
OVCAR5_OVARY,
UO31_KIDNEY,-5.501754831
TK10_KIDNEY,
SF268_CENTRAL_NERVOUS_SYSTEM,-5.036647909
SF539_CENTRAL_NERVOUS_SYSTEM,-3.794952541
SNB75_CENTRAL_NERVOUS_SYSTEM,-4.694572642
HOP92_LUNG,-7.144563269
ACCS_URINARY_TRACT,
MUTZ3_HAEMATOPOIETIC_AND_LYMPHOID_TISSUE,-4.501157366
A427_LUNG,-13
BT12_SOFT_TISSUE,-7.133435117
C8166_HAEMATOPOIETIC_AND_LYMPHOID_TISSUE,-13
CACO2_LARGE_INTESTINE,3.200471508
HCC2429_LUNG,0.20932455
HCC2450_LUNG,-7.535598086
HCC461_LUNG,-5.974821904
HCC515_LUNG,-5.248637477
INA6_HAEMATOPOIETIC_AND_LYMPHOID_TISSUE,-7.237445309
KD_SOFT_TISSUE,-13
KPMRTRY_SOFT_TISSUE,-13
MON_SOFT_TISSUE,-13
NCIH2004RT_SOFT_TISSUE,-7.397874542
NCIH2077_LUNG,-8.280345889
NCIH2882_LUNG,-13
NCIH2887_LUNG,-6.908615785
NCIH1819_LUNG,-0.528741805
NCIH3122_LUNG,3.187570609
NHAHTDD_CENTRAL_NERVOUS_SYSTEM,-6.939446382
OCIMY5_HAEMATOPOIETIC_AND_LYMPHOID_TISSUE,-6.77294863
OCIMY7_HAEMATOPOIETIC_AND_LYMPHOID_TISSUE,-6.666237402
OPM1_HAEMATOPOIETIC_AND_LYMPHOID_TISSUE,-6.074992103
PC9_LUNG,1.457174192
SKNEP1_BONE,-13
SKPNDW_BONE,-13
STM9101_SOFT_TISSUE,-13
SIHA_CERVIX,-5.72838438
TM87_SOFT_TISSUE,-13
TTC709_SOFT_TISSUE,-6.78999699
TTC1240_SOFT_TISSUE,-13
TTC549_SOFT_TISSUE,-6.521277155
TTC642_SOFT_TISSUE,-13
BT16_SOFT_TISSUE,
CW9019_SOFT_TISSUE,
D384_CENTRAL_NERVOUS_SYSTEM,
D425_CENTRAL_NERVOUS_SYSTEM,
D458_CENTRAL_NERVOUS_SYSTEM,
D556_CENTRAL_NERVOUS_SYSTEM,
JR_SOFT_TISSUE,
MKL1_SKIN,
MKL2_SKIN,
PETA_SKIN,
SMSCTR_SOFT_TISSUE,
SUMB002_CENTRAL_NERVOUS_SYSTEM,
201T_LUNG,
451LU_NS,
A388_SKIN,
A431_SKIN,
ACN,
ALLPO_HAEMATOPOIETIC_AND_LYMPHOID_TISSUE,
ARH77_HAEMATOPOIETIC_AND_LYMPHOID_TISSUE,
ASH3_THYROID,
ATN1_HAEMATOPOIETIC_AND_LYMPHOID_TISSUE,
BALL1_HAEMATOPOIETIC_AND_LYMPHOID_TISSUE,
BB30HNC_UPPER_AERODIGESTIVE_TRACT,
BB49HNC_UPPER_AERODIGESTIVE_TRACT,
BB65RCC_KIDNEY,
BC1_HAEMATOPOIETIC_AND_LYMPHOID_TISSUE,
BC3_HAEMATOPOIETIC_AND_LYMPHOID_TISSUE,
BE13_HAEMATOPOIETIC_AND_LYMPHOID_TISSUE,
BE2M17_AUTONOMIC_GANGLIA,
BICR10_UPPER_AERODIGESTIVE_TRACT,
BICR78_UPPER_AERODIGESTIVE_TRACT,
BONNA12_HAEMATOPOIETIC_AND_LYMPHOID_TISSUE,
BPH1_PROSTATE,
C33A_CERVIX,
C4I_CERVIX,
CA922_UPPER_AERODIGESTIVE_TRACT,
CAL39_VULVA,
CAL72_BONE,
CAR1_LARGE_INTESTINE,
CASKI_CERVIX,
CCRFCEM_HAEMATOPOIETIC_AND_LYMPHOID_TISSUE,
CESS_HAEMATOPOIETIC_AND_LYMPHOID_TISSUE,
CHP134_AUTONOMIC_GANGLIA,
CHSA0011_BONE,
CHSA0108_BONE,
CHSA8926_BONE,
COLO824_BREAST,
CORL303_LUNG,
CORL321_PLEURA,
CORL32_LUNG,
CP50MELB_SKIN,
CP66MEL_SKIN,
CP67MEL_SKIN,
CROAP2_HAEMATOPOIETIC_AND_LYMPHOID_TISSUE,
CROAP3,
CS1_BONE,
CTB1_HAEMATOPOIETIC_AND_LYMPHOID_TISSUE,
CTV1_HAEMATOPOIETIC_AND_LYMPHOID_TISSUE,
D245MG_CENTRAL_NERVOUS_SYSTEM,
D247MG_CENTRAL_NERVOUS_SYSTEM,
D263MG_CENTRAL_NERVOUS_SYSTEM,
D336MG_CENTRAL_NERVOUS_SYSTEM,
D392MG_CENTRAL_NERVOUS_SYSTEM,
D423MG_CENTRAL_NERVOUS_SYSTEM,
D502MG_CENTRAL_NERVOUS_SYSTEM,
D542MG_CENTRAL_NERVOUS_SYSTEM,
D566MG_CENTRAL_NERVOUS_SYSTEM,
DG75_HAEMATOPOIETIC_AND_LYMPHOID_TISSUE,
DIFI_LARGE_INTESTINE,
DJM1_SKIN,
DOK_UPPER_AERODIGESTIVE_TRACT,
DOTC24510_CERVIX,
DSH1_URINARY_TRACT,
EB3_HAEMATOPOIETIC_AND_LYMPHOID_TISSUE,
EGI1_BILIARY_TRACT,
EMCBAC1_LUNG,
EMCBAC2_LUNG,
ES1_BONE,
ES3_BONE,
ES4_BONE,
ES5_BONE,
ES6_BONE,
ES7_BONE,
ES8_BONE,
ESO26_OESOPHAGUS,
ESO51_OESOPHAGUS,
ETK1_BILIARY_TRACT,
EW11_BONE,
EW12_BONE,
EW13_BONE,
EW16_BONE,
EW18_BONE,
EW1_BONE,
EW22_BONE,
EW24_BONE,
EW3_BONE,
EW7_BONE,
FARAGE_HAEMATOPOIETIC_AND_LYMPHOID_TISSUE,
FLO1_OESOPHAGUS,
GAK_SKIN,
GEO_LARGE_INTESTINE,
GIMEN_AUTONOMIC_GANGLIA,
GMEL_SKIN,
GOTO_AUTONOMIC_GANGLIA,
GP5D_LARGE_INTESTINE,
GRST_HAEMATOPOIETIC_AND_LYMPHOID_TISSUE,
GT3TKB_STOMACH,
H2369_PLEURA,
NCIH2595_PLEURA,
NCIH2722_PLEURA,
NCIH2731_PLEURA,
NCIH2795_PLEURA,
NCIH2803_PLEURA,
NCIH2804_PLEURA,
NCIH2810_PLEURA,
NCIH2818_PLEURA,
NCIH2869_PLEURA,
H290_PLEURA,
H3118_UPPER_AERODIGESTIVE_TRACT,
H9_HAEMATOPOIETIC_AND_LYMPHOID_TISSUE,
HA7RCC_KIDNEY,
HAL01_HAEMATOPOIETIC_AND_LYMPHOID_TISSUE,
HC1_HAEMATOPOIETIC_AND_LYMPHOID_TISSUE,
HCC2998_LARGE_INTESTINE,
HCE4_OESOPHAGUS,
HEC1_ENDOMETRIUM,
HELA_CERVIX,-7.152477117
HEMCSS_BONE,
HEY_OVARY,
HMVII_SKIN,
HO1N1_UPPER_AERODIGESTIVE_TRACT,
HO1U1_UPPER_AERODIGESTIVE_TRACT,
HS445_HAEMATOPOIETIC_AND_LYMPHOID_TISSUE,
HSC39_STOMACH,
HT3_CERVIX,
HTCC3_THYROID,
HUH6CLONE5,
HUO3N1_BONE,
HUO9_BONE,
IHH4_THYROID,
IM9_HAEMATOPOIETIC_AND_LYMPHOID_TISSUE,
IMR5_AUTONOMIC_GANGLIA,
ISTMEL1_SKIN,
ISTSL1_LUNG,
ISTSL2_LUNG,
JAR_PLACENTA,
JEG3_PLACENTA,
JHOS3_OVARY,
JHU011_UPPER_AERODIGESTIVE_TRACT,
JHU022_UPPER_AERODIGESTIVE_TRACT,
JHU029_UPPER_AERODIGESTIVE_TRACT,
JIYOYEP2003_HAEMATOPOIETIC_AND_LYMPHOID_TISSUE,
JSC1_HAEMATOPOIETIC_AND_LYMPHOID_TISSUE,
K2_SKIN,
K5_THYROID,
KARPAS1106P_HAEMATOPOIETIC_AND_LYMPHOID_TISSUE,
KARPAS231_HAEMATOPOIETIC_AND_LYMPHOID_TISSUE,
KARPAS45_HAEMATOPOIETIC_AND_LYMPHOID_TISSUE,
KGN_OVARY,
KINGS1_CENTRAL_NERVOUS_SYSTEM,
KMH2_THYROID,
KMOE2_HAEMATOPOIETIC_AND_LYMPHOID_TISSUE,
KNS81FD_CENTRAL_NERVOUS_SYSTEM,
KON_UPPER_AERODIGESTIVE_TRACT,
KOSC2_UPPER_AERODIGESTIVE_TRACT,
KPNYS_AUTONOMIC_GANGLIA,
KY821_HAEMATOPOIETIC_AND_LYMPHOID_TISSUE,
KYAE1_OESOPHAGUS,
KYSE220_OESOPHAGUS,
KYSE50_OESOPHAGUS,
LAN6_AUTONOMIC_GANGLIA,
LB1047RCC_KIDNEY,
LB2241RCC_KIDNEY,
LB2518MEL_SKIN,
LB373MELD_SKIN,
LB647SCLC_LUNG,
LB771HNC_UPPER_AERODIGESTIVE_TRACT,
LB831BLC_URINARY_TRACT,
LB996RCC_KIDNEY,
LC2AD_LUNG,
LC41_HAEMATOPOIETIC_AND_LYMPHOID_TISSUE,
LIM1215_LARGE_INTESTINE,
LN405_CENTRAL_NERVOUS_SYSTEM,
LNZTA3WT4_CENTRAL_NERVOUS_SYSTEM,
LU134A_LUNG,
LU135_LUNG,
LU139_LUNG,
LU165_LUNG,
M14_SKIN,
MC1010_HAEMATOPOIETIC_AND_LYMPHOID_TISSUE,
MCC13_SKIN,
MCC26_SKIN,
MCCAR_HAEMATOPOIETIC_AND_LYMPHOID_TISSUE,
MCIXC_AUTONOMIC_GANGLIA,
MDAMB330_BREAST,
ME180_CERVIX,
MFHINO_SOFT_TISSUE,
MFM223_BREAST,
MHHPREB1_HAEMATOPOIETIC_AND_LYMPHOID_TISSUE,
MKN28_STOMACH,
ML2_HAEMATOPOIETIC_AND_LYMPHOID_TISSUE,
MLMA_HAEMATOPOIETIC_AND_LYMPHOID_TISSUE,
MMACSF_SKIN,
MN60_HAEMATOPOIETIC_AND_LYMPHOID_TISSUE,
MOT_HAEMATOPOIETIC_AND_LYMPHOID_TISSUE,
MRKNU1_BREAST,
MS1_LUNG,
MS751_CERVIX,
MYM12_HAEMATOPOIETIC_AND_LYMPHOID_TISSUE,
MZ1PC_PANCREAS,
MZ2MEL_SKIN,
MZ7MEL_SKIN,
NB10_AUTONOMIC_GANGLIA,
NB12_AUTONOMIC_GANGLIA,
NB13_AUTONOMIC_GANGLIA,
NB14_AUTONOMIC_GANGLIA,
NB17_AUTONOMIC_GANGLIA,
NB5_AUTONOMIC_GANGLIA,
NB69_AUTONOMIC_GANGLIA,
NB6_AUTONOMIC_GANGLIA,
NB7_AUTONOMIC_GANGLIA,
NBSUSSR_AUTONOMIC_GANGLIA,
NBTU110_AUTONOMIC_GANGLIA,
NCC010_KIDNEY,
NCC021_KIDNEY,
NCCIT_TESTIS,
NCIH128_LUNG,
NCIH1304_LUNG,
NCIH1417_LUNG,
NCIH1688_LUNG,
NCIH1770_LUNG,
NCIH187_LUNG,
NCIH1993_LUNG,
NCIH2135_LUNG,
NCIH2373_PLEURA,
NCIH2461_PLEURA,
NCIH250_LUNG,
NCIH2591_PLEURA,
NCIH345_LUNG,
NCIH378_LUNG,
NCIH513_PLEURA,
NCIH630_LARGE_INTESTINE,
NCIH64_LUNG,
NCIH720_LUNG,
NCIH740_LUNG,
NCIH748_LUNG,
NCIH820_LUNG,
NCIH835_LUNG,
NCIH847_LUNG,
NEC8_TESTIS,
NH12_AUTONOMIC_GANGLIA,
NK92MI_HAEMATOPOIETIC_AND_LYMPHOID_TISSUE,
NKM1_HAEMATOPOIETIC_AND_LYMPHOID_TISSUE,
NO10_CENTRAL_NERVOUS_SYSTEM,
NO11_CENTRAL_NERVOUS_SYSTEM,
NOS1_BONE,
NTERA2CLD1_TESTIS,
NY_BONE,
OACM51_OESOPHAGUS,
OACP4C_OESOPHAGUS,
OCILY7_HAEMATOPOIETIC_AND_LYMPHOID_TISSUE,
OCUBM_BREAST,
OMC1_CERVIX,
OSC19_UPPER_AERODIGESTIVE_TRACT,
OSC20_UPPER_AERODIGESTIVE_TRACT,
OV17R_OVARY,
OVCA420_OVARY,
OVCA433_OVARY,
OVMIU_OVARY,
P30OHK_HAEMATOPOIETIC_AND_LYMPHOID_TISSUE,
P32ISH_HAEMATOPOIETIC_AND_LYMPHOID_TISSUE,
PA1_OVARY,
PC3JPC3_LUNG,
PCI15A_UPPER_AERODIGESTIVE_TRACT,
PCI30_UPPER_AERODIGESTIVE_TRACT,
PCI38_UPPER_AERODIGESTIVE_TRACT,
PCI4B_UPPER_AERODIGESTIVE_TRACT,
PCI6A_UPPER_AERODIGESTIVE_TRACT,
PEO1_OVARY,
PFSK1_CENTRAL_NERVOUS_SYSTEM,
PL18_PANCREAS,
PL4_PANCREAS,
PWR1E_PROSTATE,
QIMRWIL_HAEMATOPOIETIC_AND_LYMPHOID_TISSUE,
RAMOS2G64C10_HAEMATOPOIETIC_AND_LYMPHOID_TISSUE,
RCCAB_KIDNEY,
RCCER_KIDNEY,
RCCFG2_KIDNEY,
RCCJF_KIDNEY,
RCCJW_KIDNEY,
RCCMF_KIDNEY,
RCK8_HAEMATOPOIETIC_AND_LYMPHOID_TISSUE,
RERFLCFM_LUNG,
RF48_STOMACH,
RH1_SOFT_TISSUE,
RO82W1_THYROID,
ROS50_HAEMATOPOIETIC_AND_LYMPHOID_TISSUE,
RPMI2650_UPPER_AERODIGESTIVE_TRACT,
RPMI8866_HAEMATOPOIETIC_AND_LYMPHOID_TISSUE,
RXF393_KIDNEY,
SARC9371_BONE,
SAS_UPPER_AERODIGESTIVE_TRACT,
SAT_UPPER_AERODIGESTIVE_TRACT,
SBC1_LUNG,
SBC3_LUNG,
SC1_HAEMATOPOIETIC_AND_LYMPHOID_TISSUE,
SCC3_HAEMATOPOIETIC_AND_LYMPHOID_TISSUE,
SCC90_UPPER_AERODIGESTIVE_TRACT,
SCH_STOMACH,
SISO_CERVIX,
SKGIIIA_CERVIX,
SKGT2_STOMACH,
SKGT4_OESOPHAGUS,
SKMG1_CENTRAL_NERVOUS_SYSTEM,
SKN3_UPPER_AERODIGESTIVE_TRACT,
SKN_URINARY_TRACT,
SLVL_HAEMATOPOIETIC_AND_LYMPHOID_TISSUE,
SN12C_KIDNEY,
STS0421_SOFT_TISSUE,
SUDHL16_HAEMATOPOIETIC_AND_LYMPHOID_TISSUE,
SUPB8_HAEMATOPOIETIC_AND_LYMPHOID_TISSUE,
SW13_ADRENAL_GLAND,
SW626_OVARY,
SW684_SOFT_TISSUE,
SW756_CERVIX,
SW872_SOFT_TISSUE,
SW954_VULVA,
SW962_VULVA,
SW982_SOFT_TISSUE,
TASK1_BONE,
TCYIK_CERVIX,
TE12_OESOPHAGUS,
TGBC1TKB_BILIARY_TRACT,
TGBC24TKB_BILIARY_TRACT,
TGW_AUTONOMIC_GANGLIA,
TK_HAEMATOPOIETIC_AND_LYMPHOID_TISSUE,
TMK1_STOMACH,
TUR_HAEMATOPOIETIC_AND_LYMPHOID_TISSUE,
U698M_HAEMATOPOIETIC_AND_LYMPHOID_TISSUE,
UCH2_BONE,
UDSCC2_UPPER_AERODIGESTIVE_TRACT,
UMC11_LUNG,
UWB1289_OVARY,
VAESBJ_SOFT_TISSUE,
VAL_HAEMATOPOIETIC_AND_LYMPHOID_TISSUE,
VMRCMELG_SKIN,
WIL2NS_HAEMATOPOIETIC_AND_LYMPHOID_TISSUE,
WM1552C_SKIN,
WM278_SKIN,
WM35_SKIN,
WM793B_SKIN,
WSUNHL_HAEMATOPOIETIC_AND_LYMPHOID_TISSUE,
YMB1E_BREAST,
YT_HAEMATOPOIETIC_AND_LYMPHOID_TISSUE,
