cell.line,ace2.rnaseq,tmprss2.rnaseq,ace2.affy,tmprss2.affy,tissue
1321N1,NA,NA,3.678245,4.179823,CENTRAL_NERVOUS_SYSTEM
143B,NA,NA,3.736598,4.238873,BONE
201T,NA,NA,NA,NA,LUNG
22RV1,-6.808212274,3.068050369,3.671514,7.132602,PROSTATE
2313287,-3.176669985,0.851264562,3.761051,5.268959,STOMACH
253J,-5.281730739,-6.620900104,3.796305,4.300609,URINARY_TRACT
253JBV,-5.751189888,-8.215890186,3.878158,4.196619,URINARY_TRACT
42MGBA,-13,-4.032311988,3.911201,4.286612,CENTRAL_NERVOUS_SYSTEM
451LU,NA,NA,NA,NA,NS
5637,-5.395785684,2.801292245,3.865196,6.716,URINARY_TRACT
59M,-5.894611606,-6.359311877,3.760945,4.08598,OVARY
639V,-6.817826786,-8.282526997,3.746651,4.437737,URINARY_TRACT
647V,-4.723878009,-1.146757939,3.750793,4.743495,URINARY_TRACT
697,-6.277370674,-7.742070979,3.936145,4.656785,HAEMATOPOIETIC_AND_LYMPHOID_TISSUE
769P,-2.553400401,-8.246919268,3.843631,4.448664,KIDNEY
786O,-13,-5.606506892,3.829828,4.438365,KIDNEY
8305C,-6.285353678,-3.380820092,3.694575,4.349871,THYROID
8505C,-7.542069601,-8.006769789,3.750677,4.146359,THYROID
8MGBA,-7.344950958,-1.229706823,3.601565,4.602528,CENTRAL_NERVOUS_SYSTEM
A101D,-2.431304057,-2.947229652,3.828708,4.530911,SKIN
A1207,-13,-13,3.81149,4.401777,CENTRAL_NERVOUS_SYSTEM
A172,-13,-8.117560033,3.673133,4.444805,CENTRAL_NERVOUS_SYSTEM
A204,-13,-5.222812622,3.748686,4.655842,SOFT_TISSUE
A2058,-6.926695876,-4.636508598,3.756851,4.17389,SKIN
A253,0.616510144,-3.740041139,5.573879,4.201268,SALIVARY_GLAND
A2780,-7.882283825,-6.539629099,3.815539,4.427565,OVARY
A375,-4.466866593,-4.294136895,3.853364,4.410172,SKIN
A388,NA,NA,NA,NA,SKIN
A3KAW,-4.364160567,-13,4.028607,4.532469,HAEMATOPOIETIC_AND_LYMPHOID_TISSUE
A427,-13,-6.64195532,NA,NA,LUNG
A431,NA,NA,NA,NA,SKIN
A498,-5.538016291,-7.587679158,3.870605,4.477768,KIDNEY
A4FUK,-7.5384621,-4.833237286,3.91389,4.284649,HAEMATOPOIETIC_AND_LYMPHOID_TISSUE
A549,-5.99157172,-13,3.740286,4.493954,LUNG
A673,-4.368526608,-8.477083048,3.817755,4.46359,BONE
A704,0.970564003,-6.833986213,5.505363,4.388977,KIDNEY
ABC1,1.133536564,-7.596388104,5.606115,4.340232,LUNG
ACCMESO1,-6.206723251,-4.185996731,4.094465,4.385553,PLEURA
ACCS,NA,NA,NA,NA,URINARY_TRACT
ACHN,0.438571952,-6.474588876,4.867134,4.335778,KIDNEY
ACN,NA,NA,NA,NA,
AGS,-5.762743787,2.479601306,3.986742,6.910535,STOMACH
ALEXANDERCELLS,NA,NA,3.89836,4.790664,LIVER
ALLPO,NA,NA,NA,NA,HAEMATOPOIETIC_AND_LYMPHOID_TISSUE
ALLSIL,-7.702065849,-4.918838586,4.058314,4.580273,HAEMATOPOIETIC_AND_LYMPHOID_TISSUE
AM38,-7.015250482,-6.894988302,3.731885,4.259609,CENTRAL_NERVOUS_SYSTEM
AML193,-5.480080895,-4.944781124,3.911046,4.497858,HAEMATOPOIETIC_AND_LYMPHOID_TISSUE
AMO1,-6.830292707,-6.973064961,3.87018,4.448687,HAEMATOPOIETIC_AND_LYMPHOID_TISSUE
AN3CA,-5.840641999,-13,3.754366,4.481452,ENDOMETRIUM
ARH77,NA,NA,NA,NA,HAEMATOPOIETIC_AND_LYMPHOID_TISSUE
ASH3,NA,NA,NA,NA,THYROID
ASPC1,-1.57850334,4.456094551,3.976772,8.994791,PANCREAS
ATN1,NA,NA,NA,NA,HAEMATOPOIETIC_AND_LYMPHOID_TISSUE
AU565,0.257938226,2.180508499,4.829128,6.891109,BREAST
AZ521,NA,NA,3.84702,4.508525,STOMACH
BALL1,NA,NA,NA,NA,HAEMATOPOIETIC_AND_LYMPHOID_TISSUE
BB30HNC,NA,NA,NA,NA,UPPER_AERODIGESTIVE_TRACT
BB49HNC,NA,NA,NA,NA,UPPER_AERODIGESTIVE_TRACT
BB65RCC,NA,NA,NA,NA,KIDNEY
BC1,NA,NA,NA,NA,HAEMATOPOIETIC_AND_LYMPHOID_TISSUE
BC3,NA,NA,NA,NA,HAEMATOPOIETIC_AND_LYMPHOID_TISSUE
BC3C,-3.601003905,-7.610024752,3.794906,4.338855,URINARY_TRACT
BCP1,-6.779686036,-7.659423725,3.953355,4.661691,HAEMATOPOIETIC_AND_LYMPHOID_TISSUE
BCPAP,-6.980266592,-2.586985876,3.848796,4.32472,THYROID
BDCM,-5.984607068,-5.748867541,3.807937,4.599942,HAEMATOPOIETIC_AND_LYMPHOID_TISSUE
BE13,NA,NA,NA,NA,HAEMATOPOIETIC_AND_LYMPHOID_TISSUE
BE2M17,NA,NA,NA,NA,AUTONOMIC_GANGLIA
BECKER,NA,NA,3.718608,4.196098,CENTRAL_NERVOUS_SYSTEM
BEN,-5.74880078,-3.236221111,3.883419,4.451146,LUNG
BFTC905,2.98594588,-1.344684053,7.96646,4.521673,URINARY_TRACT
BFTC909,-5.910328085,-4.375028445,3.952543,4.488924,KIDNEY
BGC823,NA,NA,5.061003,4.576911,STOMACH
BHT101,-6.80861858,-5.68835644,3.780103,4.169553,THYROID
BHY,0.67282844,-5.046113158,5.420539,4.290457,UPPER_AERODIGESTIVE_TRACT
BICR10,NA,NA,NA,NA,UPPER_AERODIGESTIVE_TRACT
BICR16,-1.046235864,-1.925973716,4.212906,4.592976,UPPER_AERODIGESTIVE_TRACT
BICR18,-0.51778486,-3.691436266,4.496761,4.609231,UPPER_AERODIGESTIVE_TRACT
BICR22,1.26004015,-2.565559347,6.185017,4.665305,UPPER_AERODIGESTIVE_TRACT
BICR31,0.667917568,0.768992852,5.372137,4.730877,UPPER_AERODIGESTIVE_TRACT
BICR56,0.400657067,-3.369545777,5.559559,4.424173,UPPER_AERODIGESTIVE_TRACT
BICR6,1.603054666,1.934691687,6.868518,6.025142,UPPER_AERODIGESTIVE_TRACT
BICR78,NA,NA,NA,NA,UPPER_AERODIGESTIVE_TRACT
BJHTERT,NA,NA,3.841084,4.429586,SKIN
BL41,-6.180793186,-4.575104076,3.824392,4.576952,HAEMATOPOIETIC_AND_LYMPHOID_TISSUE
BL70,-7.003618578,-6.468318945,3.930185,4.971151,HAEMATOPOIETIC_AND_LYMPHOID_TISSUE
BONNA12,NA,NA,NA,NA,HAEMATOPOIETIC_AND_LYMPHOID_TISSUE
BPH1,NA,NA,NA,NA,PROSTATE
BT12,-6.542360991,-7.328989413,NA,NA,SOFT_TISSUE
BT16,NA,NA,NA,NA,SOFT_TISSUE
BT20,0.215885621,1.405991763,4.647492,6.292589,BREAST
BT474,-3.766350338,1.58089753,3.794165,5.624116,BREAST
BT483,-5.857553698,1.348992295,3.546717,5.603883,BREAST
BT549,-13,-6.527215965,3.871512,4.391853,BREAST
BV173,-8.457596978,-7.337334775,3.960935,4.771248,HAEMATOPOIETIC_AND_LYMPHOID_TISSUE
BXPC3,-1.269004841,-5.518807106,4.629947,4.262979,PANCREAS
C2BBE1,1.339984254,2.87067636,5.721108,7.129447,LARGE_INTESTINE
C32,-3.600581507,-4.065281591,3.918786,4.245456,SKIN
C33A,NA,NA,NA,NA,CERVIX
C3A,NA,NA,4.597446,4.489336,LIVER
C4I,NA,NA,NA,NA,CERVIX
C8166,-6.117309566,-7.582009873,3.925562,4.853402,HAEMATOPOIETIC_AND_LYMPHOID_TISSUE
CA46,-4.337111422,-6.971736598,3.737666,4.510932,HAEMATOPOIETIC_AND_LYMPHOID_TISSUE
CA922,NA,NA,NA,NA,UPPER_AERODIGESTIVE_TRACT
CACO2,1.955906335,3.809855543,7.116825,7.606378,LARGE_INTESTINE
CADOES1,-4.433757318,-5.483419999,3.820787,4.253568,BONE
CAKI1,-6.473392233,-6.675058204,4.005303,4.387981,KIDNEY
CAKI2,-2.788651125,-5.501279078,3.951778,4.26117,KIDNEY
CAL120,-3.924624333,-9.089764256,3.793206,4.194169,BREAST
CAL12T,-2.929843506,-3.363516761,3.918133,4.267599,LUNG
CAL148,-7.48630276,3.682597745,3.662764,7.71584,BREAST
CAL27,1.289499003,1.646335342,6.115967,6.001696,UPPER_AERODIGESTIVE_TRACT
CAL29,-0.380073572,1.04138059,4.805628,5.253857,URINARY_TRACT
CAL33,2.921780477,1.581925303,8.226248,5.669848,UPPER_AERODIGESTIVE_TRACT
CAL39,NA,NA,NA,NA,VULVA
CAL51,2.343877518,-2.125439484,6.716712,4.58761,BREAST
CAL54,-6.07058572,-5.535286001,3.587181,4.161062,KIDNEY
CAL62,-7.878865078,-7.758602889,3.661665,4.329691,THYROID
CAL72,NA,NA,NA,NA,BONE
CAL78,-4.629930042,-6.509667756,3.815108,4.185564,BONE
CAL851,-0.242153662,0.08143045,4.280362,4.877588,BREAST
CALU1,-6.153271105,-3.810616387,3.76097,4.332059,LUNG
CALU3,3.15113456,0.602886515,7.708139,5.082126,LUNG
CALU6,-13,-4.899995257,4.043939,4.412515,LUNG
CAMA1,-5.187365155,-2.697868999,3.969849,4.316145,BREAST
CAOV3,-2.5367977,-2.259295777,3.738131,4.415393,OVARY
CAOV4,-2.589429219,-0.913267035,3.801009,4.491678,OVARY
CAPAN1,-1.888496392,4.060105974,3.917291,7.571063,PANCREAS
CAPAN2,-3.059685059,0.976512994,3.713519,5.555036,PANCREAS
CAR1,NA,NA,NA,NA,LARGE_INTESTINE
CAS1,-13,-4.524489569,3.822952,4.320616,CENTRAL_NERVOUS_SYSTEM
CASKI,NA,NA,NA,NA,CERVIX
CCFSTTG1,-13,-3.338016129,3.792245,4.561769,CENTRAL_NERVOUS_SYSTEM
CCK81,0.585357892,4.339762081,5.11377,8.246982,LARGE_INTESTINE
CCRFCEM,NA,NA,NA,NA,HAEMATOPOIETIC_AND_LYMPHOID_TISSUE
CESS,NA,NA,NA,NA,HAEMATOPOIETIC_AND_LYMPHOID_TISSUE
CFPAC1,-1.549560206,2.522329256,4.027214,6.434607,PANCREAS
CGTHW1,NA,NA,3.641748,4.256781,THYROID
CH157MN,-13,-5.899659282,3.828929,4.383661,CENTRAL_NERVOUS_SYSTEM
CHAGOK1,-3.29818846,-0.729721928,3.897497,4.465973,LUNG
CHL1,NA,NA,3.951541,4.249721,SKIN
CHP126,-8.521201255,-4.526469876,3.774246,4.404627,AUTONOMIC_GANGLIA
CHP134,NA,NA,NA,NA,AUTONOMIC_GANGLIA
CHP212,-7.887394415,-7.35209467,3.672911,4.274099,AUTONOMIC_GANGLIA
CHSA0011,NA,NA,NA,NA,BONE
CHSA0108,NA,NA,NA,NA,BONE
CHSA8926,NA,NA,NA,NA,BONE
CI1,-8.736730083,-5.201430308,3.707959,4.651948,HAEMATOPOIETIC_AND_LYMPHOID_TISSUE
CJM,-3.535905377,-4.789101588,3.986574,4.250592,SKIN
CL11,-4.868998573,1.883979394,3.819062,5.63086,LARGE_INTESTINE
CL14,4.119981996,4.777113015,9.32288,8.973917,LARGE_INTESTINE
CL34,0.497468021,4.959432644,5.389007,9.375443,LARGE_INTESTINE
CL40,2.938293772,5.973421834,7.546336,10.18496,LARGE_INTESTINE
CMK,-8.569161716,-5.574430255,4.02143,4.472454,HAEMATOPOIETIC_AND_LYMPHOID_TISSUE
CMK115,NA,NA,3.923634,4.735907,HAEMATOPOIETIC_AND_LYMPHOID_TISSUE
CMK86,NA,NA,3.978152,4.317398,HAEMATOPOIETIC_AND_LYMPHOID_TISSUE
CMLT1,-6.211683024,-3.788858065,3.898331,4.242576,HAEMATOPOIETIC_AND_LYMPHOID_TISSUE
COLO201,-5.976956861,6.20902076,3.72151,10.36103,LARGE_INTESTINE
COLO205,NA,NA,3.8926,9.371255,LARGE_INTESTINE
COLO320,-4.844735351,-6.424912756,3.601408,4.478278,LARGE_INTESTINE
COLO668,-6.739451393,1.083560806,3.701415,5.660701,LUNG
COLO677,NA,NA,NA,NA,HAEMATOPOIETIC_AND_LYMPHOID_TISSUE
COLO678,-1.054494187,-1.123265836,4.312461,4.574024,LARGE_INTESTINE
COLO679,-5.599015448,-2.955191347,3.785881,4.380989,SKIN
COLO680N,0.359490867,-0.165099251,5.059302,4.615968,OESOPHAGUS
COLO684,-6.784876007,-6.249576269,3.70556,4.164173,ENDOMETRIUM
COLO699,NA,NA,NA,NA,LUNG
COLO704,NA,NA,3.697465,4.136597,OVARY
COLO741,-5.454105336,-3.286537337,3.871881,4.412141,SKIN
COLO775,NA,NA,3.743497,4.40703,HAEMATOPOIETIC_AND_LYMPHOID_TISSUE
COLO783,-5.024807479,-3.832395496,3.952427,4.4083,SKIN
COLO792,-6.423301154,-3.209929567,3.835208,4.24855,SKIN
COLO800,-7.621381011,-2.578286599,3.729923,4.321076,SKIN
COLO818,NA,NA,3.867908,4.39307,SKIN
COLO824,NA,NA,NA,NA,BREAST
COLO829,-5.04748695,-3.235346843,3.778463,4.655128,SKIN
COLO849,NA,NA,3.665835,4.526283,SKIN
CORL105,-6.302091758,-4.281365224,3.617548,4.424597,LUNG
CORL23,-3.692819763,0.500305428,3.753596,5.368945,LUNG
CORL24,-2.966004082,-7.158624827,4.302835,4.221759,LUNG
CORL279,-4.344192309,-13,3.503764,4.055122,LUNG
CORL303,NA,NA,NA,NA,LUNG
CORL311,-2.690306474,-4.227762961,4.052932,4.369384,LUNG
CORL32,NA,NA,NA,NA,LUNG
CORL321,NA,NA,NA,NA,PLEURA
CORL47,-7.369345262,-5.171080435,3.83975,4.236175,LUNG
CORL51,NA,NA,3.866303,4.419983,LUNG
CORL88,-2.591765769,-5.404389317,3.683233,4.305591,LUNG
CORL95,-4.739125248,-3.044626876,3.87878,4.147209,LUNG
COV318,-4.662874395,-3.842172466,3.805829,4.289258,OVARY
COV362,-3.518747229,-1.354429955,4.011866,4.352335,OVARY
COV434,-4.401103213,-8.32523511,4.041761,4.501155,OVARY
COV504,NA,NA,3.823059,4.644778,OVARY
COV644,-2.556884326,-1.821646984,4.133393,4.482734,OVARY
CP50MELB,NA,NA,NA,NA,SKIN
CP66MEL,NA,NA,NA,NA,SKIN
CP67MEL,NA,NA,NA,NA,SKIN
CPCN,NA,NA,3.866017,4.51119,LUNG
CROAP2,NA,NA,NA,NA,HAEMATOPOIETIC_AND_LYMPHOID_TISSUE
CROAP3,NA,NA,NA,NA,
CS1,NA,NA,NA,NA,BONE
CTB1,NA,NA,NA,NA,HAEMATOPOIETIC_AND_LYMPHOID_TISSUE
CTV1,NA,NA,NA,NA,HAEMATOPOIETIC_AND_LYMPHOID_TISSUE
CW2,1.047061823,4.096192519,6.077977,8.159363,LARGE_INTESTINE
CW9019,NA,NA,NA,NA,SOFT_TISSUE
D245MG,NA,NA,NA,NA,CENTRAL_NERVOUS_SYSTEM
D247MG,NA,NA,NA,NA,CENTRAL_NERVOUS_SYSTEM
D263MG,NA,NA,NA,NA,CENTRAL_NERVOUS_SYSTEM
D283MED,-13,-6.635549771,3.851481,4.377894,CENTRAL_NERVOUS_SYSTEM
D336MG,NA,NA,NA,NA,CENTRAL_NERVOUS_SYSTEM
D341MED,-5.688252239,-6.73791505,3.739575,4.759634,CENTRAL_NERVOUS_SYSTEM
D384,NA,NA,NA,NA,CENTRAL_NERVOUS_SYSTEM
D392MG,NA,NA,NA,NA,CENTRAL_NERVOUS_SYSTEM
D423MG,NA,NA,NA,NA,CENTRAL_NERVOUS_SYSTEM
D425,NA,NA,NA,NA,CENTRAL_NERVOUS_SYSTEM
D458,NA,NA,NA,NA,CENTRAL_NERVOUS_SYSTEM
D502MG,NA,NA,NA,NA,CENTRAL_NERVOUS_SYSTEM
D542MG,NA,NA,NA,NA,CENTRAL_NERVOUS_SYSTEM
D556,NA,NA,NA,NA,CENTRAL_NERVOUS_SYSTEM
D566MG,NA,NA,NA,NA,CENTRAL_NERVOUS_SYSTEM
DANG,-6.048588545,-4.155736734,3.826863,4.347163,PANCREAS
DAOY,-5.779252228,0.295206309,3.781832,4.864518,CENTRAL_NERVOUS_SYSTEM
DAUDI,-6.820716085,-5.963488128,4.0352,4.213823,HAEMATOPOIETIC_AND_LYMPHOID_TISSUE
DB,-7.797146804,-9.26184701,3.730187,4.345689,HAEMATOPOIETIC_AND_LYMPHOID_TISSUE
DBTRG05MG,-5.810292903,-0.407096711,3.603397,4.568063,CENTRAL_NERVOUS_SYSTEM
DEL,-7.427453806,-5.892153982,3.743534,4.45543,HAEMATOPOIETIC_AND_LYMPHOID_TISSUE
DETROIT562,-1.802665855,0.814830133,4.247296,5.205573,UPPER_AERODIGESTIVE_TRACT
DFCI024,NA,NA,3.915388,4.912976,LUNG
DG75,NA,NA,NA,NA,HAEMATOPOIETIC_AND_LYMPHOID_TISSUE
DIFI,NA,NA,NA,NA,LARGE_INTESTINE
DJM1,NA,NA,NA,NA,SKIN
DKMG,-13,-6.201976405,3.849999,4.300996,CENTRAL_NERVOUS_SYSTEM
DLD1,NA,NA,3.688277,6.281032,LARGE_INTESTINE
DM3,-13,-5.203670007,3.770559,4.216447,PLEURA
DMS114,-8.697573456,-5.577311281,3.692616,4.354261,LUNG
DMS153,-3.575835121,-0.464850659,3.751254,4.617316,LUNG
DMS273,-5.647218905,-13,3.593986,4.367564,LUNG
DMS454,-4.197117262,0.327740803,3.978542,4.51843,LUNG
DMS53,-4.059909403,0.31878813,3.770876,4.787484,LUNG
DMS79,-3.2999316,2.311058397,3.817431,6.446172,LUNG
DND41,-13,-3.39213265,3.940955,4.411986,HAEMATOPOIETIC_AND_LYMPHOID_TISSUE
DOHH2,-13,-5.193577919,3.974173,4.48863,HAEMATOPOIETIC_AND_LYMPHOID_TISSUE
DOK,NA,NA,NA,NA,UPPER_AERODIGESTIVE_TRACT
DOTC24510,NA,NA,NA,NA,CERVIX
DOV13,NA,NA,4.061954,4.393564,OVARY
DSH1,NA,NA,NA,NA,URINARY_TRACT
DU145,-5.552675462,-4.432413246,3.691696,4.392402,PROSTATE
DU4475,-5.751429451,-4.408774777,3.816417,4.393731,BREAST
DV90,-6.199058245,1.818444384,3.657941,5.608162,LUNG
EB1,-4.440312853,-4.846119287,3.962062,4.434178,HAEMATOPOIETIC_AND_LYMPHOID_TISSUE
EB2,NA,NA,3.943758,4.458245,HAEMATOPOIETIC_AND_LYMPHOID_TISSUE
EB3,NA,NA,NA,NA,HAEMATOPOIETIC_AND_LYMPHOID_TISSUE
EBC1,-7.142083624,-5.104283467,3.80123,4.480639,LUNG
ECC10,-4.081233645,-5.167422268,3.90523,4.309593,STOMACH
ECC12,-5.097931041,-5.26307097,3.754491,4.162563,STOMACH
ECGI10,-2.935127173,-0.181647194,3.995764,4.748004,OESOPHAGUS
EFE184,-4.290033171,1.169820891,3.816113,5.22469,ENDOMETRIUM
EFM19,-8.708042711,1.270200495,3.808864,5.271422,BREAST
EFM192A,-4.077402623,1.710373343,3.831918,6.085353,BREAST
EFO21,-1.440326972,-3.525968941,3.941861,4.419389,OVARY
EFO27,-4.044943988,-3.214188372,3.714566,4.373014,OVARY
EGI1,NA,NA,NA,NA,BILIARY_TRACT
EHEB,-8.505417821,-5.162763219,4.007873,4.483703,HAEMATOPOIETIC_AND_LYMPHOID_TISSUE
EJM,-7.627334439,-6.770106557,3.887608,4.558744,HAEMATOPOIETIC_AND_LYMPHOID_TISSUE
EKVX,-5.468752294,-6.255380774,3.806116,4.354822,LUNG
EM2,-13,-7.629279606,3.879345,4.571299,HAEMATOPOIETIC_AND_LYMPHOID_TISSUE
EMCBAC1,NA,NA,NA,NA,LUNG
EMCBAC2,NA,NA,NA,NA,LUNG
EN,-3.086338744,-2.078551279,3.863157,4.432583,ENDOMETRIUM
EOL1,-7.311869451,-6.554177219,3.981121,4.420984,HAEMATOPOIETIC_AND_LYMPHOID_TISSUE
EPLC272H,-6.343937987,-1.473247781,3.980142,4.66515,LUNG
ES1,NA,NA,NA,NA,BONE
ES2,-6.642888607,-5.522626486,3.74916,4.520698,OVARY
ES3,NA,NA,NA,NA,BONE
ES4,NA,NA,NA,NA,BONE
ES5,NA,NA,NA,NA,BONE
ES6,NA,NA,NA,NA,BONE
ES7,NA,NA,NA,NA,BONE
ES8,NA,NA,NA,NA,BONE
ESO26,NA,NA,NA,NA,OESOPHAGUS
ESO51,NA,NA,NA,NA,OESOPHAGUS
ESS1,-5.474711235,-4.560899861,3.848618,4.3749,ENDOMETRIUM
ETK1,NA,NA,NA,NA,BILIARY_TRACT
EVSAT,NA,NA,3.660838,6.717076,BREAST
EW1,NA,NA,NA,NA,BONE
EW11,NA,NA,NA,NA,BONE
EW12,NA,NA,NA,NA,BONE
EW13,NA,NA,NA,NA,BONE
EW16,NA,NA,NA,NA,BONE
EW18,NA,NA,NA,NA,BONE
EW22,NA,NA,NA,NA,BONE
EW24,NA,NA,NA,NA,BONE
EW3,NA,NA,NA,NA,BONE
EW7,NA,NA,NA,NA,BONE
EW8,-13,-4.840021831,3.888914,4.82077,BONE
EWS502,-5.114979557,-5.686595039,3.771803,4.546381,BONE
F36P,-4.629066007,-6.941763131,3.874847,4.495317,HAEMATOPOIETIC_AND_LYMPHOID_TISSUE
F5,NA,NA,3.761512,4.45605,CENTRAL_NERVOUS_SYSTEM
FADU,-0.431566023,-0.260738854,4.364025,4.968148,UPPER_AERODIGESTIVE_TRACT
FARAGE,NA,NA,NA,NA,HAEMATOPOIETIC_AND_LYMPHOID_TISSUE
FLO1,NA,NA,NA,NA,OESOPHAGUS
FTC133,-5.983879658,-0.529716728,3.781603,4.887864,THYROID
FTC238,-4.915571451,-4.965234279,3.83548,4.138929,THYROID
FU97,-7.01745199,-0.345161109,3.999436,4.651852,STOMACH
FUOV1,-3.137232126,-2.672321686,3.842842,4.518352,OVARY
G292CLONEA141B1,-7.794783362,-6.089558644,4.006107,4.186031,BONE
G361,-4.947520505,-3.888658776,3.794357,4.423129,SKIN
G401,-7.134264747,-7.183927478,3.849712,4.381215,SOFT_TISSUE
G402,-6.686720851,-5.691989478,3.812384,4.517803,SOFT_TISSUE
GA10,-8.909754454,-3.619567208,3.702405,4.816107,HAEMATOPOIETIC_AND_LYMPHOID_TISSUE
GAK,NA,NA,NA,NA,SKIN
GAMG,-5.657117324,-4.121817619,3.795192,4.251302,CENTRAL_NERVOUS_SYSTEM
GB1,-5.30285839,-6.61555547,3.604662,4.39516,CENTRAL_NERVOUS_SYSTEM
GCIY,4.653739139,-0.762108083,8.662973,4.712545,STOMACH
GCT,-13,-6.663006325,3.849539,4.481511,SOFT_TISSUE
GDM1,-6.709396957,-4.951704715,3.803579,4.373864,HAEMATOPOIETIC_AND_LYMPHOID_TISSUE
GEO,NA,NA,NA,NA,LARGE_INTESTINE
GI1,-13,-6.286651666,3.867774,4.245273,CENTRAL_NERVOUS_SYSTEM
GIMEN,NA,NA,NA,NA,AUTONOMIC_GANGLIA
GLC82,NA,NA,4.159299,4.410477,LUNG
GMEL,NA,NA,NA,NA,SKIN
GMS10,-7.884008144,-5.026780251,3.753643,4.317454,CENTRAL_NERVOUS_SYSTEM
GOS3,-6.480237548,-5.266865897,3.75198,4.581036,CENTRAL_NERVOUS_SYSTEM
GOTO,NA,NA,NA,NA,AUTONOMIC_GANGLIA
GP2D,-4.277711723,4.537409549,4.01813,8.131961,LARGE_INTESTINE
GP5D,NA,NA,NA,NA,LARGE_INTESTINE
GRANTA519,-5.278591921,-7.158329798,3.891124,4.441052,HAEMATOPOIETIC_AND_LYMPHOID_TISSUE
GRM,NA,NA,3.605277,4.562689,SKIN
GRST,NA,NA,NA,NA,HAEMATOPOIETIC_AND_LYMPHOID_TISSUE
GSS,-3.11620169,0.958831279,3.890263,5.448675,STOMACH
GSU,1.401348162,4.993917325,6.702173,9.179854,STOMACH
GT3TKB,NA,NA,NA,NA,STOMACH
H2369,NA,NA,NA,NA,PLEURA
H290,NA,NA,NA,NA,PLEURA
H3118,NA,NA,NA,NA,UPPER_AERODIGESTIVE_TRACT
H4,-5.925558626,-4.243417516,3.743162,4.400648,CENTRAL_NERVOUS_SYSTEM
H9,NA,NA,NA,NA,HAEMATOPOIETIC_AND_LYMPHOID_TISSUE
HA7RCC,NA,NA,NA,NA,KIDNEY
HAL01,NA,NA,NA,NA,HAEMATOPOIETIC_AND_LYMPHOID_TISSUE
HARA,-3.514641009,-3.930431574,3.756054,4.402696,LUNG
HC1,NA,NA,NA,NA,HAEMATOPOIETIC_AND_LYMPHOID_TISSUE
HCC1143,-5.628936479,2.148941997,3.652694,6.121692,BREAST
HCC1171,-3.273333838,0.811304522,3.739113,4.910362,LUNG
HCC1187,-1.881141917,4.286220025,3.871542,8.775344,BREAST
HCC1195,-2.914434829,0.526178026,3.812609,4.89106,LUNG
HCC1359,-8.649106128,-5.943881449,3.765017,4.174378,LUNG
HCC1395,-5.724767215,-4.089931823,3.693947,4.386133,BREAST
HCC1419,-3.335346671,2.492483898,3.777885,6.657273,BREAST
HCC1428,-5.300126613,0.803647523,3.741477,5.243235,BREAST
HCC1438,-6.336731497,-6.31600502,3.878612,4.279047,LUNG
HCC15,-5.921946944,-7.801684611,4.059375,4.326301,LUNG
HCC1500,-6.72664517,2.153505336,3.850703,6.176861,BREAST
HCC1569,-3.215580516,-5.719809066,3.766913,4.423015,BREAST
HCC1588,1.974053921,5.240132733,6.931632,9.406457,LUNG
HCC1599,-6.864280695,4.480117399,3.869641,8.410564,BREAST
HCC1806,-0.671036971,1.135490736,4.669811,5.262005,BREAST
HCC1833,-13,-0.314638334,3.584416,4.618993,LUNG
HCC1897,NA,NA,3.761919,6.079312,LUNG
HCC1937,5.274104399,2.219319802,9.933722,6.277301,BREAST
HCC1954,2.724286724,1.33085275,7.015065,5.254111,BREAST
HCC202,-2.359865854,5.06159945,3.989762,9.065891,BREAST
HCC2108,-7.917882964,-7.06065511,3.848324,4.392567,LUNG
HCC2157,-0.493809992,2.143528019,4.541171,6.403235,BREAST
HCC2218,-4.771233116,2.253386294,3.858169,6.12705,BREAST
HCC2279,-7.735203505,2.327573202,3.701922,6.28532,LUNG
HCC2429,-4.455396438,-4.392467287,NA,NA,LUNG
HCC2450,-7.944524088,-1.73679901,NA,NA,LUNG
HCC2814,-0.219576276,-5.765196453,4.927838,4.567585,LUNG
HCC2935,0.8059485,2.113704973,4.977157,6.124467,LUNG
HCC2998,NA,NA,NA,NA,LARGE_INTESTINE
HCC33,-4.624667789,-7.089367973,3.830932,4.295088,LUNG
HCC364,-13,-0.891091629,3.580159,4.873314,LUNG
HCC366,-2.10847548,-1.488859399,4.176859,4.348069,LUNG
HCC38,-3.73814037,3.691321709,3.708,7.616425,BREAST
HCC4006,-0.098233211,2.532362347,5.034201,6.553901,LUNG
HCC44,-6.606539362,-6.749311387,3.831824,4.495263,LUNG
HCC461,-4.968710383,-6.848448105,NA,NA,LUNG
HCC515,-5.937671356,-3.717873365,NA,NA,LUNG
HCC56,0.06713069,4.74429463,4.695732,8.480131,LARGE_INTESTINE
HCC70,-0.204954895,4.65868176,4.986873,8.891942,BREAST
HCC78,-5.802145911,1.25475429,3.77031,5.218597,LUNG
HCC827,-3.590355669,-4.981055493,3.754118,4.389729,LUNG
HCC827GR5,-0.695735169,-6.204829516,4.077579,4.94419,LUNG
HCC95,-2.117690087,-5.520989745,3.950084,4.5016,LUNG
HCE4,NA,NA,NA,NA,OESOPHAGUS
HCT116,-13,-7.265916306,3.925706,4.331912,LARGE_INTESTINE
HCT116G9B,NA,NA,NA,NA,ENGINEERED
HCT116PA,NA,NA,NA,NA,ENGINEERED
HCT15,-6.009554246,-0.826282306,3.744421,5.052667,LARGE_INTESTINE
HCT8,NA,NA,3.54562,4.453425,LARGE_INTESTINE
HDLM2,-13,-7.234979027,3.866194,4.27024,HAEMATOPOIETIC_AND_LYMPHOID_TISSUE
HDMYZ,-9.129191498,-6.593891683,3.541846,4.483722,HAEMATOPOIETIC_AND_LYMPHOID_TISSUE
HDQP1,1.855090406,0.906513744,6.960193,5.144783,BREAST
HEC1,NA,NA,NA,NA,ENDOMETRIUM
HEC108,-3.887998051,-5.88875128,3.951409,4.397409,ENDOMETRIUM
HEC151,-5.015665426,-6.965792446,4.084428,4.493058,ENDOMETRIUM
HEC1A,-3.310717414,-6.491624772,3.902845,4.372306,ENDOMETRIUM
HEC1B,-2.443678604,-8.431940791,4.094981,4.262723,ENDOMETRIUM
HEC251,-2.679095771,-1.686447787,3.765961,4.458972,ENDOMETRIUM
HEC265,-5.123601183,-7.288741173,4.335703,4.5349,ENDOMETRIUM
HEC50B,1.270848649,-6.45006026,5.638433,4.293894,ENDOMETRIUM
HEC59,-1.112625041,0.874960811,4.286509,4.707157,ENDOMETRIUM
HEC6,-6.184167312,-7.23383013,3.775324,4.283321,ENDOMETRIUM
HEKTE,-5.942725287,-1.796928064,3.811069,4.372312,KIDNEY
HEL,-13,-13,3.792356,4.384077,HAEMATOPOIETIC_AND_LYMPHOID_TISSUE
HEL9217,-13,-7.047679542,4.012225,4.39236,HAEMATOPOIETIC_AND_LYMPHOID_TISSUE
HELA,-6.883331144,-13,NA,NA,CERVIX
HEMCSS,NA,NA,NA,NA,BONE
HEP3B217,-6.419588221,0.604355049,3.793896,4.88426,LIVER
HEPG2,-0.753707791,0.664975952,4.323585,5.308837,LIVER
HEY,NA,NA,NA,NA,OVARY
HEYA8,-6.233828108,-7.43549403,3.755463,4.304559,OVARY
HGC27,-8.942641653,-6.599987047,3.854594,4.27211,STOMACH
HH,-13,-5.411310066,3.905313,4.746719,HAEMATOPOIETIC_AND_LYMPHOID_TISSUE
HK2,NA,NA,3.714759,4.908519,KIDNEY
HL60,-13,-7.943907751,4.019459,4.872277,HAEMATOPOIETIC_AND_LYMPHOID_TISSUE
HLC1,NA,NA,3.83726,4.417222,LUNG
HLE,NA,NA,3.929563,4.316322,LIVER
HLF,-7.321834883,-7.786535148,3.843715,4.321868,LIVER
HLFA,-7.963033606,-8.427733928,3.830789,4.380679,LUNG
HMC18,-7.277954946,-13,3.90697,4.618383,BREAST
HMCB,-4.004740312,-5.568976352,3.797405,4.169558,SKIN
HMEL,-1.42778864,-5.31395275,4.213104,5.09677,BREAST
HMVII,NA,NA,NA,NA,SKIN
HN,NA,NA,NA,NA,UPPER_AERODIGESTIVE_TRACT
HNT34,-7.376068289,-8.425731014,3.746477,4.673839,HAEMATOPOIETIC_AND_LYMPHOID_TISSUE
HO1N1,NA,NA,NA,NA,UPPER_AERODIGESTIVE_TRACT
HO1U1,NA,NA,NA,NA,UPPER_AERODIGESTIVE_TRACT
HOP62,-13,-4.71750144,3.639304,4.508796,LUNG
HOP92,-13,-5.63967786,3.621499,4.338571,LUNG
HOS,-4.184440507,-5.708034423,3.72294,4.370351,BONE
HPAC,-2.43915642,1.995128718,4.133702,5.995454,PANCREAS
HPAFII,0.375002299,3.370914709,4.841684,7.321881,PANCREAS
HPBALL,-4.533970477,-8.583633214,3.893429,4.618991,HAEMATOPOIETIC_AND_LYMPHOID_TISSUE
HRT18,NA,NA,NA,NA,LARGE_INTESTINE
HS172T,-5.164188589,-3.770907778,3.714976,4.30927,URINARY_TRACT
HS229T,-13,-6.419115577,3.70609,4.179566,LUNG
HS255T,-6.389365873,-4.63167379,3.848748,4.22328,LARGE_INTESTINE
HS274T,-13,-7.869205114,3.846262,4.319306,BREAST
HS281T,-13,-5.789418275,3.623567,4.356758,BREAST
HS294T,-1.496077235,-0.381915104,3.823596,4.876189,SKIN
HS343T,-8.902759505,-7.045531739,3.942844,4.13371,BREAST
HS445,NA,NA,NA,NA,HAEMATOPOIETIC_AND_LYMPHOID_TISSUE
HS571T,NA,NA,3.736267,4.260555,OVARY
HS578T,-5.147357343,-8.312497232,3.64522,4.161145,BREAST
HS600T,-8.829457675,-7.709195482,3.942708,4.156931,SKIN
HS604T,NA,NA,4.106161,4.45837,HAEMATOPOIETIC_AND_LYMPHOID_TISSUE
HS606T,-7.995791023,-7.138563188,3.735584,4.208765,BREAST
HS611T,-7.849541174,-6.506886554,4.029332,4.615319,HAEMATOPOIETIC_AND_LYMPHOID_TISSUE
HS616T,-2.472302157,-7.428855539,4.023857,4.119937,HAEMATOPOIETIC_AND_LYMPHOID_TISSUE
HS618T,-13,-13,3.914797,4.212537,LUNG
HS675T,-7.110061629,-2.930905611,3.684599,4.452168,LARGE_INTESTINE
HS683,-6.961367972,-0.918273588,3.716495,4.451518,CENTRAL_NERVOUS_SYSTEM
HS688AT,-13,-7.397166029,3.88493,4.288976,SKIN
HS695T,-7.142791687,-3.478208847,3.82345,4.663369,SKIN
HS698T,-8.711697279,-8.176397577,3.658575,4.225733,LARGE_INTESTINE
HS706T,-9.03004468,-6.494744984,3.941985,4.353015,BONE
HS729,-13,-2.851287279,3.701018,4.159273,SOFT_TISSUE
HS737T,-8.841663362,-13,3.826702,4.273455,BONE
HS739T,-6.817117258,-9.281817506,3.888331,4.292959,BREAST
HS742T,-7.805729183,-8.270429352,3.853882,4.370987,BREAST
HS746T,-8.06556368,-3.208335801,3.746299,4.391193,STOMACH
HS751T,-7.017249729,-6.481949971,3.831033,4.154194,HAEMATOPOIETIC_AND_LYMPHOID_TISSUE
HS766T,1.438324856,-3.787356678,5.619075,4.299472,PANCREAS
HS819T,-9.002386426,-7.882124217,3.719252,4.414938,BONE
HS821T,-9.138679246,-7.281451342,3.864143,4.275219,BONE
HS822T,-9.019241031,-7.162013155,3.67166,4.192333,BONE
HS834T,-6.474842091,-7.261470521,3.705241,4.275322,SKIN
HS839T,-13,-6.39254664,3.82785,4.076581,SKIN
HS840T,-7.153265654,-6.202928366,3.848336,4.299069,UPPER_AERODIGESTIVE_TRACT
HS852T,-3.532250062,-4.157415054,3.70551,4.350567,SKIN
HS863T,-7.812193223,-6.276893529,3.789242,4.193968,BONE
HS870T,-6.148609418,-6.613309671,3.938857,4.413549,BONE
HS888T,-9.024867581,-5.904605392,3.661306,4.206256,BONE
HS895T,-7.844000737,-6.501346025,3.727741,4.41622,SKIN
HS934T,-7.888665941,-8.353366146,3.682631,4.161463,SKIN
HS936T,-6.887293887,-1.590442934,3.699631,4.397987,SKIN
HS939T,-5.138541227,-4.552615425,3.686891,4.292436,SKIN
HS940T,-13,-6.066477632,3.62127,4.359709,SKIN
HS944T,-4.835004561,-4.655848645,3.794934,4.253921,SKIN
HSC2,-1.006218776,-6.271818934,4.299593,4.375698,UPPER_AERODIGESTIVE_TRACT
HSC3,-3.917195568,-7.604288196,3.908693,4.436786,UPPER_AERODIGESTIVE_TRACT
HSC39,NA,NA,NA,NA,STOMACH
HSC4,-0.084193455,-1.083482591,5.011243,4.424322,UPPER_AERODIGESTIVE_TRACT
HT,-13,-8.459041561,3.909281,4.528251,HAEMATOPOIETIC_AND_LYMPHOID_TISSUE
HT1080,-7.45593986,-7.505602643,3.566572,4.388381,SOFT_TISSUE
HT115,-1.409305141,5.00725419,4.397064,9.29656,LARGE_INTESTINE
HT1197,0.211879237,0.240398888,4.874646,4.788416,URINARY_TRACT
HT1376,-0.143038641,-2.152900396,4.419662,4.512091,URINARY_TRACT
HT144,-5.783116664,-6.247817019,3.705642,4.314326,SKIN
HT29,-5.113953496,2.969204778,3.716929,6.852306,LARGE_INTESTINE
HT3,NA,NA,NA,NA,CERVIX
HT55,2.69068061,5.282752348,7.396662,8.616114,LARGE_INTESTINE
HTCC3,NA,NA,NA,NA,THYROID
HTK,NA,NA,3.488224,4.208914,HAEMATOPOIETIC_AND_LYMPHOID_TISSUE
HUCCT1,-5.83679274,0.849523648,3.589984,5.334679,BILIARY_TRACT
HUG1N,-4.550359892,4.476519653,3.808905,8.553394,STOMACH
HUH1,-7.80493754,-2.109766436,3.856377,4.713124,LIVER
HUH28,-13,-5.69429614,3.752449,4.40971,BILIARY_TRACT
HUH6,-1.052569059,3.229276798,4.285775,7.035715,LIVER
HUH6CLONE5,NA,NA,NA,NA,
HUH7,0.313837954,-3.158154863,5.178902,4.523934,LIVER
HUNS1,-7.885761854,-6.765499602,3.926281,4.622227,HAEMATOPOIETIC_AND_LYMPHOID_TISSUE
HUO3N1,NA,NA,NA,NA,BONE
HUO9,NA,NA,NA,NA,BONE
HUPT3,-5.194001135,0.363666511,3.810364,5.033077,PANCREAS
HUPT4,-1.271241811,3.678812229,4.268971,7.159019,PANCREAS
HUT102,-8.689783868,-1.63878427,3.752143,4.226566,HAEMATOPOIETIC_AND_LYMPHOID_TISSUE
HUT78,-13,-8.192381526,3.930405,4.599816,HAEMATOPOIETIC_AND_LYMPHOID_TISSUE
HUTU80,-5.831153159,-7.710890968,3.899439,4.579552,SMALL_INTESTINE
IALM,-13,-4.394779245,3.880834,4.354352,LUNG
IGR1,-5.151306197,-6.490475654,3.80272,4.467837,SKIN
IGR37,-6.147624417,-2.834717124,3.830289,4.625173,SKIN
IGR39,-6.356169016,-9.405831808,3.770518,4.338276,SKIN
IGROV1,3.615913024,-3.860014526,7.753963,4.603003,OVARY
IHH4,NA,NA,NA,NA,THYROID
IM9,NA,NA,NA,NA,HAEMATOPOIETIC_AND_LYMPHOID_TISSUE
IM95,2.767124952,3.795332221,7.596566,7.877588,STOMACH
IMR32,-5.47214183,-13,3.793376,4.431024,AUTONOMIC_GANGLIA
IMR5,NA,NA,NA,NA,AUTONOMIC_GANGLIA
INA6,-6.06140874,-13,3.741706,4.577351,HAEMATOPOIETIC_AND_LYMPHOID_TISSUE
IOMMLEE,-13,-6.508193011,3.87634,4.54012,CENTRAL_NERVOUS_SYSTEM
IPC298,-5.339595128,-3.759901195,3.731761,4.561445,SKIN
ISHIKAWAHERAKLIO02ER,-5.254040051,3.538058176,3.789691,6.027918,ENDOMETRIUM
ISTMEL1,NA,NA,NA,NA,SKIN
ISTMES1,-7.750139321,-4.570983333,3.909374,4.318419,PLEURA
ISTMES2,-4.179433316,-5.506630096,3.973106,4.478899,PLEURA
ISTSL1,NA,NA,NA,NA,LUNG
ISTSL2,NA,NA,NA,NA,LUNG
J82,-6.506954617,-5.386692419,3.662875,4.416934,URINARY_TRACT
JAR,NA,NA,NA,NA,PLACENTA
JEG3,NA,NA,NA,NA,PLACENTA
JEKO1,-6.335588198,-3.118464408,3.749949,4.776026,HAEMATOPOIETIC_AND_LYMPHOID_TISSUE
JHESOAD1,-0.794209733,0.560417621,3.785305,5.285782,OESOPHAGUS
JHH1,-1.164261147,-4.213923947,4.491881,4.526011,LIVER
JHH2,-8.761084661,1.553934496,3.662961,6.045637,LIVER
JHH4,-6.715871615,-7.180571844,3.709643,4.213911,LIVER
JHH5,-3.632978984,-0.803058449,3.907901,4.452152,LIVER
JHH6,-4.060779148,-3.146967773,3.818674,4.178324,LIVER
JHH7,-3.309306284,-3.604081533,3.936932,4.427467,LIVER
JHOC5,-2.856463262,-7.387252738,3.739199,4.351043,OVARY
JHOM1,-1.922022055,-5.983657392,3.960359,4.452905,OVARY
JHOM2B,1.167030958,5.770260003,6.362574,9.956967,OVARY
JHOS2,-1.066108759,0.485132437,3.964217,4.642327,OVARY
JHOS3,NA,NA,NA,NA,OVARY
JHOS4,0.025916131,0.685615109,4.488056,5.181028,OVARY
JHU011,NA,NA,NA,NA,UPPER_AERODIGESTIVE_TRACT
JHU022,NA,NA,NA,NA,UPPER_AERODIGESTIVE_TRACT
JHU029,NA,NA,NA,NA,UPPER_AERODIGESTIVE_TRACT
JHUEM1,-1.734326013,3.550312784,4.026519,7.867032,ENDOMETRIUM
JHUEM2,-7.570683168,-4.947920564,3.848544,4.368574,ENDOMETRIUM
JHUEM3,-2.54075501,0.295714433,3.868838,4.71902,ENDOMETRIUM
JHUEM7,-1.460501909,-5.051734463,4.5062,4.527059,ENDOMETRIUM
JIMT1,-2.159117317,-2.877574193,3.932277,4.261217,BREAST
JIYOYEP2003,NA,NA,NA,NA,HAEMATOPOIETIC_AND_LYMPHOID_TISSUE
JJN3,-13,-7.05579697,3.748268,4.645858,HAEMATOPOIETIC_AND_LYMPHOID_TISSUE
JK1,-3.532800829,-5.319429288,4.196238,4.584663,HAEMATOPOIETIC_AND_LYMPHOID_TISSUE
JL1,-13,0.320128309,3.745551,4.964137,PLEURA
JM1,-7.044741206,-2.224039249,3.917811,4.828289,HAEMATOPOIETIC_AND_LYMPHOID_TISSUE
JMSU1,-7.342508177,-5.304707979,3.87318,4.407758,URINARY_TRACT
JR,NA,NA,NA,NA,SOFT_TISSUE
JSC1,NA,NA,NA,NA,HAEMATOPOIETIC_AND_LYMPHOID_TISSUE
JURKAT,-7.475895698,-4.185708375,3.855351,4.343802,HAEMATOPOIETIC_AND_LYMPHOID_TISSUE
JURLMK1,-6.875310387,-4.465541441,3.869464,4.393824,HAEMATOPOIETIC_AND_LYMPHOID_TISSUE
JVM2,-13,-4.978177046,3.719019,4.368475,HAEMATOPOIETIC_AND_LYMPHOID_TISSUE
JVM3,-13,-6.046138462,3.829339,4.379924,HAEMATOPOIETIC_AND_LYMPHOID_TISSUE
K029AX,-5.052491205,-1.201836054,3.815611,4.574857,SKIN
K2,NA,NA,NA,NA,SKIN
K5,NA,NA,NA,NA,THYROID
K562,-6.390122289,-5.176750755,3.928053,4.598356,HAEMATOPOIETIC_AND_LYMPHOID_TISSUE
KALS1,-2.445524032,-1.226857976,4.023466,4.383982,CENTRAL_NERVOUS_SYSTEM
KARPAS1106P,NA,NA,NA,NA,HAEMATOPOIETIC_AND_LYMPHOID_TISSUE
KARPAS231,NA,NA,NA,NA,HAEMATOPOIETIC_AND_LYMPHOID_TISSUE
KARPAS299,-13,-5.535468458,3.977558,4.377974,HAEMATOPOIETIC_AND_LYMPHOID_TISSUE
KARPAS422,-7.420902548,-4.563674656,3.90438,4.394346,HAEMATOPOIETIC_AND_LYMPHOID_TISSUE
KARPAS45,NA,NA,NA,NA,HAEMATOPOIETIC_AND_LYMPHOID_TISSUE
KARPAS620,-5.691398912,-4.875991207,4.03863,4.455227,HAEMATOPOIETIC_AND_LYMPHOID_TISSUE
KASUMI1,-13,-6.562900204,3.975228,4.338224,HAEMATOPOIETIC_AND_LYMPHOID_TISSUE
KASUMI2,-4.684177533,-5.411912179,3.741751,4.625223,HAEMATOPOIETIC_AND_LYMPHOID_TISSUE
KASUMI6,-7.542149862,-4.919387217,3.973025,4.555282,HAEMATOPOIETIC_AND_LYMPHOID_TISSUE
KATOIII,-1.59341064,3.498104775,4.165216,7.627285,STOMACH
KCIMOH1,NA,NA,3.761593,7.05159,PANCREAS
KCL22,-5.971113416,-5.435813753,3.607821,4.426515,HAEMATOPOIETIC_AND_LYMPHOID_TISSUE
KD,-13,-6.472390917,NA,NA,SOFT_TISSUE
KE37,-5.755690901,-4.073549804,3.785222,4.576772,HAEMATOPOIETIC_AND_LYMPHOID_TISSUE
KE39,-1.759032859,4.576845403,4.043948,7.703791,STOMACH
KE97,-13,-4.119613354,4.112618,4.680423,HAEMATOPOIETIC_AND_LYMPHOID_TISSUE
KELLY,-4.839836664,-5.304536985,3.830956,4.371777,AUTONOMIC_GANGLIA
KG1,-13,-5.662347204,3.949067,4.342408,HAEMATOPOIETIC_AND_LYMPHOID_TISSUE
KG1C,-4.94949451,-6.151160281,3.990038,4.385956,CENTRAL_NERVOUS_SYSTEM
KGN,NA,NA,NA,NA,OVARY
KHM1B,-7.457943844,-4.167756544,3.904767,4.612845,HAEMATOPOIETIC_AND_LYMPHOID_TISSUE
KIJK,-7.657696868,-5.215506529,4.111579,4.566687,HAEMATOPOIETIC_AND_LYMPHOID_TISSUE
KINGS1,NA,NA,NA,NA,CENTRAL_NERVOUS_SYSTEM
KLE,-2.483545154,-3.454136318,4.009113,4.422835,ENDOMETRIUM
KLM1,NA,NA,5.443636,4.101944,PANCREAS
KM12,-4.284969223,2.228182792,3.829859,6.607117,LARGE_INTESTINE
KMBC2,1.418983657,3.545127331,5.74545,7.290302,URINARY_TRACT
KMH2,-6.498647989,-3.677945882,3.784655,4.424079,HAEMATOPOIETIC_AND_LYMPHOID_TISSUE
KMH2,-6.498647989,-3.677945882,NA,NA,THYROID
KMH2,NA,NA,3.784655,4.424079,HAEMATOPOIETIC_AND_LYMPHOID_TISSUE
KMH2,NA,NA,NA,NA,THYROID
KMM1,-13,-5.688483931,3.743351,4.532141,HAEMATOPOIETIC_AND_LYMPHOID_TISSUE
KMOE2,NA,NA,NA,NA,HAEMATOPOIETIC_AND_LYMPHOID_TISSUE
KMRC1,-7.913693993,-1.339475112,3.744394,4.499996,KIDNEY
KMRC2,-13,-5.827151964,3.63893,4.321738,KIDNEY
KMRC20,-0.308259249,-4.837914822,4.380243,4.357164,KIDNEY
KMRC3,-3.719869683,-6.235196122,3.848496,4.549286,KIDNEY
KMS11,-5.481946728,-2.169039509,3.887137,4.560455,HAEMATOPOIETIC_AND_LYMPHOID_TISSUE
KMS12BM,-7.566024699,-8.030724858,3.930175,4.552082,HAEMATOPOIETIC_AND_LYMPHOID_TISSUE
KMS18,-6.833912023,-7.298612307,3.65537,4.68302,HAEMATOPOIETIC_AND_LYMPHOID_TISSUE
KMS20,-4.363053284,-6.505825463,3.802605,4.576259,HAEMATOPOIETIC_AND_LYMPHOID_TISSUE
KMS21BM,-7.69465531,-5.458915795,3.94457,4.620446,HAEMATOPOIETIC_AND_LYMPHOID_TISSUE
KMS26,-6.366825488,-6.568491429,3.868109,4.385549,HAEMATOPOIETIC_AND_LYMPHOID_TISSUE
KMS27,-8.216097236,-6.09583499,4.01156,4.561272,HAEMATOPOIETIC_AND_LYMPHOID_TISSUE
KMS28BM,-13,-5.956605686,3.764547,4.634015,HAEMATOPOIETIC_AND_LYMPHOID_TISSUE
KMS34,-6.054409174,-9.104071986,3.835332,4.815924,HAEMATOPOIETIC_AND_LYMPHOID_TISSUE
KNS42,-3.919292891,-0.944881436,3.938016,4.461265,CENTRAL_NERVOUS_SYSTEM
KNS60,-7.570000557,-2.786773235,3.920279,4.59202,CENTRAL_NERVOUS_SYSTEM
KNS62,-2.34489635,-2.633746897,4.1659,4.751478,LUNG
KNS81,-4.172919789,-5.35382707,3.674169,4.243497,CENTRAL_NERVOUS_SYSTEM
KNS81FD,NA,NA,NA,NA,CENTRAL_NERVOUS_SYSTEM
KO52,-7.756265973,-5.314075473,3.838609,4.863232,HAEMATOPOIETIC_AND_LYMPHOID_TISSUE
KON,NA,NA,NA,NA,UPPER_AERODIGESTIVE_TRACT
KOPN8,-7.635997367,-4.400257831,3.849776,4.755334,HAEMATOPOIETIC_AND_LYMPHOID_TISSUE
KOSC2,NA,NA,NA,NA,UPPER_AERODIGESTIVE_TRACT
KP1N,NA,NA,NA,NA,PANCREAS
KP1NL,NA,NA,NA,NA,PANCREAS
KP2,1.821015049,-1.892143609,6.238063,4.347897,PANCREAS
KP3,-4.372605274,-4.483668517,3.717072,4.440128,PANCREAS
KP4,-5.491221969,-4.577410593,3.628122,4.274961,PANCREAS
KPL1,-6.357081241,2.769927913,3.852605,7.222396,BREAST
KPMRTRY,-13,-13,NA,NA,SOFT_TISSUE
KPNRTBM1,-2.323019824,-6.323773014,3.915019,4.467482,AUTONOMIC_GANGLIA
KPNSI9S,-7.719308793,-5.724577366,3.707951,4.339312,AUTONOMIC_GANGLIA
KPNYN,-3.497637981,-4.54730077,3.905686,4.504803,AUTONOMIC_GANGLIA
KPNYS,NA,NA,NA,NA,AUTONOMIC_GANGLIA
KS1,-7.527843663,-5.085653284,3.773282,4.256255,CENTRAL_NERVOUS_SYSTEM
KU1919,-13,-3.731786272,3.738717,4.289349,URINARY_TRACT
KU812,-1.8076533,-4.691892515,4.526501,4.532867,HAEMATOPOIETIC_AND_LYMPHOID_TISSUE
KURAMOCHI,-2.119398587,-1.832597168,3.824982,4.328091,OVARY
KY821,NA,NA,NA,NA,HAEMATOPOIETIC_AND_LYMPHOID_TISSUE
KYAE1,NA,NA,NA,NA,OESOPHAGUS
KYM1,-5.655326995,-6.704989786,3.8169,4.187183,SOFT_TISSUE
KYO1,-5.482293372,-6.362031174,3.800484,4.479232,HAEMATOPOIETIC_AND_LYMPHOID_TISSUE
KYSE140,-5.151642395,-6.490811787,3.991097,4.285353,OESOPHAGUS
KYSE150,-4.027938207,-5.436054901,3.832013,4.645945,OESOPHAGUS
KYSE180,-4.601265962,-8.458283704,3.769924,4.56571,OESOPHAGUS
KYSE220,NA,NA,NA,NA,OESOPHAGUS
KYSE270,-3.371959136,0.281128043,3.600257,4.920166,OESOPHAGUS
KYSE30,-0.989403603,-2.536566054,4.158981,4.493614,OESOPHAGUS
KYSE410,-4.934808232,-2.158500435,3.80126,4.508649,OESOPHAGUS
KYSE450,-2.233469474,-3.318580985,3.99088,4.412574,OESOPHAGUS
KYSE50,NA,NA,NA,NA,OESOPHAGUS
KYSE510,0.0263176,0.136977818,4.790824,5.06814,OESOPHAGUS
KYSE520,-1.840325107,-4.265854787,3.670955,4.410879,OESOPHAGUS
KYSE70,-1.301616542,-5.096706534,4.143061,4.421537,OESOPHAGUS
L1236,-5.095147209,-4.444370202,3.593584,4.478234,HAEMATOPOIETIC_AND_LYMPHOID_TISSUE
L33,-4.415153191,-3.992328338,3.80634,4.237553,PANCREAS
L363,-7.032744976,-5.912482773,3.949952,4.559204,HAEMATOPOIETIC_AND_LYMPHOID_TISSUE
L428,-13,-2.715788004,3.856135,4.714631,HAEMATOPOIETIC_AND_LYMPHOID_TISSUE
L540,-7.299988238,-7.179725972,3.872001,4.598589,HAEMATOPOIETIC_AND_LYMPHOID_TISSUE
LAMA84,-6.147991296,-8.197654036,3.885879,4.330555,HAEMATOPOIETIC_AND_LYMPHOID_TISSUE
LAN6,NA,NA,NA,NA,AUTONOMIC_GANGLIA
LB1047RCC,NA,NA,NA,NA,KIDNEY
LB2241RCC,NA,NA,NA,NA,KIDNEY
LB2518MEL,NA,NA,NA,NA,SKIN
LB373MELD,NA,NA,NA,NA,SKIN
LB647SCLC,NA,NA,NA,NA,LUNG
LB771HNC,NA,NA,NA,NA,UPPER_AERODIGESTIVE_TRACT
LB831BLC,NA,NA,NA,NA,URINARY_TRACT
LB996RCC,NA,NA,NA,NA,KIDNEY
LC1,NA,NA,NA,NA,LUNG
LC1F,-3.643277643,-5.523015418,3.727598,4.312879,LUNG
LC1SQSF,NA,NA,4.035088,4.223857,LUNG
LC2AD,NA,NA,NA,NA,LUNG
LC41,NA,NA,NA,NA,HAEMATOPOIETIC_AND_LYMPHOID_TISSUE
LCLC103H,-6.84891686,-1.406726403,3.722742,4.539514,LUNG
LCLC97TM1,-5.001557541,2.806372124,3.680051,7.154248,LUNG
LI7,3.79484061,0.216531846,8.746202,4.775437,LIVER
LIM1215,NA,NA,NA,NA,LARGE_INTESTINE
LK2,-6.26013453,0.104887923,3.599617,5.183547,LUNG
LMSU,-6.637904613,-0.614764783,3.774118,4.29732,STOMACH
LN18,-13,-1.170063336,3.754955,4.575372,CENTRAL_NERVOUS_SYSTEM
LN215,-5.427938907,-5.307676626,3.627196,4.306346,CENTRAL_NERVOUS_SYSTEM
LN229,-3.809116454,-6.996282573,4.004246,4.337922,CENTRAL_NERVOUS_SYSTEM
LN235,-5.441686966,-6.643352992,3.687533,4.577655,CENTRAL_NERVOUS_SYSTEM
LN319,-4.557211874,-1.282826478,3.697826,4.905419,CENTRAL_NERVOUS_SYSTEM
LN340,-13,-4.79521545,3.701161,4.484676,CENTRAL_NERVOUS_SYSTEM
LN382,-7.205227594,-5.669927823,3.700207,4.567568,CENTRAL_NERVOUS_SYSTEM
LN405,NA,NA,NA,NA,CENTRAL_NERVOUS_SYSTEM
LN428,-13,-3.175007863,3.745345,4.562542,CENTRAL_NERVOUS_SYSTEM
LN443,-7.721991594,-9.186691938,3.771309,4.458775,CENTRAL_NERVOUS_SYSTEM
LN464,-7.975374494,-4.352611844,3.902441,4.556428,CENTRAL_NERVOUS_SYSTEM
LNCAPCLONEFGC,-2.632862172,8.565645651,3.959034,12.21543,PROSTATE
LNZ308,-5.165305309,-1.409957144,3.786621,4.68372,CENTRAL_NERVOUS_SYSTEM
LNZTA3WT4,NA,NA,NA,NA,CENTRAL_NERVOUS_SYSTEM
LOUCY,-4.354907716,-5.649683002,3.807566,4.536553,HAEMATOPOIETIC_AND_LYMPHOID_TISSUE
LOUNH91,-4.992265898,-4.720000555,3.923383,4.161742,LUNG
LOVO,0.056574546,3.538684608,4.874441,7.568789,LARGE_INTESTINE
LOXIMVI,-6.895618481,-6.038390632,3.732071,4.475195,SKIN
LP1,-5.880185925,-6.567278687,3.991689,4.438142,HAEMATOPOIETIC_AND_LYMPHOID_TISSUE
LS1034,1.345034298,4.540836209,6.002249,8.539061,LARGE_INTESTINE
LS123,3.113088439,0.144107404,8.197558,4.682565,LARGE_INTESTINE
LS180,-3.226869549,4.229562711,3.997818,8.340325,LARGE_INTESTINE
LS411N,-2.487095249,3.490466296,4.043409,7.645206,LARGE_INTESTINE
LS513,0.067892864,4.722580967,4.663947,7.024006,LARGE_INTESTINE
LU134A,NA,NA,NA,NA,LUNG
LU135,NA,NA,NA,NA,LUNG
LU139,NA,NA,NA,NA,LUNG
LU165,NA,NA,NA,NA,LUNG
LU65,-8.479128385,-5.036938041,3.937283,4.513889,LUNG
LU99,-6.875008499,-5.754746306,4.071407,4.443578,LUNG
LUDLU1,-0.223202544,-3.790264499,4.480334,4.540143,LUNG
LXF289,-13,-4.450003169,3.702709,4.10837,LUNG
M059J,NA,NA,NA,NA,CENTRAL_NERVOUS_SYSTEM
M059K,-6.337589566,-5.217327262,3.801688,4.279284,CENTRAL_NERVOUS_SYSTEM
M07E,0.903631446,-6.068863402,7.07051,4.559656,HAEMATOPOIETIC_AND_LYMPHOID_TISSUE
M14,NA,NA,NA,NA,SKIN
MALME3M,-4.667553224,-1.288979014,3.757468,4.814701,SKIN
MB157,NA,NA,NA,NA,BREAST
MC1010,NA,NA,NA,NA,HAEMATOPOIETIC_AND_LYMPHOID_TISSUE
MC116,-13,-6.033163224,3.783262,4.68445,HAEMATOPOIETIC_AND_LYMPHOID_TISSUE
MCAS,-8.446453667,2.23668708,3.816322,6.349482,OVARY
MCC13,NA,NA,NA,NA,SKIN
MCC26,NA,NA,NA,NA,SKIN
MCCAR,NA,NA,NA,NA,HAEMATOPOIETIC_AND_LYMPHOID_TISSUE
MCF7,-5.153489636,-0.199688472,3.898476,4.838799,BREAST
MCIXC,NA,NA,NA,NA,AUTONOMIC_GANGLIA
MDAMB134VI,-5.959031419,-0.647627702,3.928736,5.087596,BREAST
MDAMB157,-6.769284236,-3.742131387,3.811327,4.334957,BREAST
MDAMB175VII,1.309200435,3.936755641,5.912077,7.797199,BREAST
MDAMB231,-2.363429696,-1.521883383,4.046009,4.33562,BREAST
MDAMB330,NA,NA,NA,NA,BREAST
MDAMB361,-3.459963035,0.905059539,3.797126,5.330787,BREAST
MDAMB415,-3.16807486,2.815941424,3.907081,7.014121,BREAST
MDAMB435S,-6.916585437,-4.878785382,3.954732,4.327596,SKIN
MDAMB436,-5.719898009,-4.661036392,3.719916,4.058177,BREAST
MDAMB453,-5.766912263,1.760853927,3.740436,6.17513,BREAST
MDAMB468,0.087146197,4.691094725,4.680445,8.822317,BREAST
MDAPCA2B,-4.957475595,8.282196219,3.708808,12.03082,PROSTATE
MDST8,-6.353581262,-4.970284611,3.719975,4.42203,LARGE_INTESTINE
ME1,-13,-5.331144332,4.012613,4.652308,HAEMATOPOIETIC_AND_LYMPHOID_TISSUE
ME180,NA,NA,NA,NA,CERVIX
MEC1,-13,-4.748485806,3.743957,4.433128,HAEMATOPOIETIC_AND_LYMPHOID_TISSUE
MEC2,NA,NA,3.677088,4.620729,HAEMATOPOIETIC_AND_LYMPHOID_TISSUE
MEG01,-4.64615227,-4.862925058,4.062368,4.379404,HAEMATOPOIETIC_AND_LYMPHOID_TISSUE
MELHO,-6.262767617,-4.005001833,4.008058,4.574913,SKIN
MELJUSO,-7.699555268,-4.579293154,3.659316,4.611391,SKIN
MESSA,-8.31019137,-5.452963576,3.831095,4.430163,SOFT_TISSUE
MEWO,-13,-2.103392,3.952424,4.616024,SKIN
MFE280,-1.734400547,-4.94452806,3.892837,4.275197,ENDOMETRIUM
MFE296,-5.887310588,-3.274008182,3.757352,4.360501,ENDOMETRIUM
MFE319,-4.121291584,-4.663994481,3.863819,4.368402,ENDOMETRIUM
MFHINO,NA,NA,NA,NA,SOFT_TISSUE
MFM223,NA,NA,NA,NA,BREAST
MG63,-13,-5.474326626,3.900674,4.5187,BONE
MHHCALL2,-8.087630593,-7.230402739,3.804915,4.46858,HAEMATOPOIETIC_AND_LYMPHOID_TISSUE
MHHCALL3,-7.244398755,-6.294061509,3.756192,4.713548,HAEMATOPOIETIC_AND_LYMPHOID_TISSUE
MHHCALL4,-6.910070326,-8.959733025,3.819049,4.397802,HAEMATOPOIETIC_AND_LYMPHOID_TISSUE
MHHES1,-5.409281045,-6.873981386,3.7101,4.362924,BONE
MHHNB11,-7.12244316,-5.85017785,3.957832,4.399858,AUTONOMIC_GANGLIA
MHHPREB1,NA,NA,NA,NA,HAEMATOPOIETIC_AND_LYMPHOID_TISSUE
MIAPACA2,-8.664524591,-3.881297298,3.816126,4.679199,PANCREAS
MINO,-8.126430382,-7.006168255,3.941378,4.419402,HAEMATOPOIETIC_AND_LYMPHOID_TISSUE
MJ,-6.585551274,-2.41604544,3.957156,4.509372,HAEMATOPOIETIC_AND_LYMPHOID_TISSUE
MKL1,NA,NA,NA,NA,SKIN
MKL2,NA,NA,NA,NA,SKIN
MKN1,-2.570639362,1.435618253,3.85283,5.255767,STOMACH
MKN28,NA,NA,NA,NA,STOMACH
MKN45,-1.576042008,1.396121573,4.149649,5.798783,STOMACH
MKN7,-0.819067101,-1.72188848,4.548327,4.677207,STOMACH
MKN74,-0.101772838,-1.439322101,4.716586,4.574778,STOMACH
ML1,-3.934871357,0.419512634,3.919154,4.784404,THYROID
ML2,NA,NA,NA,NA,HAEMATOPOIETIC_AND_LYMPHOID_TISSUE
MLMA,NA,NA,NA,NA,HAEMATOPOIETIC_AND_LYMPHOID_TISSUE
MM1S,-7.826557544,0.244017526,3.959065,5.763532,HAEMATOPOIETIC_AND_LYMPHOID_TISSUE
MMACSF,NA,NA,NA,NA,SKIN
MN60,NA,NA,NA,NA,HAEMATOPOIETIC_AND_LYMPHOID_TISSUE
MOGGCCM,NA,NA,3.843675,4.466207,CENTRAL_NERVOUS_SYSTEM
MOGGUVW,NA,NA,3.677623,4.488609,CENTRAL_NERVOUS_SYSTEM
MOLM13,-6.941693923,-4.821431793,3.848991,4.224644,HAEMATOPOIETIC_AND_LYMPHOID_TISSUE
MOLM16,3.38084798,-7.576206231,9.308211,4.5012,HAEMATOPOIETIC_AND_LYMPHOID_TISSUE
MOLM6,-7.488946408,-6.36868415,3.787099,4.404173,HAEMATOPOIETIC_AND_LYMPHOID_TISSUE
MOLP2,-6.364764465,-6.344037964,3.802667,4.548748,HAEMATOPOIETIC_AND_LYMPHOID_TISSUE
MOLP8,-5.268286847,-1.707451998,3.943933,4.860733,HAEMATOPOIETIC_AND_LYMPHOID_TISSUE
MOLT13,-4.683949295,-4.201116905,3.673232,4.632375,HAEMATOPOIETIC_AND_LYMPHOID_TISSUE
MOLT16,-6.852233154,-7.731970931,4.184361,4.332616,HAEMATOPOIETIC_AND_LYMPHOID_TISSUE
MOLT3,-9.038390897,-5.043659473,3.845899,4.762741,HAEMATOPOIETIC_AND_LYMPHOID_TISSUE
MOLT4,NA,NA,3.963624,4.721565,HAEMATOPOIETIC_AND_LYMPHOID_TISSUE
MON,-13,-13,NA,NA,SOFT_TISSUE
MONOMAC1,-13,-7.952720294,3.703728,4.407857,HAEMATOPOIETIC_AND_LYMPHOID_TISSUE
MONOMAC6,-7.813918867,-7.693656645,3.936435,4.427007,HAEMATOPOIETIC_AND_LYMPHOID_TISSUE
MORCPR,0.426498184,-3.172970587,4.716722,4.779567,LUNG
MOT,NA,NA,NA,NA,HAEMATOPOIETIC_AND_LYMPHOID_TISSUE
MOTN1,NA,NA,3.838471,4.551719,HAEMATOPOIETIC_AND_LYMPHOID_TISSUE
MPP89,-2.842892884,-5.947003511,3.935272,4.236393,PLEURA
MRKNU1,NA,NA,NA,NA,BREAST
MS1,NA,NA,NA,NA,LUNG
MS751,NA,NA,NA,NA,CERVIX
MSTO211H,-7.435013589,-13,3.648161,4.552129,PLEURA
MUTZ2,NA,NA,NA,NA,HAEMATOPOIETIC_AND_LYMPHOID_TISSUE
MUTZ3,-6.81697394,-5.95974607,3.938265,4.766304,HAEMATOPOIETIC_AND_LYMPHOID_TISSUE
MUTZ5,-6.456784881,-6.33652257,3.883351,4.491325,HAEMATOPOIETIC_AND_LYMPHOID_TISSUE
MV411,-7.947913265,-5.605258513,3.927344,4.485409,HAEMATOPOIETIC_AND_LYMPHOID_TISSUE
MYM12,NA,NA,NA,NA,HAEMATOPOIETIC_AND_LYMPHOID_TISSUE
MZ1PC,NA,NA,NA,NA,PANCREAS
MZ2MEL,NA,NA,NA,NA,SKIN
MZ7MEL,NA,NA,NA,NA,SKIN
NALM1,-6.586006985,-7.787672833,3.830103,4.494465,HAEMATOPOIETIC_AND_LYMPHOID_TISSUE
NALM19,-6.020108131,-5.954293656,3.800211,4.480224,HAEMATOPOIETIC_AND_LYMPHOID_TISSUE
NALM6,-13,-7.933781197,3.905229,4.601398,HAEMATOPOIETIC_AND_LYMPHOID_TISSUE
NAMALWA,-6.741345842,-3.505606306,3.668682,4.438333,HAEMATOPOIETIC_AND_LYMPHOID_TISSUE
NB1,-5.296422394,-6.46156238,3.788766,4.573681,AUTONOMIC_GANGLIA
NB10,NA,NA,NA,NA,AUTONOMIC_GANGLIA
NB12,NA,NA,NA,NA,AUTONOMIC_GANGLIA
NB13,NA,NA,NA,NA,AUTONOMIC_GANGLIA
NB14,NA,NA,NA,NA,AUTONOMIC_GANGLIA
NB17,NA,NA,NA,NA,AUTONOMIC_GANGLIA
NB4,-7.762561275,-6.419906739,3.902835,4.483361,HAEMATOPOIETIC_AND_LYMPHOID_TISSUE
NB5,NA,NA,NA,NA,AUTONOMIC_GANGLIA
NB6,NA,NA,NA,NA,AUTONOMIC_GANGLIA
NB69,NA,NA,NA,NA,AUTONOMIC_GANGLIA
NB7,NA,NA,NA,NA,AUTONOMIC_GANGLIA
NBSUSSR,NA,NA,NA,NA,AUTONOMIC_GANGLIA
NBTU110,NA,NA,NA,NA,AUTONOMIC_GANGLIA
NCC010,NA,NA,NA,NA,KIDNEY
NCC021,NA,NA,NA,NA,KIDNEY
NCCIT,NA,NA,NA,NA,TESTIS
NCCSTCK140,5.391680979,-2.579520198,10.33927,4.333685,STOMACH
NCIH1048,-3.799139401,1.863509984,3.823743,5.359508,LUNG
NCIH1092,-3.273107498,-4.681224142,3.777498,4.048908,LUNG
NCIH1105,-1.891421945,-2.911640861,3.918769,4.352178,LUNG
NCIH1155,-6.964601984,-13,3.671,4.535298,LUNG
NCIH1184,-4.482096858,-3.283831969,3.816582,4.380482,LUNG
NCIH128,NA,NA,NA,NA,LUNG
NCIH1299,-3.871921482,-8.290818036,3.842923,4.466719,LUNG
NCIH1304,NA,NA,NA,NA,LUNG
NCIH1339,-5.407666838,-6.024370219,3.771966,4.262493,LUNG
NCIH1341,-3.10648182,-2.742948446,4.004348,4.452727,LUNG
NCIH1355,-1.116355392,-7.242121116,4.402105,4.466455,LUNG
NCIH1373,-7.671325347,-3.069936405,3.616967,4.714519,LUNG
NCIH1385,-5.409472911,-3.914815116,3.843365,4.573326,LUNG
NCIH1395,-6.905043964,-0.803690094,3.868967,4.79514,LUNG
NCIH1417,NA,NA,NA,NA,LUNG
NCIH1435,-0.257394507,2.273979522,4.534245,5.992733,LUNG
NCIH1436,-3.695895212,-4.391921073,3.932437,4.272168,LUNG
NCIH1437,-0.453777293,0.902967824,4.341532,5.467373,LUNG
NCIH146,-6.137663726,-3.727894797,3.718074,4.491393,LUNG
NCIH1563,-4.85357629,-6.125631511,3.766455,4.106846,LUNG
NCIH1568,0.769127479,-2.02492786,4.640723,4.511282,LUNG
NCIH1573,-2.003492376,1.434196668,3.852064,5.266103,LUNG
NCIH1581,-7.659380535,-5.664649175,3.786029,4.158893,LUNG
NCIH1618,-3.117754933,-3.940007361,3.81658,4.285693,LUNG
NCIH1623,-1.275351989,-5.337614667,3.819383,4.379844,LUNG
NCIH1648,-0.717910846,1.343196697,4.337774,5.063862,LUNG
NCIH1650,0.936366111,-0.310073988,5.356983,4.843348,LUNG
NCIH1651,-5.084968606,1.739427831,3.658861,5.830774,LUNG
NCIH1666,-2.21179924,-6.085890374,4.074695,4.450079,LUNG
NCIH1688,NA,NA,NA,NA,LUNG
NCIH1693,-4.902395723,-3.719397705,4.012739,4.298885,LUNG
NCIH1694,-2.385086543,-13,4.440273,4.479468,LUNG
NCIH1703,-6.462320895,-6.511983621,3.894616,4.422581,LUNG
NCIH1734,-3.476901963,1.503329949,3.701678,5.808569,LUNG
NCIH1755,-5.810508099,-5.052815759,3.709513,4.312173,LUNG
NCIH1770,NA,NA,NA,NA,LUNG
NCIH1781,-0.045408472,4.295328381,4.860099,8.201521,LUNG
NCIH1792,-6.281565477,-5.260838999,3.91838,4.386049,LUNG
NCIH1793,-6.031223801,-3.210521776,3.832714,4.431438,LUNG
NCIH1819,-1.077655512,-3.804023212,NA,NA,LUNG
NCIH1836,-4.228087646,-6.692787932,3.844134,4.258869,LUNG
NCIH1838,-6.138139458,-5.017877233,3.970159,4.194508,LUNG
NCIH1869,-0.348662377,0.462617969,4.584114,5.162119,LUNG
NCIH187,NA,NA,NA,NA,LUNG
NCIH1876,-4.990173945,-1.51627474,3.914835,4.260753,LUNG
NCIH1915,-6.029209584,-6.716302316,3.854808,4.416501,LUNG
NCIH1930,-4.562976042,-0.663103953,3.645886,4.584545,LUNG
NCIH1944,-1.682445787,-8.548025526,4.464058,4.514953,LUNG
NCIH196,-13,-13,3.737043,4.550957,LUNG
NCIH1963,-4.095573198,-8.083835427,3.836498,4.394649,LUNG
NCIH1975,-4.479152358,-4.33379919,3.668093,4.459292,LUNG
NCIH1993,NA,NA,NA,NA,LUNG
NCIH2004RT,-13,-7.271500658,NA,NA,SOFT_TISSUE
NCIH2009,-3.873510561,-2.279317047,3.849625,4.481173,LUNG
NCIH2023,-4.157925071,-4.423316491,3.73706,4.209505,LUNG
NCIH2029,-5.794830056,1.25024463,4.408554,5.50682,LUNG
NCIH2030,-4.097227634,-6.661463676,3.792067,4.27532,LUNG
NCIH2052,-6.896631023,-13,3.665877,4.093801,PLEURA
NCIH2066,-13,0.915475873,3.719184,5.038194,LUNG
NCIH2073,-3.961427246,-4.288623842,3.710414,4.471705,LUNG
NCIH2077,-7.104309349,-7.569009647,NA,NA,LUNG
NCIH2081,-5.276881444,-3.834691052,3.844068,4.126007,LUNG
NCIH2085,-2.717650481,-2.955281881,4.0058,4.594647,LUNG
NCIH2087,-3.633668447,2.318332758,3.986862,6.130084,LUNG
NCIH209,-6.293280568,-6.173018381,3.628151,4.23113,LUNG
NCIH2106,-2.390188216,-5.662243368,3.989752,4.577597,LUNG
NCIH211,-2.68929875,-3.758070368,4.345402,4.658672,LUNG
NCIH2110,1.032089123,-3.818307682,5.243141,4.434584,LUNG
NCIH2122,-0.645420365,-1.379007801,4.316516,4.606835,LUNG
NCIH2126,0.22438403,3.123209069,4.762011,7.407074,LUNG
NCIH2135,NA,NA,NA,NA,LUNG
NCIH2141,NA,NA,3.874255,4.428523,LUNG
NCIH2170,-8.586236896,-6.050937229,3.898223,4.491994,LUNG
NCIH2171,-4.471962676,-7.744017839,3.751446,4.372526,LUNG
NCIH2172,-4.373563827,-6.216775724,3.996837,4.152167,LUNG
NCIH2196,-7.80399979,2.040776325,3.496202,5.878787,LUNG
NCIH2227,-8.595351366,-9.060051665,3.754737,4.262194,LUNG
NCIH2228,-5.480271136,1.403019047,3.726296,4.722537,LUNG
NCIH226,-6.636477451,-6.779249571,4.137707,4.41626,LUNG
NCIH2286,-8.978570618,-8.44327096,3.827808,4.272774,LUNG
NCIH2291,-3.116311955,2.106977718,3.975611,5.828907,LUNG
NCIH23,-4.808151895,-5.038386834,3.698221,4.427592,LUNG
NCIH2342,-0.80513526,3.132723439,4.728272,7.012266,LUNG
NCIH2347,-1.716230688,3.270122628,4.127185,7.489045,LUNG
NCIH2373,NA,NA,NA,NA,PLEURA
NCIH2405,-13,-3.303588601,3.708512,4.375361,LUNG
NCIH2444,-2.573656023,3.329751181,3.933111,7.179866,LUNG
NCIH2452,-13,-6.836164092,3.731635,4.310738,PLEURA
NCIH2461,NA,NA,NA,NA,PLEURA
NCIH250,NA,NA,NA,NA,LUNG
NCIH2591,NA,NA,NA,NA,PLEURA
NCIH2595,NA,NA,NA,NA,PLEURA
NCIH2722,NA,NA,NA,NA,PLEURA
NCIH2731,NA,NA,NA,NA,PLEURA
NCIH2795,NA,NA,NA,NA,PLEURA
NCIH28,-5.826552359,-7.291252667,3.932847,4.707062,PLEURA
NCIH2803,NA,NA,NA,NA,PLEURA
NCIH2804,NA,NA,NA,NA,PLEURA
NCIH2810,NA,NA,NA,NA,PLEURA
NCIH2818,NA,NA,NA,NA,PLEURA
NCIH2869,NA,NA,NA,NA,PLEURA
NCIH2882,-13,-6.477150437,NA,NA,LUNG
NCIH2887,-4.510186821,2.186904629,NA,NA,LUNG
NCIH292,-1.020036543,-3.289185896,3.968938,4.289744,LUNG
NCIH3122,-4.005117639,-0.68322144,NA,NA,LUNG
NCIH322,-2.492342408,-4.438911606,4.15034,4.296206,LUNG
NCIH3255,3.075061419,2.833618795,7.8351,7.400165,LUNG
NCIH345,NA,NA,NA,NA,LUNG
NCIH358,-4.359228374,-3.092745397,3.771782,4.348737,LUNG
NCIH378,NA,NA,NA,NA,LUNG
NCIH441,-1.977263588,4.697726828,3.886552,9.020434,LUNG
NCIH446,-5.906767504,-6.786505186,3.723659,4.207656,LUNG
NCIH460,-3.158832075,-7.038569824,3.942843,4.331739,LUNG
NCIH508,1.647608178,4.777908431,6.115525,8.584958,LARGE_INTESTINE
NCIH510,-3.740435587,-1.330666697,3.682355,4.797415,LUNG
NCIH513,NA,NA,NA,NA,PLEURA
NCIH520,-4.935878441,-2.004225605,3.814639,4.568859,LUNG
NCIH522,-8.790466465,-7.670204346,3.768669,4.393446,LUNG
NCIH524,-3.740528397,-4.925120631,3.580162,4.30505,LUNG
NCIH526,-2.549672226,-3.336300537,3.90612,4.254941,LUNG
NCIH596,1.10297654,-1.31462657,6.064894,4.491368,LUNG
NCIH630,NA,NA,NA,NA,LARGE_INTESTINE
NCIH64,NA,NA,NA,NA,LUNG
NCIH647,-4.657568271,-2.703315919,3.698117,4.268083,LUNG
NCIH650,-7.545950646,-6.425688508,3.764919,4.205112,LUNG
NCIH660,-4.33877991,-0.051266869,3.703993,4.772575,PROSTATE
NCIH661,-13,-6.092135623,3.667404,4.36362,LUNG
NCIH684,4.291153833,5.289032602,9.119185,9.305001,LIVER
NCIH69,-7.73528968,-13,4.046898,4.223103,LUNG
NCIH716,-1.711222617,-4.248679263,4.00038,4.339749,LARGE_INTESTINE
NCIH720,NA,NA,NA,NA,LUNG
NCIH727,-5.066018018,-0.999336815,3.778478,4.46687,LUNG
NCIH740,NA,NA,NA,NA,LUNG
NCIH747,-2.19576635,0.785400283,4.03364,4.957008,LARGE_INTESTINE
NCIH748,NA,NA,NA,NA,LUNG
NCIH810,-5.919625011,-4.547823875,3.710678,4.414882,LUNG
NCIH82,-7.57233549,-9.037035705,3.75381,4.219196,LUNG
NCIH820,NA,NA,NA,NA,LUNG
NCIH835,NA,NA,NA,NA,LUNG
NCIH838,-8.145979801,-7.610680087,4.005262,4.479476,LUNG
NCIH841,-8.916947945,-5.574293249,3.616001,4.48794,LUNG
NCIH847,NA,NA,NA,NA,LUNG
NCIH854,-6.840487394,-1.675830993,3.599524,4.734813,LUNG
NCIH889,-6.094059704,-7.558760035,3.660832,4.431613,LUNG
NCIH929,-6.023393314,-6.318168598,3.950833,4.778259,HAEMATOPOIETIC_AND_LYMPHOID_TISSUE
NCIN87,-2.841818864,-1.149650322,3.829407,4.412293,STOMACH
NCO2,-2.377125301,-7.175726252,4.313221,4.534766,HAEMATOPOIETIC_AND_LYMPHOID_TISSUE
NEC8,NA,NA,NA,NA,TESTIS
NH12,NA,NA,NA,NA,AUTONOMIC_GANGLIA
NH6,-3.914231596,-7.601324275,3.995901,4.746676,AUTONOMIC_GANGLIA
NHAHTDD,-7.348372342,-4.874473174,3.548521,4.374485,CENTRAL_NERVOUS_SYSTEM
NIHOVCAR3,-4.150887491,0.615366738,3.684446,4.805961,OVARY
NK92MI,NA,NA,NA,NA,HAEMATOPOIETIC_AND_LYMPHOID_TISSUE
NKM1,NA,NA,NA,NA,HAEMATOPOIETIC_AND_LYMPHOID_TISSUE
NMCG1,-3.681355141,-3.50072038,3.886313,4.419279,CENTRAL_NERVOUS_SYSTEM
NO10,NA,NA,NA,NA,CENTRAL_NERVOUS_SYSTEM
NO11,NA,NA,NA,NA,CENTRAL_NERVOUS_SYSTEM
NOMO1,-6.362241618,-6.241979347,3.663391,4.426031,HAEMATOPOIETIC_AND_LYMPHOID_TISSUE
NOS1,NA,NA,NA,NA,BONE
NTERA2CLD1,NA,NA,NA,NA,TESTIS
NUDHL1,-9.08230524,-6.739650533,3.898359,4.750797,HAEMATOPOIETIC_AND_LYMPHOID_TISSUE
NUDUL1,-8.684291527,-2.657138613,4.100873,4.821968,HAEMATOPOIETIC_AND_LYMPHOID_TISSUE
NUGC2,1.734876006,-1.625258316,6.034549,4.450915,STOMACH
NUGC3,-5.624112094,-0.033529929,3.74926,5.056318,STOMACH
NUGC4,0.768664812,2.262637702,5.363655,5.49738,STOMACH
NY,NA,NA,NA,NA,BONE
OACM51,NA,NA,NA,NA,OESOPHAGUS
OACP4C,NA,NA,NA,NA,OESOPHAGUS
OAW28,0.285583821,-0.016845029,4.604788,4.506595,OVARY
OAW42,-0.2802401,-7.13037133,4.715151,4.31038,OVARY
OC314,-7.727318109,-4.668456481,3.614133,4.322634,OVARY
OC315,NA,NA,3.701223,4.195181,OVARY
OC316,NA,NA,3.727892,4.207231,OVARY
OCIAML2,-7.753132144,-7.632869906,3.828805,4.410605,HAEMATOPOIETIC_AND_LYMPHOID_TISSUE
OCIAML3,-6.161670972,-6.626371334,3.886236,4.46254,HAEMATOPOIETIC_AND_LYMPHOID_TISSUE
OCIAML5,-7.763977338,-4.228677583,3.787479,4.27949,HAEMATOPOIETIC_AND_LYMPHOID_TISSUE
OCILY10,NA,NA,4.264447,4.364064,HAEMATOPOIETIC_AND_LYMPHOID_TISSUE
OCILY19,-8.967706361,-7.110478398,3.815796,4.458625,HAEMATOPOIETIC_AND_LYMPHOID_TISSUE
OCILY3,-7.482044251,-6.568232836,3.84791,4.675223,HAEMATOPOIETIC_AND_LYMPHOID_TISSUE
OCILY7,NA,NA,NA,NA,HAEMATOPOIETIC_AND_LYMPHOID_TISSUE
OCIM1,-2.968643067,-7.548820463,3.970026,4.30385,HAEMATOPOIETIC_AND_LYMPHOID_TISSUE
OCIMY5,-6.18187465,-8.231537399,3.940316,4.617765,HAEMATOPOIETIC_AND_LYMPHOID_TISSUE
OCIMY7,-5.33819766,-5.424386318,3.819422,4.759283,HAEMATOPOIETIC_AND_LYMPHOID_TISSUE
OCUBM,NA,NA,NA,NA,BREAST
OCUM1,-0.305689622,4.941537246,4.491125,9.203632,STOMACH
OE19,-6.45856066,3.065991604,3.812353,7.956598,OESOPHAGUS
OE21,-0.712575625,-6.34720086,4.387993,4.452627,OESOPHAGUS
OE33,-1.912168637,2.727467647,3.89393,5.212525,OESOPHAGUS
OELE,-5.487965356,-2.454414836,3.840305,4.589351,OVARY
OMC1,NA,NA,NA,NA,CERVIX
ONCODG1,-3.551292579,-0.79136197,3.72028,4.607052,OVARY
ONS76,-5.746911532,-0.869219566,3.694198,4.694882,CENTRAL_NERVOUS_SYSTEM
OPM1,-3.557918588,-5.363655723,3.750654,4.783484,HAEMATOPOIETIC_AND_LYMPHOID_TISSUE
OPM2,-4.000520169,-7.050182905,3.899462,4.568574,HAEMATOPOIETIC_AND_LYMPHOID_TISSUE
OSC19,NA,NA,NA,NA,UPPER_AERODIGESTIVE_TRACT
OSC20,NA,NA,NA,NA,UPPER_AERODIGESTIVE_TRACT
OSRC2,-3.291555439,-4.503489587,3.752294,4.420407,KIDNEY
OUMS23,4.882713846,2.369616381,9.409887,6.356954,LARGE_INTESTINE
OUMS27,NA,NA,3.778013,6.601681,BONE
OV17R,NA,NA,NA,NA,OVARY
OV56,-6.67888045,-5.006077234,3.852979,4.602342,OVARY
OV7,-8.710391948,-7.590129761,3.720973,4.414355,OVARY
OV90,6.540876402,0.432017552,11.31262,4.559697,OVARY
OVCA420,NA,NA,NA,NA,OVARY
OVCA433,NA,NA,NA,NA,OVARY
OVCAR4,-1.96857037,-0.953527243,4.121418,4.823001,OVARY
OVCAR5,NA,NA,3.599615,4.776665,OVARY
OVCAR8,-13,-7.414770492,3.91053,4.141493,OVARY
OVISE,5.360859405,-1.172405123,7.977829,4.937122,OVARY
OVK18,-5.860884305,5.979137581,3.738174,10.02471,OVARY
OVKATE,-2.216616639,2.430892633,3.967378,6.113056,OVARY
OVMANA,-2.185528915,-2.024294834,4.01977,4.883988,OVARY
OVMIU,NA,NA,NA,NA,OVARY
OVSAHO,-4.396928803,0.195821237,3.77347,5.074871,OVARY
OVTOKO,3.545203706,-7.801120369,7.829751,4.753461,OVARY
P12ICHIKAWA,-5.956186694,-5.783457053,4.017404,4.72811,HAEMATOPOIETIC_AND_LYMPHOID_TISSUE
P30OHK,NA,NA,NA,NA,HAEMATOPOIETIC_AND_LYMPHOID_TISSUE
P31FUJ,-4.734465357,-7.047162526,3.781446,4.433505,HAEMATOPOIETIC_AND_LYMPHOID_TISSUE
P32ISH,NA,NA,NA,NA,HAEMATOPOIETIC_AND_LYMPHOID_TISSUE
P3HR1,-6.310300338,-7.038034962,3.786579,4.687364,HAEMATOPOIETIC_AND_LYMPHOID_TISSUE
PA1,NA,NA,NA,NA,OVARY
PANC0203,-3.893648407,0.087518198,3.836877,4.661486,PANCREAS
PANC0213,-1.571595481,-7.727457632,3.897323,4.159706,PANCREAS
PANC0327,-3.89729155,-0.198016107,3.748341,4.695476,PANCREAS
PANC0403,-3.380439116,2.59173234,3.666562,6.564764,PANCREAS
PANC0504,-1.438855071,2.071922369,4.179448,5.882688,PANCREAS
PANC0813,-5.105853165,3.928930174,3.759509,8.06279,PANCREAS
PANC1,-6.571005178,1.653710279,3.927636,5.283403,PANCREAS
PANC1005,-4.415789833,-4.295527559,3.748594,4.304065,PANCREAS
PATU8902,-4.050292155,-2.339905716,3.819465,4.554418,PANCREAS
PATU8988S,-5.27963152,2.890060502,3.983968,6.563777,PANCREAS
PATU8988T,-7.038422159,-5.503122335,3.744066,4.572217,PANCREAS
PC14,-0.467129986,-4.521080071,4.392097,4.362417,LUNG
PC3,-4.418143062,2.066554362,3.905953,5.874016,PROSTATE
PC3JPC3,NA,NA,NA,NA,LUNG
PC9,-0.35328782,1.128131079,NA,NA,LUNG
PCI15A,NA,NA,NA,NA,UPPER_AERODIGESTIVE_TRACT
PCI30,NA,NA,NA,NA,UPPER_AERODIGESTIVE_TRACT
PCI38,NA,NA,NA,NA,UPPER_AERODIGESTIVE_TRACT
PCI4B,NA,NA,NA,NA,UPPER_AERODIGESTIVE_TRACT
PCI6A,NA,NA,NA,NA,UPPER_AERODIGESTIVE_TRACT
PCM6,NA,NA,4.101332,4.261023,HAEMATOPOIETIC_AND_LYMPHOID_TISSUE
PECAPJ15,-0.026461851,-1.384247013,5.361487,4.613777,UPPER_AERODIGESTIVE_TRACT
PECAPJ34CLONEC12,-0.024216042,-0.598889112,5.529594,4.63612,UPPER_AERODIGESTIVE_TRACT
PECAPJ41CLONED2,0.709341537,-5.040760795,6.388656,4.539589,UPPER_AERODIGESTIVE_TRACT
PECAPJ49,-2.27966127,-3.24031902,4.072769,4.353379,UPPER_AERODIGESTIVE_TRACT
PEER,-4.115729689,-6.065856806,3.969262,4.474307,HAEMATOPOIETIC_AND_LYMPHOID_TISSUE
PEO1,NA,NA,NA,NA,OVARY
PETA,NA,NA,NA,NA,SKIN
PF382,-7.650736322,-6.530474062,3.873108,4.551047,HAEMATOPOIETIC_AND_LYMPHOID_TISSUE
PFEIFFER,-8.107365472,-4.402140666,3.976605,4.628747,HAEMATOPOIETIC_AND_LYMPHOID_TISSUE
PFSK1,NA,NA,NA,NA,CENTRAL_NERVOUS_SYSTEM
PK1,-2.647364766,-9.241347962,4.060665,4.365989,PANCREAS
PK45H,-6.854275689,0.743879694,3.722191,4.784368,PANCREAS
PK59,-3.530782499,0.437476771,3.712623,5.032256,PANCREAS
PL18,NA,NA,NA,NA,PANCREAS
PL21,-13,-5.198343932,3.873452,4.674944,HAEMATOPOIETIC_AND_LYMPHOID_TISSUE
PL4,NA,NA,NA,NA,PANCREAS
PL45,NA,NA,3.931478,4.639472,PANCREAS
PLB985,-13,-7.741511025,3.680452,4.860545,HAEMATOPOIETIC_AND_LYMPHOID_TISSUE
PLCPRF5,-4.510724205,1.105659344,4.022094,5.181098,LIVER
PRECLH,-4.539916621,-4.705056512,3.833654,4.767577,PROSTATE
PSN1,-13,0.976425326,3.759018,5.485261,PANCREAS
PWR1E,NA,NA,NA,NA,PROSTATE
QGP1,-5.076036137,-1.782291185,3.67364,4.510387,PANCREAS
QIMRWIL,NA,NA,NA,NA,HAEMATOPOIETIC_AND_LYMPHOID_TISSUE
RAJI,-13,-9.53246609,3.852669,4.777595,HAEMATOPOIETIC_AND_LYMPHOID_TISSUE
RAMOS2G64C10,NA,NA,NA,NA,HAEMATOPOIETIC_AND_LYMPHOID_TISSUE
RCC10RGB,-6.42700355,-4.529133755,3.80869,4.395878,KIDNEY
RCC4,NA,NA,8.120617,4.290187,KIDNEY
RCCAB,NA,NA,NA,NA,KIDNEY
RCCER,NA,NA,NA,NA,KIDNEY
RCCFG2,NA,NA,NA,NA,KIDNEY
RCCJF,NA,NA,NA,NA,KIDNEY
RCCJW,NA,NA,NA,NA,KIDNEY
RCCMF,NA,NA,NA,NA,KIDNEY
RCHACV,-5.962412328,-5.94168583,3.854909,4.693158,HAEMATOPOIETIC_AND_LYMPHOID_TISSUE
RCK8,NA,NA,NA,NA,HAEMATOPOIETIC_AND_LYMPHOID_TISSUE
RCM1,0.002281265,4.968843683,4.411269,8.80127,LARGE_INTESTINE
RD,-13,-7.099942494,3.667008,4.181134,SOFT_TISSUE
RDES,-3.932332759,-5.04910963,3.879692,4.432225,BONE
REC1,-7.035530889,-5.692876198,3.794444,4.434711,HAEMATOPOIETIC_AND_LYMPHOID_TISSUE
REH,-7.563970697,-6.443708428,3.668622,4.342752,HAEMATOPOIETIC_AND_LYMPHOID_TISSUE
RERFGC1B,2.464050488,-0.319003894,7.140367,4.486273,STOMACH
RERFLCAD1,-2.891163556,3.004538699,3.901219,6.644553,LUNG
RERFLCAD2,-1.04048201,-0.649917351,3.980016,4.734741,LUNG
RERFLCAI,-5.418892879,-5.883593053,3.745238,4.204121,LUNG
RERFLCFM,NA,NA,NA,NA,LUNG
RERFLCKJ,-1.977762243,3.220775665,4.338501,6.716066,LUNG
RERFLCMS,-5.690113613,-5.569851462,3.73981,4.527612,LUNG
RERFLCSQ1,-7.392975654,-6.120710297,3.711666,4.39204,LUNG
RF48,NA,NA,NA,NA,STOMACH
RH1,NA,NA,NA,NA,SOFT_TISSUE
RH18,-7.412889202,-4.762112313,3.7399,4.133414,SOFT_TISSUE
RH30,-7.507205877,-5.971906097,3.587369,4.205051,SOFT_TISSUE
RH41,-3.502002264,-6.585612441,3.799664,4.191186,SOFT_TISSUE
RI1,-13,-4.380198917,3.895447,4.654811,HAEMATOPOIETIC_AND_LYMPHOID_TISSUE
RKN,-7.052297435,-5.610107046,3.79266,4.418294,SOFT_TISSUE
RKO,-13,-6.677389639,4.037341,4.630239,LARGE_INTESTINE
RL,-13,-5.631641281,3.891636,4.879574,HAEMATOPOIETIC_AND_LYMPHOID_TISSUE
RL952,0.361488974,0.350820511,4.902711,5.014626,ENDOMETRIUM
RMGI,-3.843882505,-7.11593776,3.839785,4.351203,OVARY
RMUGS,1.079517824,-3.410717578,5.506711,4.740322,OVARY
RO82W1,NA,NA,NA,NA,THYROID
ROS50,NA,NA,NA,NA,HAEMATOPOIETIC_AND_LYMPHOID_TISSUE
RPMI2650,NA,NA,NA,NA,UPPER_AERODIGESTIVE_TRACT
RPMI6666,NA,NA,3.672803,4.284532,HAEMATOPOIETIC_AND_LYMPHOID_TISSUE
RPMI7951,-6.776288731,-4.111705921,3.82031,4.446089,SKIN
RPMI8226,-8.494454332,0.548640026,3.854765,5.547908,HAEMATOPOIETIC_AND_LYMPHOID_TISSUE
RPMI8402,-6.50006752,-6.479341039,3.914785,4.683739,HAEMATOPOIETIC_AND_LYMPHOID_TISSUE
RPMI8866,NA,NA,NA,NA,HAEMATOPOIETIC_AND_LYMPHOID_TISSUE
RS411,-4.651038086,-7.115738354,3.787875,4.441075,HAEMATOPOIETIC_AND_LYMPHOID_TISSUE
RS5,-6.129623427,-5.687433026,3.82733,4.11853,PLEURA
RT112,-1.076028432,-0.460847935,3.996122,4.613535,URINARY_TRACT
RT11284,NA,NA,3.902772,4.593204,URINARY_TRACT
RT4,-1.931949303,4.398601623,4.180343,8.073887,URINARY_TRACT
RVH421,-4.217690804,-2.452093379,3.801763,4.323124,SKIN
RXF393,NA,NA,NA,NA,KIDNEY
S117,-6.24033314,-5.705033382,3.893559,4.703135,SOFT_TISSUE
SALE,-2.96669413,-0.568897901,3.81156,4.91595,LUNG
SAOS2,-4.927517999,-3.182764924,3.771397,4.446267,BONE
SARC9371,NA,NA,NA,NA,BONE
SAS,NA,NA,NA,NA,UPPER_AERODIGESTIVE_TRACT
SAT,NA,NA,NA,NA,UPPER_AERODIGESTIVE_TRACT
SBC1,NA,NA,NA,NA,LUNG
SBC3,NA,NA,NA,NA,LUNG
SBC5,-6.532911804,-6.319540137,3.60985,4.357034,LUNG
SC1,NA,NA,NA,NA,HAEMATOPOIETIC_AND_LYMPHOID_TISSUE
SCABER,-0.746733753,-5.293583134,4.438996,4.50794,URINARY_TRACT
SCC15,0.125292537,0.288934349,4.82518,4.872739,UPPER_AERODIGESTIVE_TRACT
SCC25,0.43149939,-9.232873229,5.864409,4.354999,UPPER_AERODIGESTIVE_TRACT
SCC3,NA,NA,NA,NA,HAEMATOPOIETIC_AND_LYMPHOID_TISSUE
SCC4,-1.21892189,-1.795888308,4.013733,4.314251,UPPER_AERODIGESTIVE_TRACT
SCC9,-2.121385682,-5.464407328,4.103813,4.217735,UPPER_AERODIGESTIVE_TRACT
SCC90,NA,NA,NA,NA,UPPER_AERODIGESTIVE_TRACT
SCH,NA,NA,NA,NA,STOMACH
SCLC21H,-5.347454993,-8.134083363,3.810812,4.4692,LUNG
SEM,-5.795138751,-9.067193949,3.870246,4.434037,HAEMATOPOIETIC_AND_LYMPHOID_TISSUE
SET2,0.050755066,-6.753795079,5.529685,4.289621,HAEMATOPOIETIC_AND_LYMPHOID_TISSUE
SF126,-6.200073872,-7.249736577,3.925577,4.27174,CENTRAL_NERVOUS_SYSTEM
SF172,-6.100688996,-2.406959887,3.797808,4.808817,CENTRAL_NERVOUS_SYSTEM
SF268,-4.445573802,-6.288785712,3.770352,4.610405,CENTRAL_NERVOUS_SYSTEM
SF295,-5.225349452,-4.583134452,3.82313,4.412761,CENTRAL_NERVOUS_SYSTEM
SF539,-6.573112211,-2.964563387,3.59462,4.6288,CENTRAL_NERVOUS_SYSTEM
SF767,2.486524249,-0.300662132,7.902519,4.8351,CENTRAL_NERVOUS_SYSTEM
SF8657,NA,NA,NA,NA,SKIN
SH10TC,-6.54467441,-6.424412168,3.804483,4.600352,STOMACH
SH4,-4.623266238,-3.962435619,3.687452,4.233109,SKIN
SHP77,-7.728297334,-6.871069404,3.719005,4.477948,LUNG
SHSY5Y,NA,NA,3.704042,4.235355,AUTONOMIC_GANGLIA
SIGM5,-7.70932314,-6.174023402,3.8743,4.469396,HAEMATOPOIETIC_AND_LYMPHOID_TISSUE
SIHA,-6.622737035,-4.087437345,3.734547,4.549191,CERVIX
SIMA,-6.294230211,-7.758930557,3.821006,4.262652,AUTONOMIC_GANGLIA
SISO,NA,NA,NA,NA,CERVIX
SJRH30,NA,NA,3.826552,4.287293,SOFT_TISSUE
SJSA1,-6.118470102,-6.846204774,3.631224,4.206786,BONE
SKBR3,-4.745181855,2.259985862,3.818778,6.681405,BREAST
SKCO1,1.372730647,4.439033413,6.53322,8.015986,LARGE_INTESTINE
SKES1,-5.267626868,-5.184839156,3.835772,4.105032,BONE
SKGIIIA,NA,NA,NA,NA,CERVIX
SKGT2,NA,NA,NA,NA,STOMACH
SKGT4,NA,NA,NA,NA,OESOPHAGUS
SKHEP1,-8.83511409,-13,3.848396,4.342765,LIVER
SKLMS1,-6.355220628,-9.141849072,3.771796,4.141642,SOFT_TISSUE
SKLU1,-7.1384443,-5.795789628,3.830601,4.380955,LUNG
SKM1,-7.997437328,-6.654782653,3.66284,4.25417,HAEMATOPOIETIC_AND_LYMPHOID_TISSUE
SKMEL1,-6.935640256,0.105470883,3.788541,5.015229,SKIN
SKMEL2,NA,NA,3.906301,4.420349,SKIN
SKMEL24,-6.274072753,-4.591931662,3.747883,4.219277,SKIN
SKMEL28,-4.138224251,-3.307468672,3.778321,4.39069,SKIN
SKMEL3,-6.269219656,-4.148957383,3.795682,4.318426,SKIN
SKMEL30,-5.690864527,-3.76324724,3.864511,4.446327,SKIN
SKMEL31,-1.765716113,-3.804652426,3.972646,4.406552,SKIN
SKMEL5,-3.406558154,-4.584954203,3.777193,4.376536,SKIN
SKMES1,-6.372835081,0.46075634,3.627695,4.649875,LUNG
SKMG1,NA,NA,NA,NA,CENTRAL_NERVOUS_SYSTEM
SKMM2,-13,-6.674293377,3.871877,4.238184,HAEMATOPOIETIC_AND_LYMPHOID_TISSUE
SKN,NA,NA,NA,NA,URINARY_TRACT
SKN3,NA,NA,NA,NA,UPPER_AERODIGESTIVE_TRACT
SKNAS,-6.346165539,-6.810865723,3.912504,4.299628,AUTONOMIC_GANGLIA
SKNBE2,-4.945563771,-6.410263944,3.807094,4.408459,AUTONOMIC_GANGLIA
SKNDZ,-4.907358013,-6.050130108,3.769281,4.351242,AUTONOMIC_GANGLIA
SKNEP1,-5.536495957,-7.808551256,NA,NA,BONE
SKNFI,-5.13484869,-6.921477144,3.928308,4.448711,AUTONOMIC_GANGLIA
SKNMC,-5.822805712,-5.650076034,3.882713,4.309972,BONE
SKNO1,-13,-7.250147345,3.709334,4.65367,HAEMATOPOIETIC_AND_LYMPHOID_TISSUE
SKNSH,-6.878170256,-5.883438852,3.835029,4.116051,AUTONOMIC_GANGLIA
SKOV3,-5.323502681,-5.958127828,3.737116,4.313525,OVARY
SKPNDW,-13,-13,NA,NA,BONE
SKRC20,-3.614028752,-4.261593189,3.905075,4.466108,KIDNEY
SKRC31,NA,NA,3.644897,4.760567,KIDNEY
SKUT1,-9.036142414,-5.915880163,3.786425,4.486728,SOFT_TISSUE
SLR20,-6.774174765,-6.916946971,3.623264,4.551049,KIDNEY
SLR21,-5.02888012,-6.300935316,3.965712,4.607734,KIDNEY
SLR23,0.886773576,-6.264427243,5.103932,4.387921,KIDNEY
SLR24,-3.864840752,-5.865593892,3.922904,4.230498,KIDNEY
SLR25,-4.582869615,-7.29549748,3.843503,4.588108,KIDNEY
SLR26,-3.25656094,-8.449181598,3.860753,4.724305,KIDNEY
SLVL,NA,NA,NA,NA,HAEMATOPOIETIC_AND_LYMPHOID_TISSUE
SMSCTR,NA,NA,NA,NA,SOFT_TISSUE
SN12C,NA,NA,NA,NA,KIDNEY
SNB19,NA,NA,3.895304,4.482002,CENTRAL_NERVOUS_SYSTEM
SNB75,-4.961479657,-2.307238723,3.702131,4.536702,CENTRAL_NERVOUS_SYSTEM
SNGM,-3.167442645,-6.058407683,3.850722,4.443391,ENDOMETRIUM
SNU1,-6.78093121,-5.245631546,3.92984,4.41647,STOMACH
SNU1033,-0.425523345,4.524909431,4.320817,8.184592,LARGE_INTESTINE
SNU1040,-1.310514566,1.09212223,4.307002,5.005642,LARGE_INTESTINE
SNU1041,-2.316039918,2.051653381,4.145375,5.778454,UPPER_AERODIGESTIVE_TRACT
SNU1066,2.842889892,1.9239606,7.768688,5.285751,UPPER_AERODIGESTIVE_TRACT
SNU1076,2.800279136,-0.657878252,7.657064,4.667219,UPPER_AERODIGESTIVE_TRACT
SNU1077,1.682604925,-3.207116789,6.286138,4.16941,ENDOMETRIUM
SNU1079,-6.847294752,-6.727032556,3.709574,4.323878,BILIARY_TRACT
SNU1105,-5.371711777,-4.113946052,3.942025,4.275285,CENTRAL_NERVOUS_SYSTEM
SNU119,-1.908648716,-1.245455994,4.106577,4.513266,OVARY
SNU1196,-4.395621874,2.120769433,3.81342,5.761961,BILIARY_TRACT
SNU1197,-2.312726419,2.522475095,4.102176,6.68455,LARGE_INTESTINE
SNU1214,2.339186176,-5.583305282,7.845177,4.304548,UPPER_AERODIGESTIVE_TRACT
SNU1272,-5.443457461,-7.286669288,3.810277,4.311054,KIDNEY
SNU16,2.647460622,3.116498327,7.373614,6.93924,STOMACH
SNU175,-5.715854242,4.895927183,3.869873,7.596516,LARGE_INTESTINE
SNU182,-2.697437351,-4.937431228,3.97412,4.359934,LIVER
SNU201,-4.283347032,-3.818436574,3.560507,4.351801,CENTRAL_NERVOUS_SYSTEM
SNU213,-2.052346298,4.12034104,3.924896,7.764833,PANCREAS
SNU216,0.763081241,0.069862408,5.065486,5.056122,STOMACH
SNU245,0.59724137,4.777474859,5.391832,8.92807,BILIARY_TRACT
SNU283,-1.562634355,5.173783866,4.175791,9.043746,LARGE_INTESTINE
SNU308,-0.043005861,-1.605382138,4.785922,4.533372,BILIARY_TRACT
SNU324,-7.567860584,0.101865578,3.781734,5.008846,PANCREAS
SNU349,-7.103822925,-6.568523182,3.735067,4.129414,KIDNEY
SNU387,-7.671085988,-4.612224295,3.81464,4.448899,LIVER
SNU398,-6.83035509,-7.032021027,3.964341,4.371797,LIVER
SNU407,-3.58573207,3.304184463,3.864627,6.916592,LARGE_INTESTINE
SNU410,-3.05824526,-2.381284385,3.83851,4.349796,PANCREAS
SNU423,-6.668810915,-8.133511144,3.845908,4.25888,LIVER
SNU449,0.074019259,-6.082773351,4.65167,4.542244,LIVER
SNU46,-4.879366285,-4.627859618,3.791396,4.382993,UPPER_AERODIGESTIVE_TRACT
SNU466,-13,-5.103279577,3.890358,4.460157,CENTRAL_NERVOUS_SYSTEM
SNU475,-6.783661325,-5.788929974,3.662689,4.282257,LIVER
SNU478,-1.036511729,-3.867994248,4.217903,4.413664,BILIARY_TRACT
SNU489,-6.347840379,-2.873941199,3.552648,4.294507,CENTRAL_NERVOUS_SYSTEM
SNU5,2.234120714,-3.725292273,6.969209,4.227498,STOMACH
SNU503,0.385013057,-1.431604528,5.389007,4.522035,LARGE_INTESTINE
SNU520,-4.451716163,4.506471029,3.858066,8.667999,STOMACH
SNU601,-3.649851239,4.331153268,3.791847,8.18492,STOMACH
SNU61,-0.288159132,4.714088373,4.808401,8.405295,LARGE_INTESTINE
SNU620,-8.120855036,5.818089258,3.664103,9.702977,STOMACH
SNU626,-4.578737837,-4.411169868,3.852712,4.313693,CENTRAL_NERVOUS_SYSTEM
SNU668,-7.885094354,-4.54243964,3.769255,4.461271,STOMACH
SNU685,-7.272978237,-6.000712872,3.661451,4.230726,ENDOMETRIUM
SNU719,-2.320433244,3.435046302,3.860613,7.879855,STOMACH
SNU738,-7.984009089,-8.448709371,3.801961,4.571457,CENTRAL_NERVOUS_SYSTEM
SNU761,-1.824150035,-3.237011386,3.864241,4.422107,LIVER
SNU8,-2.621111308,2.408560907,4.044864,6.068815,OVARY
SNU81,-1.787701038,4.280169265,3.629599,8.064724,LARGE_INTESTINE
SNU840,-1.608718252,-5.212969988,4.226336,4.237103,OVARY
SNU869,-2.814882904,4.720890721,3.931603,7.846,BILIARY_TRACT
SNU878,-13,-0.21226071,3.778419,4.820222,LIVER
SNU886,-4.75816112,-6.866717439,3.623904,4.217719,LIVER
SNU899,-0.627897356,-1.450732594,4.921762,4.727727,UPPER_AERODIGESTIVE_TRACT
SNUC1,2.913826673,5.549751184,7.154692,9.386478,LARGE_INTESTINE
SNUC2A,-1.171419337,1.443863353,4.409392,5.310447,LARGE_INTESTINE
SNUC2B,NA,NA,NA,NA,LARGE_INTESTINE
SNUC4,-1.12851292,4.273722194,4.332661,8.059587,LARGE_INTESTINE
SNUC5,-13,0.515082238,3.627222,5.299816,LARGE_INTESTINE
SQ1,-3.678528763,-4.446621125,3.8343,4.529975,LUNG
SR786,-7.097448694,-5.977186392,3.863118,4.536889,HAEMATOPOIETIC_AND_LYMPHOID_TISSUE
ST486,-7.783229723,-4.547490157,4.376687,4.74608,HAEMATOPOIETIC_AND_LYMPHOID_TISSUE
STM9101,-7.136329429,-13,NA,NA,SOFT_TISSUE
STS0421,NA,NA,NA,NA,SOFT_TISSUE
SU8686,-1.34624982,4.482792327,3.827758,8.519331,PANCREAS
SUDHL1,-6.228043833,-8.277706615,4.133753,4.613352,HAEMATOPOIETIC_AND_LYMPHOID_TISSUE
SUDHL10,-4.982896129,-5.554511604,4.146051,4.713714,HAEMATOPOIETIC_AND_LYMPHOID_TISSUE
SUDHL16,NA,NA,NA,NA,HAEMATOPOIETIC_AND_LYMPHOID_TISSUE
SUDHL4,-13,-6.966878837,3.898865,4.664739,HAEMATOPOIETIC_AND_LYMPHOID_TISSUE
SUDHL5,-5.042554549,-5.507254888,3.977711,4.574966,HAEMATOPOIETIC_AND_LYMPHOID_TISSUE
SUDHL6,-4.80664309,-5.908773346,3.88561,4.621641,HAEMATOPOIETIC_AND_LYMPHOID_TISSUE
SUDHL8,-4.869135217,-7.503760484,4.058915,4.693411,HAEMATOPOIETIC_AND_LYMPHOID_TISSUE
SUIT2,-0.152561132,-4.633563052,4.354868,4.106434,PANCREAS
SUMB002,NA,NA,NA,NA,CENTRAL_NERVOUS_SYSTEM
SUPB15,-8.805551672,-4.948323887,3.845214,4.411631,HAEMATOPOIETIC_AND_LYMPHOID_TISSUE
SUPB8,NA,NA,NA,NA,HAEMATOPOIETIC_AND_LYMPHOID_TISSUE
SUPHD1,NA,NA,4.026545,4.366853,HAEMATOPOIETIC_AND_LYMPHOID_TISSUE
SUPM2,-4.711468025,-6.176168261,4.006902,4.403679,HAEMATOPOIETIC_AND_LYMPHOID_TISSUE
SUPT1,-4.737323305,-7.424416092,3.927566,4.734562,HAEMATOPOIETIC_AND_LYMPHOID_TISSUE
SUPT11,-5.658616099,-5.293241369,3.887903,4.394939,HAEMATOPOIETIC_AND_LYMPHOID_TISSUE
SW1088,-6.047174077,-4.511874367,3.704728,4.381963,CENTRAL_NERVOUS_SYSTEM
SW1116,0.785630663,4.351289472,4.863345,7.951145,LARGE_INTESTINE
SW1271,-6.590591064,-6.569864609,3.739624,4.317561,LUNG
SW13,NA,NA,NA,NA,ADRENAL_GLAND
SW1353,-2.053261995,-6.132672143,3.689806,4.388666,BONE
SW1417,-2.749007718,4.55757086,3.950695,8.304434,LARGE_INTESTINE
SW1463,3.409881889,4.639208095,7.874185,8.745141,LARGE_INTESTINE
SW1573,-13,-5.367115153,3.750904,4.221143,LUNG
SW1710,-3.978931585,-3.312387351,3.841413,4.553585,URINARY_TRACT
SW1783,-2.96209199,-6.88622382,3.664844,4.353624,CENTRAL_NERVOUS_SYSTEM
SW1990,-5.029443281,-5.494143511,3.728393,4.361959,PANCREAS
SW403,-1.932081376,4.482695961,4.356635,8.780176,LARGE_INTESTINE
SW48,-3.861464137,-4.326164308,4.037109,4.347364,LARGE_INTESTINE
SW480,-5.960297265,-0.105648024,4.055262,5.0259,LARGE_INTESTINE
SW579,-7.864372744,-6.159147947,3.788475,4.387773,THYROID
SW620,-5.131400378,4.009521459,4.01161,8.122838,LARGE_INTESTINE
SW626,NA,NA,NA,NA,OVARY
SW684,NA,NA,NA,NA,SOFT_TISSUE
SW756,NA,NA,NA,NA,CERVIX
SW780,-0.844094897,0.763433146,4.242157,5.122137,URINARY_TRACT
SW837,-1.259478887,2.19520232,4.139969,5.716653,LARGE_INTESTINE
SW872,NA,NA,NA,NA,SOFT_TISSUE
SW900,-3.641336057,-1.356014485,3.844523,4.58255,LUNG
SW948,-0.51197516,4.426151994,4.202085,8.523387,LARGE_INTESTINE
SW954,NA,NA,NA,NA,VULVA
SW962,NA,NA,NA,NA,VULVA
SW982,NA,NA,NA,NA,SOFT_TISSUE
T173,-8.360166046,-5.502938196,3.684463,4.263656,BONE
T24,-6.258486827,-6.986221403,3.606503,4.270685,URINARY_TRACT
T3M10,-4.187062036,-5.739225151,3.793276,4.448888,LUNG
T3M4,-1.471576533,-1.505042024,4.104787,4.453621,PANCREAS
T47D,-4.425398966,2.049943746,3.721432,6.166382,BREAST
T84,1.468433255,4.213759699,5.971963,8.456621,LARGE_INTESTINE
T98G,-6.406213054,-3.700988372,3.835742,4.341952,CENTRAL_NERVOUS_SYSTEM
TALL1,-8.186901789,-5.192170386,3.787839,4.42469,HAEMATOPOIETIC_AND_LYMPHOID_TISSUE
TASK1,NA,NA,NA,NA,BONE
TC32,NA,NA,3.710895,4.948958,BONE
TC71,-6.788087799,-7.667825603,3.589078,4.442812,BONE
TCCPAN2,-2.922914719,-4.673017326,3.813041,4.407283,PANCREAS
TCCSUP,-3.744989589,-0.656238347,3.616601,4.530453,URINARY_TRACT
TCYIK,NA,NA,NA,NA,CERVIX
TE1,-3.582091229,-1.549959993,3.709146,4.544184,OESOPHAGUS
TE10,-4.319512451,-3.359715009,4.082139,4.624165,OESOPHAGUS
TE11,-1.545456081,-5.702034093,4.355193,4.397101,OESOPHAGUS
TE12,NA,NA,NA,NA,OESOPHAGUS
TE125T,-5.820619641,-5.870282434,3.705315,4.308175,SOFT_TISSUE
TE14,-0.450895849,-2.250780343,5.365029,4.395186,OESOPHAGUS
TE15,-1.414201676,-0.483153615,4.236309,4.841599,OESOPHAGUS
TE159T,-13,-7.94883903,3.810894,4.26361,SOFT_TISSUE
TE4,-0.973190217,0.61755378,4.19416,4.907369,OESOPHAGUS
TE441T,-13,-5.883433142,3.943599,4.600064,SOFT_TISSUE
TE5,1.408162822,0.468924157,5.620711,4.959207,OESOPHAGUS
TE6,-3.04639179,-4.951664798,3.889438,4.44269,OESOPHAGUS
TE617T,-9.020667791,-8.485368045,3.881534,4.184399,SOFT_TISSUE
TE8,-7.025165415,-4.09754815,3.603894,4.135767,OESOPHAGUS
TE9,1.785373042,-3.731304527,6.098471,4.44967,OESOPHAGUS
TEN,0.824028279,-5.998223997,5.262863,4.431997,ENDOMETRIUM
TF1,-4.198388826,-7.8854816,4.071208,4.424064,HAEMATOPOIETIC_AND_LYMPHOID_TISSUE
TGBC11TKB,-3.895524257,0.817693356,4.119853,5.479741,STOMACH
TGBC1TKB,NA,NA,NA,NA,BILIARY_TRACT
TGBC24TKB,NA,NA,NA,NA,BILIARY_TRACT
TGW,NA,NA,NA,NA,AUTONOMIC_GANGLIA
THP1,-6.103931416,-6.346239326,3.846877,4.41118,HAEMATOPOIETIC_AND_LYMPHOID_TISSUE
TIG3TD,-7.765121918,-6.907894066,3.780627,4.491916,LUNG
TK,NA,NA,NA,NA,HAEMATOPOIETIC_AND_LYMPHOID_TISSUE
TK10,NA,NA,NA,NA,KIDNEY
TM31,-7.864618238,-2.853585147,3.841063,4.112482,CENTRAL_NERVOUS_SYSTEM
TM87,4.601860541,-7.724314375,NA,NA,SOFT_TISSUE
TMK1,NA,NA,NA,NA,STOMACH
TO175T,-7.557698842,-6.022399078,3.910617,4.387952,HAEMATOPOIETIC_AND_LYMPHOID_TISSUE
TOLEDO,-7.078693666,-5.736038991,3.922187,4.32638,HAEMATOPOIETIC_AND_LYMPHOID_TISSUE
TOV112D,-13,-8.314064782,3.850395,4.475844,OVARY
TOV21G,-0.330620845,-7.019322776,4.425274,4.22842,OVARY
TT,-1.202183248,-2.104463638,4.265862,4.376911,OESOPHAGUS
TT,-1.202183248,-2.104463638,3.65618,5.720817,THYROID
TT,-3.701374101,1.844767148,4.265862,4.376911,OESOPHAGUS
TT,-3.701374101,1.844767148,3.65618,5.720817,THYROID
TT2609C02,-8.058493022,-5.353268266,3.599039,4.185253,THYROID
TTC1240,-13,-13,NA,NA,SOFT_TISSUE
TTC549,-4.930202971,1.861541312,NA,NA,SOFT_TISSUE
TTC642,-5.773747903,-13,NA,NA,SOFT_TISSUE
TTC709,-6.198923014,-13,NA,NA,SOFT_TISSUE
TUHR10TKB,-3.732468042,-2.377740461,3.696833,4.517799,KIDNEY
TUHR14TKB,-5.0375574,-4.874226471,3.915745,4.344105,KIDNEY
TUHR4TKB,-6.505277694,-5.385015571,3.860291,4.315163,KIDNEY
TUR,NA,NA,NA,NA,HAEMATOPOIETIC_AND_LYMPHOID_TISSUE
TYKNU,-6.984685683,-7.449386008,3.845923,4.470995,OVARY
U118MG,-8.556001367,-6.435739079,3.694535,4.201367,CENTRAL_NERVOUS_SYSTEM
U138MG,NA,NA,3.691015,4.177443,CENTRAL_NERVOUS_SYSTEM
U178,-6.719830593,-4.936603273,3.661003,4.43035,CENTRAL_NERVOUS_SYSTEM
U251MG,-5.371375913,-4.070541381,3.660971,4.424729,CENTRAL_NERVOUS_SYSTEM
U266B1,-13,-5.021636654,3.983524,4.813863,HAEMATOPOIETIC_AND_LYMPHOID_TISSUE
U2OS,-7.577037633,-1.341298086,3.670611,4.557867,BONE
U343,-5.568338792,-3.679402013,3.871797,4.762886,CENTRAL_NERVOUS_SYSTEM
U698M,NA,NA,NA,NA,HAEMATOPOIETIC_AND_LYMPHOID_TISSUE
U87MG,-6.239178247,-13,3.899118,4.561595,CENTRAL_NERVOUS_SYSTEM
U937,-6.783269089,-5.66300687,3.849514,4.825069,HAEMATOPOIETIC_AND_LYMPHOID_TISSUE
UACC257,-4.630002035,-0.447003928,3.885798,4.885215,SKIN
UACC62,-5.362204699,-3.420912563,3.893617,4.507428,SKIN
UACC812,-3.98035498,2.482863705,3.879082,5.665027,BREAST
UACC893,-0.740409728,4.244487964,4.554532,8.582718,BREAST
UBLC1,0.122227516,1.405340288,4.303161,5.174699,URINARY_TRACT
UCH2,NA,NA,NA,NA,BONE
UDSCC2,NA,NA,NA,NA,UPPER_AERODIGESTIVE_TRACT
UMC11,NA,NA,NA,NA,LUNG
UMRC2,NA,NA,10.07663,4.760854,KIDNEY
UMRC6,NA,NA,10.14048,4.678171,KIDNEY
UMUC1,-0.902406652,2.81043121,3.891508,7.072094,URINARY_TRACT
UMUC3,-13,-6.419734071,3.9876,4.620069,URINARY_TRACT
UO31,-13,-3.512884579,3.661545,4.696273,KIDNEY
UOK101,-4.34315969,-7.682329179,3.810134,4.221902,KIDNEY
UT7,NA,NA,4.469045,4.467138,HAEMATOPOIETIC_AND_LYMPHOID_TISSUE
UWB1289,NA,NA,NA,NA,OVARY
VAESBJ,NA,NA,NA,NA,SOFT_TISSUE
VAL,NA,NA,NA,NA,HAEMATOPOIETIC_AND_LYMPHOID_TISSUE
VCAP,-5.666491653,7.015217829,3.891627,11.114,PROSTATE
VMCUB1,-4.453800024,-5.181534649,4.002619,4.539815,URINARY_TRACT
VMRCLCD,NA,NA,3.681916,4.255008,LUNG
VMRCLCP,NA,NA,4.200741,5.291409,LUNG
VMRCMELG,NA,NA,NA,NA,SKIN
VMRCRCW,-5.358120019,-4.559785883,3.800061,4.533679,KIDNEY
VMRCRCZ,0.91714004,-6.369865436,4.687833,4.332808,KIDNEY
WIL2NS,NA,NA,NA,NA,HAEMATOPOIETIC_AND_LYMPHOID_TISSUE
WM115,-8.926118969,-4.583464407,3.752772,4.440428,SKIN
WM1552C,NA,NA,NA,NA,SKIN
WM1799,-8.094590408,-3.652399986,3.759886,4.338675,SKIN
WM2664,-3.025685285,-2.457964042,3.885924,4.61846,SKIN
WM278,NA,NA,NA,NA,SKIN
WM35,NA,NA,NA,NA,SKIN
WM793,-4.099017049,-5.679194494,3.814959,4.309333,SKIN
WM793B,NA,NA,NA,NA,SKIN
WM88,-2.504008019,-3.191100714,3.911074,4.566603,SKIN
WM983B,-5.897378683,-4.596544127,3.818478,4.367204,SKIN
WSUDLCL2,-13,-5.094808952,3.873704,4.756154,HAEMATOPOIETIC_AND_LYMPHOID_TISSUE
WSUNHL,NA,NA,NA,NA,HAEMATOPOIETIC_AND_LYMPHOID_TISSUE
YAPC,-2.469211367,4.331536002,3.89483,7.780663,PANCREAS
YD10B,-1.420059869,-6.20668822,4.192337,4.405369,UPPER_AERODIGESTIVE_TRACT
YD15,-13,-4.811294507,3.68253,4.28188,SALIVARY_GLAND
YD38,-1.250359984,-6.378025398,3.980477,4.59362,UPPER_AERODIGESTIVE_TRACT
YD8,-6.193048163,-6.072786008,3.569316,4.339141,UPPER_AERODIGESTIVE_TRACT
YH13,-13,-2.622012807,3.755902,4.507757,CENTRAL_NERVOUS_SYSTEM
YKG1,-5.350140393,-3.114400993,3.753286,4.416103,CENTRAL_NERVOUS_SYSTEM
YMB1,NA,NA,3.748719,5.139933,BREAST
YMB1E,NA,NA,NA,NA,BREAST
YT,NA,NA,NA,NA,HAEMATOPOIETIC_AND_LYMPHOID_TISSUE
ZR751,-7.714271421,-0.499491541,3.74462,4.628378,BREAST
ZR7530,-3.26438851,4.191902008,3.80768,8.703581,BREAST
