"V1","V2"
"1321N1","CENTRAL_NERVOUS_SYSTEM"
"143B","BONE"
"201T","LUNG"
"22RV1","PROSTATE"
"2313287","STOMACH"
"253J","URINARY_TRACT"
"253JBV","URINARY_TRACT"
"42MGBA","CENTRAL_NERVOUS_SYSTEM"
"451LU","NS"
"5637","URINARY_TRACT"
"59M","OVARY"
"639V","URINARY_TRACT"
"647V","URINARY_TRACT"
"697","HAEMATOPOIETIC_AND_LYMPHOID_TISSUE"
"769P","KIDNEY"
"786O","KIDNEY"
"8305C","THYROID"
"8505C","THYROID"
"8MGBA","CENTRAL_NERVOUS_SYSTEM"
"A101D","SKIN"
"A1207","CENTRAL_NERVOUS_SYSTEM"
"A172","CENTRAL_NERVOUS_SYSTEM"
"A204","SOFT_TISSUE"
"A2058","SKIN"
"A253","SALIVARY_GLAND"
"A2780","OVARY"
"A375","SKIN"
"A388","SKIN"
"A3KAW","HAEMATOPOIETIC_AND_LYMPHOID_TISSUE"
"A427","LUNG"
"A431","SKIN"
"A498","KIDNEY"
"A4FUK","HAEMATOPOIETIC_AND_LYMPHOID_TISSUE"
"A549","LUNG"
"A673","BONE"
"A704","KIDNEY"
"ABC1","LUNG"
"ACCMESO1","PLEURA"
"ACCS","URINARY_TRACT"
"ACHN","KIDNEY"
"ACN",""
"AGS","STOMACH"
"ALEXANDERCELLS","LIVER"
"ALLPO","HAEMATOPOIETIC_AND_LYMPHOID_TISSUE"
"ALLSIL","HAEMATOPOIETIC_AND_LYMPHOID_TISSUE"
"AM38","CENTRAL_NERVOUS_SYSTEM"
"AML193","HAEMATOPOIETIC_AND_LYMPHOID_TISSUE"
"AMO1","HAEMATOPOIETIC_AND_LYMPHOID_TISSUE"
"AN3CA","ENDOMETRIUM"
"ARH77","HAEMATOPOIETIC_AND_LYMPHOID_TISSUE"
"ASH3","THYROID"
"ASPC1","PANCREAS"
"ATN1","HAEMATOPOIETIC_AND_LYMPHOID_TISSUE"
"AU565","BREAST"
"AZ521","STOMACH"
"BALL1","HAEMATOPOIETIC_AND_LYMPHOID_TISSUE"
"BB30HNC","UPPER_AERODIGESTIVE_TRACT"
"BB49HNC","UPPER_AERODIGESTIVE_TRACT"
"BB65RCC","KIDNEY"
"BC1","HAEMATOPOIETIC_AND_LYMPHOID_TISSUE"
"BC3","HAEMATOPOIETIC_AND_LYMPHOID_TISSUE"
"BC3C","URINARY_TRACT"
"BCP1","HAEMATOPOIETIC_AND_LYMPHOID_TISSUE"
"BCPAP","THYROID"
"BDCM","HAEMATOPOIETIC_AND_LYMPHOID_TISSUE"
"BE13","HAEMATOPOIETIC_AND_LYMPHOID_TISSUE"
"BE2M17","AUTONOMIC_GANGLIA"
"BECKER","CENTRAL_NERVOUS_SYSTEM"
"BEN","LUNG"
"BFTC905","URINARY_TRACT"
"BFTC909","KIDNEY"
"BGC823","STOMACH"
"BHT101","THYROID"
"BHY","UPPER_AERODIGESTIVE_TRACT"
"BICR10","UPPER_AERODIGESTIVE_TRACT"
"BICR16","UPPER_AERODIGESTIVE_TRACT"
"BICR18","UPPER_AERODIGESTIVE_TRACT"
"BICR22","UPPER_AERODIGESTIVE_TRACT"
"BICR31","UPPER_AERODIGESTIVE_TRACT"
"BICR56","UPPER_AERODIGESTIVE_TRACT"
"BICR6","UPPER_AERODIGESTIVE_TRACT"
"BICR78","UPPER_AERODIGESTIVE_TRACT"
"BJHTERT","SKIN"
"BL41","HAEMATOPOIETIC_AND_LYMPHOID_TISSUE"
"BL70","HAEMATOPOIETIC_AND_LYMPHOID_TISSUE"
"BONNA12","HAEMATOPOIETIC_AND_LYMPHOID_TISSUE"
"BPH1","PROSTATE"
"BT12","SOFT_TISSUE"
"BT16","SOFT_TISSUE"
"BT20","BREAST"
"BT474","BREAST"
"BT483","BREAST"
"BT549","BREAST"
"BV173","HAEMATOPOIETIC_AND_LYMPHOID_TISSUE"
"BXPC3","PANCREAS"
"C2BBE1","LARGE_INTESTINE"
"C32","SKIN"
"C33A","CERVIX"
"C3A","LIVER"
"C4I","CERVIX"
"C8166","HAEMATOPOIETIC_AND_LYMPHOID_TISSUE"
"CA46","HAEMATOPOIETIC_AND_LYMPHOID_TISSUE"
"CA922","UPPER_AERODIGESTIVE_TRACT"
"CACO2","LARGE_INTESTINE"
"CADOES1","BONE"
"CAKI1","KIDNEY"
"CAKI2","KIDNEY"
"CAL120","BREAST"
"CAL12T","LUNG"
"CAL148","BREAST"
"CAL27","UPPER_AERODIGESTIVE_TRACT"
"CAL29","URINARY_TRACT"
"CAL33","UPPER_AERODIGESTIVE_TRACT"
"CAL39","VULVA"
"CAL51","BREAST"
"CAL54","KIDNEY"
"CAL62","THYROID"
"CAL72","BONE"
"CAL78","BONE"
"CAL851","BREAST"
"CALU1","LUNG"
"CALU3","LUNG"
"CALU6","LUNG"
"CAMA1","BREAST"
"CAOV3","OVARY"
"CAOV4","OVARY"
"CAPAN1","PANCREAS"
"CAPAN2","PANCREAS"
"CAR1","LARGE_INTESTINE"
"CAS1","CENTRAL_NERVOUS_SYSTEM"
"CASKI","CERVIX"
"CCFSTTG1","CENTRAL_NERVOUS_SYSTEM"
"CCK81","LARGE_INTESTINE"
"CCRFCEM","HAEMATOPOIETIC_AND_LYMPHOID_TISSUE"
"CESS","HAEMATOPOIETIC_AND_LYMPHOID_TISSUE"
"CFPAC1","PANCREAS"
"CGTHW1","THYROID"
"CH157MN","CENTRAL_NERVOUS_SYSTEM"
"CHAGOK1","LUNG"
"CHL1","SKIN"
"CHP126","AUTONOMIC_GANGLIA"
"CHP134","AUTONOMIC_GANGLIA"
"CHP212","AUTONOMIC_GANGLIA"
"CHSA0011","BONE"
"CHSA0108","BONE"
"CHSA8926","BONE"
"CI1","HAEMATOPOIETIC_AND_LYMPHOID_TISSUE"
"CJM","SKIN"
"CL11","LARGE_INTESTINE"
"CL14","LARGE_INTESTINE"
"CL34","LARGE_INTESTINE"
"CL40","LARGE_INTESTINE"
"CMK","HAEMATOPOIETIC_AND_LYMPHOID_TISSUE"
"CMK115","HAEMATOPOIETIC_AND_LYMPHOID_TISSUE"
"CMK86","HAEMATOPOIETIC_AND_LYMPHOID_TISSUE"
"CMLT1","HAEMATOPOIETIC_AND_LYMPHOID_TISSUE"
"COLO201","LARGE_INTESTINE"
"COLO205","LARGE_INTESTINE"
"COLO320","LARGE_INTESTINE"
"COLO668","LUNG"
"COLO677","HAEMATOPOIETIC_AND_LYMPHOID_TISSUE"
"COLO678","LARGE_INTESTINE"
"COLO679","SKIN"
"COLO680N","OESOPHAGUS"
"COLO684","ENDOMETRIUM"
"COLO699","LUNG"
"COLO704","OVARY"
"COLO741","SKIN"
"COLO775","HAEMATOPOIETIC_AND_LYMPHOID_TISSUE"
"COLO783","SKIN"
"COLO792","SKIN"
"COLO800","SKIN"
"COLO818","SKIN"
"COLO824","BREAST"
"COLO829","SKIN"
"COLO849","SKIN"
"CORL105","LUNG"
"CORL23","LUNG"
"CORL24","LUNG"
"CORL279","LUNG"
"CORL303","LUNG"
"CORL311","LUNG"
"CORL32","LUNG"
"CORL321","PLEURA"
"CORL47","LUNG"
"CORL51","LUNG"
"CORL88","LUNG"
"CORL95","LUNG"
"COV318","OVARY"
"COV362","OVARY"
"COV434","OVARY"
"COV504","OVARY"
"COV644","OVARY"
"CP50MELB","SKIN"
"CP66MEL","SKIN"
"CP67MEL","SKIN"
"CPCN","LUNG"
"CROAP2","HAEMATOPOIETIC_AND_LYMPHOID_TISSUE"
"CROAP3",""
"CS1","BONE"
"CTB1","HAEMATOPOIETIC_AND_LYMPHOID_TISSUE"
"CTV1","HAEMATOPOIETIC_AND_LYMPHOID_TISSUE"
"CW2","LARGE_INTESTINE"
"CW9019","SOFT_TISSUE"
"D245MG","CENTRAL_NERVOUS_SYSTEM"
"D247MG","CENTRAL_NERVOUS_SYSTEM"
"D263MG","CENTRAL_NERVOUS_SYSTEM"
"D283MED","CENTRAL_NERVOUS_SYSTEM"
"D336MG","CENTRAL_NERVOUS_SYSTEM"
"D341MED","CENTRAL_NERVOUS_SYSTEM"
"D384","CENTRAL_NERVOUS_SYSTEM"
"D392MG","CENTRAL_NERVOUS_SYSTEM"
"D423MG","CENTRAL_NERVOUS_SYSTEM"
"D425","CENTRAL_NERVOUS_SYSTEM"
"D458","CENTRAL_NERVOUS_SYSTEM"
"D502MG","CENTRAL_NERVOUS_SYSTEM"
"D542MG","CENTRAL_NERVOUS_SYSTEM"
"D556","CENTRAL_NERVOUS_SYSTEM"
"D566MG","CENTRAL_NERVOUS_SYSTEM"
"DANG","PANCREAS"
"DAOY","CENTRAL_NERVOUS_SYSTEM"
"DAUDI","HAEMATOPOIETIC_AND_LYMPHOID_TISSUE"
"DB","HAEMATOPOIETIC_AND_LYMPHOID_TISSUE"
"DBTRG05MG","CENTRAL_NERVOUS_SYSTEM"
"DEL","HAEMATOPOIETIC_AND_LYMPHOID_TISSUE"
"DETROIT562","UPPER_AERODIGESTIVE_TRACT"
"DFCI024","LUNG"
"DG75","HAEMATOPOIETIC_AND_LYMPHOID_TISSUE"
"DIFI","LARGE_INTESTINE"
"DJM1","SKIN"
"DKMG","CENTRAL_NERVOUS_SYSTEM"
"DLD1","LARGE_INTESTINE"
"DM3","PLEURA"
"DMS114","LUNG"
"DMS153","LUNG"
"DMS273","LUNG"
"DMS454","LUNG"
"DMS53","LUNG"
"DMS79","LUNG"
"DND41","HAEMATOPOIETIC_AND_LYMPHOID_TISSUE"
"DOHH2","HAEMATOPOIETIC_AND_LYMPHOID_TISSUE"
"DOK","UPPER_AERODIGESTIVE_TRACT"
"DOTC24510","CERVIX"
"DOV13","OVARY"
"DSH1","URINARY_TRACT"
"DU145","PROSTATE"
"DU4475","BREAST"
"DV90","LUNG"
"EB1","HAEMATOPOIETIC_AND_LYMPHOID_TISSUE"
"EB2","HAEMATOPOIETIC_AND_LYMPHOID_TISSUE"
"EB3","HAEMATOPOIETIC_AND_LYMPHOID_TISSUE"
"EBC1","LUNG"
"ECC10","STOMACH"
"ECC12","STOMACH"
"ECGI10","OESOPHAGUS"
"EFE184","ENDOMETRIUM"
"EFM19","BREAST"
"EFM192A","BREAST"
"EFO21","OVARY"
"EFO27","OVARY"
"EGI1","BILIARY_TRACT"
"EHEB","HAEMATOPOIETIC_AND_LYMPHOID_TISSUE"
"EJM","HAEMATOPOIETIC_AND_LYMPHOID_TISSUE"
"EKVX","LUNG"
"EM2","HAEMATOPOIETIC_AND_LYMPHOID_TISSUE"
"EMCBAC1","LUNG"
"EMCBAC2","LUNG"
"EN","ENDOMETRIUM"
"EOL1","HAEMATOPOIETIC_AND_LYMPHOID_TISSUE"
"EPLC272H","LUNG"
"ES1","BONE"
"ES2","OVARY"
"ES3","BONE"
"ES4","BONE"
"ES5","BONE"
"ES6","BONE"
"ES7","BONE"
"ES8","BONE"
"ESO26","OESOPHAGUS"
"ESO51","OESOPHAGUS"
"ESS1","ENDOMETRIUM"
"ETK1","BILIARY_TRACT"
"EVSAT","BREAST"
"EW1","BONE"
"EW11","BONE"
"EW12","BONE"
"EW13","BONE"
"EW16","BONE"
"EW18","BONE"
"EW22","BONE"
"EW24","BONE"
"EW3","BONE"
"EW7","BONE"
"EW8","BONE"
"EWS502","BONE"
"F36P","HAEMATOPOIETIC_AND_LYMPHOID_TISSUE"
"F5","CENTRAL_NERVOUS_SYSTEM"
"FADU","UPPER_AERODIGESTIVE_TRACT"
"FARAGE","HAEMATOPOIETIC_AND_LYMPHOID_TISSUE"
"FLO1","OESOPHAGUS"
"FTC133","THYROID"
"FTC238","THYROID"
"FU97","STOMACH"
"FUOV1","OVARY"
"G292CLONEA141B1","BONE"
"G361","SKIN"
"G401","SOFT_TISSUE"
"G402","SOFT_TISSUE"
"GA10","HAEMATOPOIETIC_AND_LYMPHOID_TISSUE"
"GAK","SKIN"
"GAMG","CENTRAL_NERVOUS_SYSTEM"
"GB1","CENTRAL_NERVOUS_SYSTEM"
"GCIY","STOMACH"
"GCT","SOFT_TISSUE"
"GDM1","HAEMATOPOIETIC_AND_LYMPHOID_TISSUE"
"GEO","LARGE_INTESTINE"
"GI1","CENTRAL_NERVOUS_SYSTEM"
"GIMEN","AUTONOMIC_GANGLIA"
"GLC82","LUNG"
"GMEL","SKIN"
"GMS10","CENTRAL_NERVOUS_SYSTEM"
"GOS3","CENTRAL_NERVOUS_SYSTEM"
"GOTO","AUTONOMIC_GANGLIA"
"GP2D","LARGE_INTESTINE"
"GP5D","LARGE_INTESTINE"
"GRANTA519","HAEMATOPOIETIC_AND_LYMPHOID_TISSUE"
"GRM","SKIN"
"GRST","HAEMATOPOIETIC_AND_LYMPHOID_TISSUE"
"GSS","STOMACH"
"GSU","STOMACH"
"GT3TKB","STOMACH"
"H2369","PLEURA"
"H290","PLEURA"
"H3118","UPPER_AERODIGESTIVE_TRACT"
"H4","CENTRAL_NERVOUS_SYSTEM"
"H9","HAEMATOPOIETIC_AND_LYMPHOID_TISSUE"
"HA7RCC","KIDNEY"
"HAL01","HAEMATOPOIETIC_AND_LYMPHOID_TISSUE"
"HARA","LUNG"
"HC1","HAEMATOPOIETIC_AND_LYMPHOID_TISSUE"
"HCC1143","BREAST"
"HCC1171","LUNG"
"HCC1187","BREAST"
"HCC1195","LUNG"
"HCC1359","LUNG"
"HCC1395","BREAST"
"HCC1419","BREAST"
"HCC1428","BREAST"
"HCC1438","LUNG"
"HCC15","LUNG"
"HCC1500","BREAST"
"HCC1569","BREAST"
"HCC1588","LUNG"
"HCC1599","BREAST"
"HCC1806","BREAST"
"HCC1833","LUNG"
"HCC1897","LUNG"
"HCC1937","BREAST"
"HCC1954","BREAST"
"HCC202","BREAST"
"HCC2108","LUNG"
"HCC2157","BREAST"
"HCC2218","BREAST"
"HCC2279","LUNG"
"HCC2429","LUNG"
"HCC2450","LUNG"
"HCC2814","LUNG"
"HCC2935","LUNG"
"HCC2998","LARGE_INTESTINE"
"HCC33","LUNG"
"HCC364","LUNG"
"HCC366","LUNG"
"HCC38","BREAST"
"HCC4006","LUNG"
"HCC44","LUNG"
"HCC461","LUNG"
"HCC515","LUNG"
"HCC56","LARGE_INTESTINE"
"HCC70","BREAST"
"HCC78","LUNG"
"HCC827","LUNG"
"HCC827GR5","LUNG"
"HCC95","LUNG"
"HCE4","OESOPHAGUS"
"HCT116","LARGE_INTESTINE"
"HCT116G9B","ENGINEERED"
"HCT116PA","ENGINEERED"
"HCT15","LARGE_INTESTINE"
"HCT8","LARGE_INTESTINE"
"HDLM2","HAEMATOPOIETIC_AND_LYMPHOID_TISSUE"
"HDMYZ","HAEMATOPOIETIC_AND_LYMPHOID_TISSUE"
"HDQP1","BREAST"
"HEC1","ENDOMETRIUM"
"HEC108","ENDOMETRIUM"
"HEC151","ENDOMETRIUM"
"HEC1A","ENDOMETRIUM"
"HEC1B","ENDOMETRIUM"
"HEC251","ENDOMETRIUM"
"HEC265","ENDOMETRIUM"
"HEC50B","ENDOMETRIUM"
"HEC59","ENDOMETRIUM"
"HEC6","ENDOMETRIUM"
"HEKTE","KIDNEY"
"HEL","HAEMATOPOIETIC_AND_LYMPHOID_TISSUE"
"HEL9217","HAEMATOPOIETIC_AND_LYMPHOID_TISSUE"
"HELA","CERVIX"
"HEMCSS","BONE"
"HEP3B217","LIVER"
"HEPG2","LIVER"
"HEY","OVARY"
"HEYA8","OVARY"
"HGC27","STOMACH"
"HH","HAEMATOPOIETIC_AND_LYMPHOID_TISSUE"
"HK2","KIDNEY"
"HL60","HAEMATOPOIETIC_AND_LYMPHOID_TISSUE"
"HLC1","LUNG"
"HLE","LIVER"
"HLF","LIVER"
"HLFA","LUNG"
"HMC18","BREAST"
"HMCB","SKIN"
"HMEL","BREAST"
"HMVII","SKIN"
"HN","UPPER_AERODIGESTIVE_TRACT"
"HNT34","HAEMATOPOIETIC_AND_LYMPHOID_TISSUE"
"HO1N1","UPPER_AERODIGESTIVE_TRACT"
"HO1U1","UPPER_AERODIGESTIVE_TRACT"
"HOP62","LUNG"
"HOP92","LUNG"
"HOS","BONE"
"HPAC","PANCREAS"
"HPAFII","PANCREAS"
"HPBALL","HAEMATOPOIETIC_AND_LYMPHOID_TISSUE"
"HRT18","LARGE_INTESTINE"
"HS172T","URINARY_TRACT"
"HS229T","LUNG"
"HS255T","LARGE_INTESTINE"
"HS274T","BREAST"
"HS281T","BREAST"
"HS294T","SKIN"
"HS343T","BREAST"
"HS445","HAEMATOPOIETIC_AND_LYMPHOID_TISSUE"
"HS571T","OVARY"
"HS578T","BREAST"
"HS600T","SKIN"
"HS604T","HAEMATOPOIETIC_AND_LYMPHOID_TISSUE"
"HS606T","BREAST"
"HS611T","HAEMATOPOIETIC_AND_LYMPHOID_TISSUE"
"HS616T","HAEMATOPOIETIC_AND_LYMPHOID_TISSUE"
"HS618T","LUNG"
"HS675T","LARGE_INTESTINE"
"HS683","CENTRAL_NERVOUS_SYSTEM"
"HS688AT","SKIN"
"HS695T","SKIN"
"HS698T","LARGE_INTESTINE"
"HS706T","BONE"
"HS729","SOFT_TISSUE"
"HS737T","BONE"
"HS739T","BREAST"
"HS742T","BREAST"
"HS746T","STOMACH"
"HS751T","HAEMATOPOIETIC_AND_LYMPHOID_TISSUE"
"HS766T","PANCREAS"
"HS819T","BONE"
"HS821T","BONE"
"HS822T","BONE"
"HS834T","SKIN"
"HS839T","SKIN"
"HS840T","UPPER_AERODIGESTIVE_TRACT"
"HS852T","SKIN"
"HS863T","BONE"
"HS870T","BONE"
"HS888T","BONE"
"HS895T","SKIN"
"HS934T","SKIN"
"HS936T","SKIN"
"HS939T","SKIN"
"HS940T","SKIN"
"HS944T","SKIN"
"HSC2","UPPER_AERODIGESTIVE_TRACT"
"HSC3","UPPER_AERODIGESTIVE_TRACT"
"HSC39","STOMACH"
"HSC4","UPPER_AERODIGESTIVE_TRACT"
"HT","HAEMATOPOIETIC_AND_LYMPHOID_TISSUE"
"HT1080","SOFT_TISSUE"
"HT115","LARGE_INTESTINE"
"HT1197","URINARY_TRACT"
"HT1376","URINARY_TRACT"
"HT144","SKIN"
"HT29","LARGE_INTESTINE"
"HT3","CERVIX"
"HT55","LARGE_INTESTINE"
"HTCC3","THYROID"
"HTK","HAEMATOPOIETIC_AND_LYMPHOID_TISSUE"
"HUCCT1","BILIARY_TRACT"
"HUG1N","STOMACH"
"HUH1","LIVER"
"HUH28","BILIARY_TRACT"
"HUH6","LIVER"
"HUH6CLONE5",""
"HUH7","LIVER"
"HUNS1","HAEMATOPOIETIC_AND_LYMPHOID_TISSUE"
"HUO3N1","BONE"
"HUO9","BONE"
"HUPT3","PANCREAS"
"HUPT4","PANCREAS"
"HUT102","HAEMATOPOIETIC_AND_LYMPHOID_TISSUE"
"HUT78","HAEMATOPOIETIC_AND_LYMPHOID_TISSUE"
"HUTU80","SMALL_INTESTINE"
"IALM","LUNG"
"IGR1","SKIN"
"IGR37","SKIN"
"IGR39","SKIN"
"IGROV1","OVARY"
"IHH4","THYROID"
"IM9","HAEMATOPOIETIC_AND_LYMPHOID_TISSUE"
"IM95","STOMACH"
"IMR32","AUTONOMIC_GANGLIA"
"IMR5","AUTONOMIC_GANGLIA"
"INA6","HAEMATOPOIETIC_AND_LYMPHOID_TISSUE"
"IOMMLEE","CENTRAL_NERVOUS_SYSTEM"
"IPC298","SKIN"
"ISHIKAWAHERAKLIO02ER","ENDOMETRIUM"
"ISTMEL1","SKIN"
"ISTMES1","PLEURA"
"ISTMES2","PLEURA"
"ISTSL1","LUNG"
"ISTSL2","LUNG"
"J82","URINARY_TRACT"
"JAR","PLACENTA"
"JEG3","PLACENTA"
"JEKO1","HAEMATOPOIETIC_AND_LYMPHOID_TISSUE"
"JHESOAD1","OESOPHAGUS"
"JHH1","LIVER"
"JHH2","LIVER"
"JHH4","LIVER"
"JHH5","LIVER"
"JHH6","LIVER"
"JHH7","LIVER"
"JHOC5","OVARY"
"JHOM1","OVARY"
"JHOM2B","OVARY"
"JHOS2","OVARY"
"JHOS3","OVARY"
"JHOS4","OVARY"
"JHU011","UPPER_AERODIGESTIVE_TRACT"
"JHU022","UPPER_AERODIGESTIVE_TRACT"
"JHU029","UPPER_AERODIGESTIVE_TRACT"
"JHUEM1","ENDOMETRIUM"
"JHUEM2","ENDOMETRIUM"
"JHUEM3","ENDOMETRIUM"
"JHUEM7","ENDOMETRIUM"
"JIMT1","BREAST"
"JIYOYEP2003","HAEMATOPOIETIC_AND_LYMPHOID_TISSUE"
"JJN3","HAEMATOPOIETIC_AND_LYMPHOID_TISSUE"
"JK1","HAEMATOPOIETIC_AND_LYMPHOID_TISSUE"
"JL1","PLEURA"
"JM1","HAEMATOPOIETIC_AND_LYMPHOID_TISSUE"
"JMSU1","URINARY_TRACT"
"JR","SOFT_TISSUE"
"JSC1","HAEMATOPOIETIC_AND_LYMPHOID_TISSUE"
"JURKAT","HAEMATOPOIETIC_AND_LYMPHOID_TISSUE"
"JURLMK1","HAEMATOPOIETIC_AND_LYMPHOID_TISSUE"
"JVM2","HAEMATOPOIETIC_AND_LYMPHOID_TISSUE"
"JVM3","HAEMATOPOIETIC_AND_LYMPHOID_TISSUE"
"K029AX","SKIN"
"K2","SKIN"
"K5","THYROID"
"K562","HAEMATOPOIETIC_AND_LYMPHOID_TISSUE"
"KALS1","CENTRAL_NERVOUS_SYSTEM"
"KARPAS1106P","HAEMATOPOIETIC_AND_LYMPHOID_TISSUE"
"KARPAS231","HAEMATOPOIETIC_AND_LYMPHOID_TISSUE"
"KARPAS299","HAEMATOPOIETIC_AND_LYMPHOID_TISSUE"
"KARPAS422","HAEMATOPOIETIC_AND_LYMPHOID_TISSUE"
"KARPAS45","HAEMATOPOIETIC_AND_LYMPHOID_TISSUE"
"KARPAS620","HAEMATOPOIETIC_AND_LYMPHOID_TISSUE"
"KASUMI1","HAEMATOPOIETIC_AND_LYMPHOID_TISSUE"
"KASUMI2","HAEMATOPOIETIC_AND_LYMPHOID_TISSUE"
"KASUMI6","HAEMATOPOIETIC_AND_LYMPHOID_TISSUE"
"KATOIII","STOMACH"
"KCIMOH1","PANCREAS"
"KCL22","HAEMATOPOIETIC_AND_LYMPHOID_TISSUE"
"KD","SOFT_TISSUE"
"KE37","HAEMATOPOIETIC_AND_LYMPHOID_TISSUE"
"KE39","STOMACH"
"KE97","HAEMATOPOIETIC_AND_LYMPHOID_TISSUE"
"KELLY","AUTONOMIC_GANGLIA"
"KG1","HAEMATOPOIETIC_AND_LYMPHOID_TISSUE"
"KG1C","CENTRAL_NERVOUS_SYSTEM"
"KGN","OVARY"
"KHM1B","HAEMATOPOIETIC_AND_LYMPHOID_TISSUE"
"KIJK","HAEMATOPOIETIC_AND_LYMPHOID_TISSUE"
"KINGS1","CENTRAL_NERVOUS_SYSTEM"
"KLE","ENDOMETRIUM"
"KLM1","PANCREAS"
"KM12","LARGE_INTESTINE"
"KMBC2","URINARY_TRACT"
"KMH2","HAEMATOPOIETIC_AND_LYMPHOID_TISSUE"
"KMH2","THYROID"
"KMM1","HAEMATOPOIETIC_AND_LYMPHOID_TISSUE"
"KMOE2","HAEMATOPOIETIC_AND_LYMPHOID_TISSUE"
"KMRC1","KIDNEY"
"KMRC2","KIDNEY"
"KMRC20","KIDNEY"
"KMRC3","KIDNEY"
"KMS11","HAEMATOPOIETIC_AND_LYMPHOID_TISSUE"
"KMS12BM","HAEMATOPOIETIC_AND_LYMPHOID_TISSUE"
"KMS18","HAEMATOPOIETIC_AND_LYMPHOID_TISSUE"
"KMS20","HAEMATOPOIETIC_AND_LYMPHOID_TISSUE"
"KMS21BM","HAEMATOPOIETIC_AND_LYMPHOID_TISSUE"
"KMS26","HAEMATOPOIETIC_AND_LYMPHOID_TISSUE"
"KMS27","HAEMATOPOIETIC_AND_LYMPHOID_TISSUE"
"KMS28BM","HAEMATOPOIETIC_AND_LYMPHOID_TISSUE"
"KMS34","HAEMATOPOIETIC_AND_LYMPHOID_TISSUE"
"KNS42","CENTRAL_NERVOUS_SYSTEM"
"KNS60","CENTRAL_NERVOUS_SYSTEM"
"KNS62","LUNG"
"KNS81","CENTRAL_NERVOUS_SYSTEM"
"KNS81FD","CENTRAL_NERVOUS_SYSTEM"
"KO52","HAEMATOPOIETIC_AND_LYMPHOID_TISSUE"
"KON","UPPER_AERODIGESTIVE_TRACT"
"KOPN8","HAEMATOPOIETIC_AND_LYMPHOID_TISSUE"
"KOSC2","UPPER_AERODIGESTIVE_TRACT"
"KP1N","PANCREAS"
"KP1NL","PANCREAS"
"KP2","PANCREAS"
"KP3","PANCREAS"
"KP4","PANCREAS"
"KPL1","BREAST"
"KPMRTRY","SOFT_TISSUE"
"KPNRTBM1","AUTONOMIC_GANGLIA"
"KPNSI9S","AUTONOMIC_GANGLIA"
"KPNYN","AUTONOMIC_GANGLIA"
"KPNYS","AUTONOMIC_GANGLIA"
"KS1","CENTRAL_NERVOUS_SYSTEM"
"KU1919","URINARY_TRACT"
"KU812","HAEMATOPOIETIC_AND_LYMPHOID_TISSUE"
"KURAMOCHI","OVARY"
"KY821","HAEMATOPOIETIC_AND_LYMPHOID_TISSUE"
"KYAE1","OESOPHAGUS"
"KYM1","SOFT_TISSUE"
"KYO1","HAEMATOPOIETIC_AND_LYMPHOID_TISSUE"
"KYSE140","OESOPHAGUS"
"KYSE150","OESOPHAGUS"
"KYSE180","OESOPHAGUS"
"KYSE220","OESOPHAGUS"
"KYSE270","OESOPHAGUS"
"KYSE30","OESOPHAGUS"
"KYSE410","OESOPHAGUS"
"KYSE450","OESOPHAGUS"
"KYSE50","OESOPHAGUS"
"KYSE510","OESOPHAGUS"
"KYSE520","OESOPHAGUS"
"KYSE70","OESOPHAGUS"
"L1236","HAEMATOPOIETIC_AND_LYMPHOID_TISSUE"
"L33","PANCREAS"
"L363","HAEMATOPOIETIC_AND_LYMPHOID_TISSUE"
"L428","HAEMATOPOIETIC_AND_LYMPHOID_TISSUE"
"L540","HAEMATOPOIETIC_AND_LYMPHOID_TISSUE"
"LAMA84","HAEMATOPOIETIC_AND_LYMPHOID_TISSUE"
"LAN6","AUTONOMIC_GANGLIA"
"LB1047RCC","KIDNEY"
"LB2241RCC","KIDNEY"
"LB2518MEL","SKIN"
"LB373MELD","SKIN"
"LB647SCLC","LUNG"
"LB771HNC","UPPER_AERODIGESTIVE_TRACT"
"LB831BLC","URINARY_TRACT"
"LB996RCC","KIDNEY"
"LC1","LUNG"
"LC1F","LUNG"
"LC1SQSF","LUNG"
"LC2AD","LUNG"
"LC41","HAEMATOPOIETIC_AND_LYMPHOID_TISSUE"
"LCLC103H","LUNG"
"LCLC97TM1","LUNG"
"LI7","LIVER"
"LIM1215","LARGE_INTESTINE"
"LK2","LUNG"
"LMSU","STOMACH"
"LN18","CENTRAL_NERVOUS_SYSTEM"
"LN215","CENTRAL_NERVOUS_SYSTEM"
"LN229","CENTRAL_NERVOUS_SYSTEM"
"LN235","CENTRAL_NERVOUS_SYSTEM"
"LN319","CENTRAL_NERVOUS_SYSTEM"
"LN340","CENTRAL_NERVOUS_SYSTEM"
"LN382","CENTRAL_NERVOUS_SYSTEM"
"LN405","CENTRAL_NERVOUS_SYSTEM"
"LN428","CENTRAL_NERVOUS_SYSTEM"
"LN443","CENTRAL_NERVOUS_SYSTEM"
"LN464","CENTRAL_NERVOUS_SYSTEM"
"LNCAPCLONEFGC","PROSTATE"
"LNZ308","CENTRAL_NERVOUS_SYSTEM"
"LNZTA3WT4","CENTRAL_NERVOUS_SYSTEM"
"LOUCY","HAEMATOPOIETIC_AND_LYMPHOID_TISSUE"
"LOUNH91","LUNG"
"LOVO","LARGE_INTESTINE"
"LOXIMVI","SKIN"
"LP1","HAEMATOPOIETIC_AND_LYMPHOID_TISSUE"
"LS1034","LARGE_INTESTINE"
"LS123","LARGE_INTESTINE"
"LS180","LARGE_INTESTINE"
"LS411N","LARGE_INTESTINE"
"LS513","LARGE_INTESTINE"
"LU134A","LUNG"
"LU135","LUNG"
"LU139","LUNG"
"LU165","LUNG"
"LU65","LUNG"
"LU99","LUNG"
"LUDLU1","LUNG"
"LXF289","LUNG"
"M059J","CENTRAL_NERVOUS_SYSTEM"
"M059K","CENTRAL_NERVOUS_SYSTEM"
"M07E","HAEMATOPOIETIC_AND_LYMPHOID_TISSUE"
"M14","SKIN"
"MALME3M","SKIN"
"MB157","BREAST"
"MC1010","HAEMATOPOIETIC_AND_LYMPHOID_TISSUE"
"MC116","HAEMATOPOIETIC_AND_LYMPHOID_TISSUE"
"MCAS","OVARY"
"MCC13","SKIN"
"MCC26","SKIN"
"MCCAR","HAEMATOPOIETIC_AND_LYMPHOID_TISSUE"
"MCF7","BREAST"
"MCIXC","AUTONOMIC_GANGLIA"
"MDAMB134VI","BREAST"
"MDAMB157","BREAST"
"MDAMB175VII","BREAST"
"MDAMB231","BREAST"
"MDAMB330","BREAST"
"MDAMB361","BREAST"
"MDAMB415","BREAST"
"MDAMB435S","SKIN"
"MDAMB436","BREAST"
"MDAMB453","BREAST"
"MDAMB468","BREAST"
"MDAPCA2B","PROSTATE"
"MDST8","LARGE_INTESTINE"
"ME1","HAEMATOPOIETIC_AND_LYMPHOID_TISSUE"
"ME180","CERVIX"
"MEC1","HAEMATOPOIETIC_AND_LYMPHOID_TISSUE"
"MEC2","HAEMATOPOIETIC_AND_LYMPHOID_TISSUE"
"MEG01","HAEMATOPOIETIC_AND_LYMPHOID_TISSUE"
"MELHO","SKIN"
"MELJUSO","SKIN"
"MESSA","SOFT_TISSUE"
"MEWO","SKIN"
"MFE280","ENDOMETRIUM"
"MFE296","ENDOMETRIUM"
"MFE319","ENDOMETRIUM"
"MFHINO","SOFT_TISSUE"
"MFM223","BREAST"
"MG63","BONE"
"MHHCALL2","HAEMATOPOIETIC_AND_LYMPHOID_TISSUE"
"MHHCALL3","HAEMATOPOIETIC_AND_LYMPHOID_TISSUE"
"MHHCALL4","HAEMATOPOIETIC_AND_LYMPHOID_TISSUE"
"MHHES1","BONE"
"MHHNB11","AUTONOMIC_GANGLIA"
"MHHPREB1","HAEMATOPOIETIC_AND_LYMPHOID_TISSUE"
"MIAPACA2","PANCREAS"
"MINO","HAEMATOPOIETIC_AND_LYMPHOID_TISSUE"
"MJ","HAEMATOPOIETIC_AND_LYMPHOID_TISSUE"
"MKL1","SKIN"
"MKL2","SKIN"
"MKN1","STOMACH"
"MKN28","STOMACH"
"MKN45","STOMACH"
"MKN7","STOMACH"
"MKN74","STOMACH"
"ML1","THYROID"
"ML2","HAEMATOPOIETIC_AND_LYMPHOID_TISSUE"
"MLMA","HAEMATOPOIETIC_AND_LYMPHOID_TISSUE"
"MM1S","HAEMATOPOIETIC_AND_LYMPHOID_TISSUE"
"MMACSF","SKIN"
"MN60","HAEMATOPOIETIC_AND_LYMPHOID_TISSUE"
"MOGGCCM","CENTRAL_NERVOUS_SYSTEM"
"MOGGUVW","CENTRAL_NERVOUS_SYSTEM"
"MOLM13","HAEMATOPOIETIC_AND_LYMPHOID_TISSUE"
"MOLM16","HAEMATOPOIETIC_AND_LYMPHOID_TISSUE"
"MOLM6","HAEMATOPOIETIC_AND_LYMPHOID_TISSUE"
"MOLP2","HAEMATOPOIETIC_AND_LYMPHOID_TISSUE"
"MOLP8","HAEMATOPOIETIC_AND_LYMPHOID_TISSUE"
"MOLT13","HAEMATOPOIETIC_AND_LYMPHOID_TISSUE"
"MOLT16","HAEMATOPOIETIC_AND_LYMPHOID_TISSUE"
"MOLT3","HAEMATOPOIETIC_AND_LYMPHOID_TISSUE"
"MOLT4","HAEMATOPOIETIC_AND_LYMPHOID_TISSUE"
"MON","SOFT_TISSUE"
"MONOMAC1","HAEMATOPOIETIC_AND_LYMPHOID_TISSUE"
"MONOMAC6","HAEMATOPOIETIC_AND_LYMPHOID_TISSUE"
"MORCPR","LUNG"
"MOT","HAEMATOPOIETIC_AND_LYMPHOID_TISSUE"
"MOTN1","HAEMATOPOIETIC_AND_LYMPHOID_TISSUE"
"MPP89","PLEURA"
"MRKNU1","BREAST"
"MS1","LUNG"
"MS751","CERVIX"
"MSTO211H","PLEURA"
"MUTZ2","HAEMATOPOIETIC_AND_LYMPHOID_TISSUE"
"MUTZ3","HAEMATOPOIETIC_AND_LYMPHOID_TISSUE"
"MUTZ5","HAEMATOPOIETIC_AND_LYMPHOID_TISSUE"
"MV411","HAEMATOPOIETIC_AND_LYMPHOID_TISSUE"
"MYM12","HAEMATOPOIETIC_AND_LYMPHOID_TISSUE"
"MZ1PC","PANCREAS"
"MZ2MEL","SKIN"
"MZ7MEL","SKIN"
"NALM1","HAEMATOPOIETIC_AND_LYMPHOID_TISSUE"
"NALM19","HAEMATOPOIETIC_AND_LYMPHOID_TISSUE"
"NALM6","HAEMATOPOIETIC_AND_LYMPHOID_TISSUE"
"NAMALWA","HAEMATOPOIETIC_AND_LYMPHOID_TISSUE"
"NB1","AUTONOMIC_GANGLIA"
"NB10","AUTONOMIC_GANGLIA"
"NB12","AUTONOMIC_GANGLIA"
"NB13","AUTONOMIC_GANGLIA"
"NB14","AUTONOMIC_GANGLIA"
"NB17","AUTONOMIC_GANGLIA"
"NB4","HAEMATOPOIETIC_AND_LYMPHOID_TISSUE"
"NB5","AUTONOMIC_GANGLIA"
"NB6","AUTONOMIC_GANGLIA"
"NB69","AUTONOMIC_GANGLIA"
"NB7","AUTONOMIC_GANGLIA"
"NBSUSSR","AUTONOMIC_GANGLIA"
"NBTU110","AUTONOMIC_GANGLIA"
"NCC010","KIDNEY"
"NCC021","KIDNEY"
"NCCIT","TESTIS"
"NCCSTCK140","STOMACH"
"NCIH1048","LUNG"
"NCIH1092","LUNG"
"NCIH1105","LUNG"
"NCIH1155","LUNG"
"NCIH1184","LUNG"
"NCIH128","LUNG"
"NCIH1299","LUNG"
"NCIH1304","LUNG"
"NCIH1339","LUNG"
"NCIH1341","LUNG"
"NCIH1355","LUNG"
"NCIH1373","LUNG"
"NCIH1385","LUNG"
"NCIH1395","LUNG"
"NCIH1417","LUNG"
"NCIH1435","LUNG"
"NCIH1436","LUNG"
"NCIH1437","LUNG"
"NCIH146","LUNG"
"NCIH1563","LUNG"
"NCIH1568","LUNG"
"NCIH1573","LUNG"
"NCIH1581","LUNG"
"NCIH1618","LUNG"
"NCIH1623","LUNG"
"NCIH1648","LUNG"
"NCIH1650","LUNG"
"NCIH1651","LUNG"
"NCIH1666","LUNG"
"NCIH1688","LUNG"
"NCIH1693","LUNG"
"NCIH1694","LUNG"
"NCIH1703","LUNG"
"NCIH1734","LUNG"
"NCIH1755","LUNG"
"NCIH1770","LUNG"
"NCIH1781","LUNG"
"NCIH1792","LUNG"
"NCIH1793","LUNG"
"NCIH1819","LUNG"
"NCIH1836","LUNG"
"NCIH1838","LUNG"
"NCIH1869","LUNG"
"NCIH187","LUNG"
"NCIH1876","LUNG"
"NCIH1915","LUNG"
"NCIH1930","LUNG"
"NCIH1944","LUNG"
"NCIH196","LUNG"
"NCIH1963","LUNG"
"NCIH1975","LUNG"
"NCIH1993","LUNG"
"NCIH2004RT","SOFT_TISSUE"
"NCIH2009","LUNG"
"NCIH2023","LUNG"
"NCIH2029","LUNG"
"NCIH2030","LUNG"
"NCIH2052","PLEURA"
"NCIH2066","LUNG"
"NCIH2073","LUNG"
"NCIH2077","LUNG"
"NCIH2081","LUNG"
"NCIH2085","LUNG"
"NCIH2087","LUNG"
"NCIH209","LUNG"
"NCIH2106","LUNG"
"NCIH211","LUNG"
"NCIH2110","LUNG"
"NCIH2122","LUNG"
"NCIH2126","LUNG"
"NCIH2135","LUNG"
"NCIH2141","LUNG"
"NCIH2170","LUNG"
"NCIH2171","LUNG"
"NCIH2172","LUNG"
"NCIH2196","LUNG"
"NCIH2227","LUNG"
"NCIH2228","LUNG"
"NCIH226","LUNG"
"NCIH2286","LUNG"
"NCIH2291","LUNG"
"NCIH23","LUNG"
"NCIH2342","LUNG"
"NCIH2347","LUNG"
"NCIH2373","PLEURA"
"NCIH2405","LUNG"
"NCIH2444","LUNG"
"NCIH2452","PLEURA"
"NCIH2461","PLEURA"
"NCIH250","LUNG"
"NCIH2591","PLEURA"
"NCIH2595","PLEURA"
"NCIH2722","PLEURA"
"NCIH2731","PLEURA"
"NCIH2795","PLEURA"
"NCIH28","PLEURA"
"NCIH2803","PLEURA"
"NCIH2804","PLEURA"
"NCIH2810","PLEURA"
"NCIH2818","PLEURA"
"NCIH2869","PLEURA"
"NCIH2882","LUNG"
"NCIH2887","LUNG"
"NCIH292","LUNG"
"NCIH3122","LUNG"
"NCIH322","LUNG"
"NCIH3255","LUNG"
"NCIH345","LUNG"
"NCIH358","LUNG"
"NCIH378","LUNG"
"NCIH441","LUNG"
"NCIH446","LUNG"
"NCIH460","LUNG"
"NCIH508","LARGE_INTESTINE"
"NCIH510","LUNG"
"NCIH513","PLEURA"
"NCIH520","LUNG"
"NCIH522","LUNG"
"NCIH524","LUNG"
"NCIH526","LUNG"
"NCIH596","LUNG"
"NCIH630","LARGE_INTESTINE"
"NCIH64","LUNG"
"NCIH647","LUNG"
"NCIH650","LUNG"
"NCIH660","PROSTATE"
"NCIH661","LUNG"
"NCIH684","LIVER"
"NCIH69","LUNG"
"NCIH716","LARGE_INTESTINE"
"NCIH720","LUNG"
"NCIH727","LUNG"
"NCIH740","LUNG"
"NCIH747","LARGE_INTESTINE"
"NCIH748","LUNG"
"NCIH810","LUNG"
"NCIH82","LUNG"
"NCIH820","LUNG"
"NCIH835","LUNG"
"NCIH838","LUNG"
"NCIH841","LUNG"
"NCIH847","LUNG"
"NCIH854","LUNG"
"NCIH889","LUNG"
"NCIH929","HAEMATOPOIETIC_AND_LYMPHOID_TISSUE"
"NCIN87","STOMACH"
"NCO2","HAEMATOPOIETIC_AND_LYMPHOID_TISSUE"
"NEC8","TESTIS"
"NH12","AUTONOMIC_GANGLIA"
"NH6","AUTONOMIC_GANGLIA"
"NHAHTDD","CENTRAL_NERVOUS_SYSTEM"
"NIHOVCAR3","OVARY"
"NK92MI","HAEMATOPOIETIC_AND_LYMPHOID_TISSUE"
"NKM1","HAEMATOPOIETIC_AND_LYMPHOID_TISSUE"
"NMCG1","CENTRAL_NERVOUS_SYSTEM"
"NO10","CENTRAL_NERVOUS_SYSTEM"
"NO11","CENTRAL_NERVOUS_SYSTEM"
"NOMO1","HAEMATOPOIETIC_AND_LYMPHOID_TISSUE"
"NOS1","BONE"
"NTERA2CLD1","TESTIS"
"NUDHL1","HAEMATOPOIETIC_AND_LYMPHOID_TISSUE"
"NUDUL1","HAEMATOPOIETIC_AND_LYMPHOID_TISSUE"
"NUGC2","STOMACH"
"NUGC3","STOMACH"
"NUGC4","STOMACH"
"NY","BONE"
"OACM51","OESOPHAGUS"
"OACP4C","OESOPHAGUS"
"OAW28","OVARY"
"OAW42","OVARY"
"OC314","OVARY"
"OC315","OVARY"
"OC316","OVARY"
"OCIAML2","HAEMATOPOIETIC_AND_LYMPHOID_TISSUE"
"OCIAML3","HAEMATOPOIETIC_AND_LYMPHOID_TISSUE"
"OCIAML5","HAEMATOPOIETIC_AND_LYMPHOID_TISSUE"
"OCILY10","HAEMATOPOIETIC_AND_LYMPHOID_TISSUE"
"OCILY19","HAEMATOPOIETIC_AND_LYMPHOID_TISSUE"
"OCILY3","HAEMATOPOIETIC_AND_LYMPHOID_TISSUE"
"OCILY7","HAEMATOPOIETIC_AND_LYMPHOID_TISSUE"
"OCIM1","HAEMATOPOIETIC_AND_LYMPHOID_TISSUE"
"OCIMY5","HAEMATOPOIETIC_AND_LYMPHOID_TISSUE"
"OCIMY7","HAEMATOPOIETIC_AND_LYMPHOID_TISSUE"
"OCUBM","BREAST"
"OCUM1","STOMACH"
"OE19","OESOPHAGUS"
"OE21","OESOPHAGUS"
"OE33","OESOPHAGUS"
"OELE","OVARY"
"OMC1","CERVIX"
"ONCODG1","OVARY"
"ONS76","CENTRAL_NERVOUS_SYSTEM"
"OPM1","HAEMATOPOIETIC_AND_LYMPHOID_TISSUE"
"OPM2","HAEMATOPOIETIC_AND_LYMPHOID_TISSUE"
"OSC19","UPPER_AERODIGESTIVE_TRACT"
"OSC20","UPPER_AERODIGESTIVE_TRACT"
"OSRC2","KIDNEY"
"OUMS23","LARGE_INTESTINE"
"OUMS27","BONE"
"OV17R","OVARY"
"OV56","OVARY"
"OV7","OVARY"
"OV90","OVARY"
"OVCA420","OVARY"
"OVCA433","OVARY"
"OVCAR4","OVARY"
"OVCAR5","OVARY"
"OVCAR8","OVARY"
"OVISE","OVARY"
"OVK18","OVARY"
"OVKATE","OVARY"
"OVMANA","OVARY"
"OVMIU","OVARY"
"OVSAHO","OVARY"
"OVTOKO","OVARY"
"P12ICHIKAWA","HAEMATOPOIETIC_AND_LYMPHOID_TISSUE"
"P30OHK","HAEMATOPOIETIC_AND_LYMPHOID_TISSUE"
"P31FUJ","HAEMATOPOIETIC_AND_LYMPHOID_TISSUE"
"P32ISH","HAEMATOPOIETIC_AND_LYMPHOID_TISSUE"
"P3HR1","HAEMATOPOIETIC_AND_LYMPHOID_TISSUE"
"PA1","OVARY"
"PANC0203","PANCREAS"
"PANC0213","PANCREAS"
"PANC0327","PANCREAS"
"PANC0403","PANCREAS"
"PANC0504","PANCREAS"
"PANC0813","PANCREAS"
"PANC1","PANCREAS"
"PANC1005","PANCREAS"
"PATU8902","PANCREAS"
"PATU8988S","PANCREAS"
"PATU8988T","PANCREAS"
"PC14","LUNG"
"PC3","PROSTATE"
"PC3JPC3","LUNG"
"PC9","LUNG"
"PCI15A","UPPER_AERODIGESTIVE_TRACT"
"PCI30","UPPER_AERODIGESTIVE_TRACT"
"PCI38","UPPER_AERODIGESTIVE_TRACT"
"PCI4B","UPPER_AERODIGESTIVE_TRACT"
"PCI6A","UPPER_AERODIGESTIVE_TRACT"
"PCM6","HAEMATOPOIETIC_AND_LYMPHOID_TISSUE"
"PECAPJ15","UPPER_AERODIGESTIVE_TRACT"
"PECAPJ34CLONEC12","UPPER_AERODIGESTIVE_TRACT"
"PECAPJ41CLONED2","UPPER_AERODIGESTIVE_TRACT"
"PECAPJ49","UPPER_AERODIGESTIVE_TRACT"
"PEER","HAEMATOPOIETIC_AND_LYMPHOID_TISSUE"
"PEO1","OVARY"
"PETA","SKIN"
"PF382","HAEMATOPOIETIC_AND_LYMPHOID_TISSUE"
"PFEIFFER","HAEMATOPOIETIC_AND_LYMPHOID_TISSUE"
"PFSK1","CENTRAL_NERVOUS_SYSTEM"
"PK1","PANCREAS"
"PK45H","PANCREAS"
"PK59","PANCREAS"
"PL18","PANCREAS"
"PL21","HAEMATOPOIETIC_AND_LYMPHOID_TISSUE"
"PL4","PANCREAS"
"PL45","PANCREAS"
"PLB985","HAEMATOPOIETIC_AND_LYMPHOID_TISSUE"
"PLCPRF5","LIVER"
"PRECLH","PROSTATE"
"PSN1","PANCREAS"
"PWR1E","PROSTATE"
"QGP1","PANCREAS"
"QIMRWIL","HAEMATOPOIETIC_AND_LYMPHOID_TISSUE"
"RAJI","HAEMATOPOIETIC_AND_LYMPHOID_TISSUE"
"RAMOS2G64C10","HAEMATOPOIETIC_AND_LYMPHOID_TISSUE"
"RCC10RGB","KIDNEY"
"RCC4","KIDNEY"
"RCCAB","KIDNEY"
"RCCER","KIDNEY"
"RCCFG2","KIDNEY"
"RCCJF","KIDNEY"
"RCCJW","KIDNEY"
"RCCMF","KIDNEY"
"RCHACV","HAEMATOPOIETIC_AND_LYMPHOID_TISSUE"
"RCK8","HAEMATOPOIETIC_AND_LYMPHOID_TISSUE"
"RCM1","LARGE_INTESTINE"
"RD","SOFT_TISSUE"
"RDES","BONE"
"REC1","HAEMATOPOIETIC_AND_LYMPHOID_TISSUE"
"REH","HAEMATOPOIETIC_AND_LYMPHOID_TISSUE"
"RERFGC1B","STOMACH"
"RERFLCAD1","LUNG"
"RERFLCAD2","LUNG"
"RERFLCAI","LUNG"
"RERFLCFM","LUNG"
"RERFLCKJ","LUNG"
"RERFLCMS","LUNG"
"RERFLCSQ1","LUNG"
"RF48","STOMACH"
"RH1","SOFT_TISSUE"
"RH18","SOFT_TISSUE"
"RH30","SOFT_TISSUE"
"RH41","SOFT_TISSUE"
"RI1","HAEMATOPOIETIC_AND_LYMPHOID_TISSUE"
"RKN","SOFT_TISSUE"
"RKO","LARGE_INTESTINE"
"RL","HAEMATOPOIETIC_AND_LYMPHOID_TISSUE"
"RL952","ENDOMETRIUM"
"RMGI","OVARY"
"RMUGS","OVARY"
"RO82W1","THYROID"
"ROS50","HAEMATOPOIETIC_AND_LYMPHOID_TISSUE"
"RPMI2650","UPPER_AERODIGESTIVE_TRACT"
"RPMI6666","HAEMATOPOIETIC_AND_LYMPHOID_TISSUE"
"RPMI7951","SKIN"
"RPMI8226","HAEMATOPOIETIC_AND_LYMPHOID_TISSUE"
"RPMI8402","HAEMATOPOIETIC_AND_LYMPHOID_TISSUE"
"RPMI8866","HAEMATOPOIETIC_AND_LYMPHOID_TISSUE"
"RS411","HAEMATOPOIETIC_AND_LYMPHOID_TISSUE"
"RS5","PLEURA"
"RT112","URINARY_TRACT"
"RT11284","URINARY_TRACT"
"RT4","URINARY_TRACT"
"RVH421","SKIN"
"RXF393","KIDNEY"
"S117","SOFT_TISSUE"
"SALE","LUNG"
"SAOS2","BONE"
"SARC9371","BONE"
"SAS","UPPER_AERODIGESTIVE_TRACT"
"SAT","UPPER_AERODIGESTIVE_TRACT"
"SBC1","LUNG"
"SBC3","LUNG"
"SBC5","LUNG"
"SC1","HAEMATOPOIETIC_AND_LYMPHOID_TISSUE"
"SCABER","URINARY_TRACT"
"SCC15","UPPER_AERODIGESTIVE_TRACT"
"SCC25","UPPER_AERODIGESTIVE_TRACT"
"SCC3","HAEMATOPOIETIC_AND_LYMPHOID_TISSUE"
"SCC4","UPPER_AERODIGESTIVE_TRACT"
"SCC9","UPPER_AERODIGESTIVE_TRACT"
"SCC90","UPPER_AERODIGESTIVE_TRACT"
"SCH","STOMACH"
"SCLC21H","LUNG"
"SEM","HAEMATOPOIETIC_AND_LYMPHOID_TISSUE"
"SET2","HAEMATOPOIETIC_AND_LYMPHOID_TISSUE"
"SF126","CENTRAL_NERVOUS_SYSTEM"
"SF172","CENTRAL_NERVOUS_SYSTEM"
"SF268","CENTRAL_NERVOUS_SYSTEM"
"SF295","CENTRAL_NERVOUS_SYSTEM"
"SF539","CENTRAL_NERVOUS_SYSTEM"
"SF767","CENTRAL_NERVOUS_SYSTEM"
"SF8657","SKIN"
"SH10TC","STOMACH"
"SH4","SKIN"
"SHP77","LUNG"
"SHSY5Y","AUTONOMIC_GANGLIA"
"SIGM5","HAEMATOPOIETIC_AND_LYMPHOID_TISSUE"
"SIHA","CERVIX"
"SIMA","AUTONOMIC_GANGLIA"
"SISO","CERVIX"
"SJRH30","SOFT_TISSUE"
"SJSA1","BONE"
"SKBR3","BREAST"
"SKCO1","LARGE_INTESTINE"
"SKES1","BONE"
"SKGIIIA","CERVIX"
"SKGT2","STOMACH"
"SKGT4","OESOPHAGUS"
"SKHEP1","LIVER"
"SKLMS1","SOFT_TISSUE"
"SKLU1","LUNG"
"SKM1","HAEMATOPOIETIC_AND_LYMPHOID_TISSUE"
"SKMEL1","SKIN"
"SKMEL2","SKIN"
"SKMEL24","SKIN"
"SKMEL28","SKIN"
"SKMEL3","SKIN"
"SKMEL30","SKIN"
"SKMEL31","SKIN"
"SKMEL5","SKIN"
"SKMES1","LUNG"
"SKMG1","CENTRAL_NERVOUS_SYSTEM"
"SKMM2","HAEMATOPOIETIC_AND_LYMPHOID_TISSUE"
"SKN","URINARY_TRACT"
"SKN3","UPPER_AERODIGESTIVE_TRACT"
"SKNAS","AUTONOMIC_GANGLIA"
"SKNBE2","AUTONOMIC_GANGLIA"
"SKNDZ","AUTONOMIC_GANGLIA"
"SKNEP1","BONE"
"SKNFI","AUTONOMIC_GANGLIA"
"SKNMC","BONE"
"SKNO1","HAEMATOPOIETIC_AND_LYMPHOID_TISSUE"
"SKNSH","AUTONOMIC_GANGLIA"
"SKOV3","OVARY"
"SKPNDW","BONE"
"SKRC20","KIDNEY"
"SKRC31","KIDNEY"
"SKUT1","SOFT_TISSUE"
"SLR20","KIDNEY"
"SLR21","KIDNEY"
"SLR23","KIDNEY"
"SLR24","KIDNEY"
"SLR25","KIDNEY"
"SLR26","KIDNEY"
"SLVL","HAEMATOPOIETIC_AND_LYMPHOID_TISSUE"
"SMSCTR","SOFT_TISSUE"
"SN12C","KIDNEY"
"SNB19","CENTRAL_NERVOUS_SYSTEM"
"SNB75","CENTRAL_NERVOUS_SYSTEM"
"SNGM","ENDOMETRIUM"
"SNU1","STOMACH"
"SNU1033","LARGE_INTESTINE"
"SNU1040","LARGE_INTESTINE"
"SNU1041","UPPER_AERODIGESTIVE_TRACT"
"SNU1066","UPPER_AERODIGESTIVE_TRACT"
"SNU1076","UPPER_AERODIGESTIVE_TRACT"
"SNU1077","ENDOMETRIUM"
"SNU1079","BILIARY_TRACT"
"SNU1105","CENTRAL_NERVOUS_SYSTEM"
"SNU119","OVARY"
"SNU1196","BILIARY_TRACT"
"SNU1197","LARGE_INTESTINE"
"SNU1214","UPPER_AERODIGESTIVE_TRACT"
"SNU1272","KIDNEY"
"SNU16","STOMACH"
"SNU175","LARGE_INTESTINE"
"SNU182","LIVER"
"SNU201","CENTRAL_NERVOUS_SYSTEM"
"SNU213","PANCREAS"
"SNU216","STOMACH"
"SNU245","BILIARY_TRACT"
"SNU283","LARGE_INTESTINE"
"SNU308","BILIARY_TRACT"
"SNU324","PANCREAS"
"SNU349","KIDNEY"
"SNU387","LIVER"
"SNU398","LIVER"
"SNU407","LARGE_INTESTINE"
"SNU410","PANCREAS"
"SNU423","LIVER"
"SNU449","LIVER"
"SNU46","UPPER_AERODIGESTIVE_TRACT"
"SNU466","CENTRAL_NERVOUS_SYSTEM"
"SNU475","LIVER"
"SNU478","BILIARY_TRACT"
"SNU489","CENTRAL_NERVOUS_SYSTEM"
"SNU5","STOMACH"
"SNU503","LARGE_INTESTINE"
"SNU520","STOMACH"
"SNU601","STOMACH"
"SNU61","LARGE_INTESTINE"
"SNU620","STOMACH"
"SNU626","CENTRAL_NERVOUS_SYSTEM"
"SNU668","STOMACH"
"SNU685","ENDOMETRIUM"
"SNU719","STOMACH"
"SNU738","CENTRAL_NERVOUS_SYSTEM"
"SNU761","LIVER"
"SNU8","OVARY"
"SNU81","LARGE_INTESTINE"
"SNU840","OVARY"
"SNU869","BILIARY_TRACT"
"SNU878","LIVER"
"SNU886","LIVER"
"SNU899","UPPER_AERODIGESTIVE_TRACT"
"SNUC1","LARGE_INTESTINE"
"SNUC2A","LARGE_INTESTINE"
"SNUC2B","LARGE_INTESTINE"
"SNUC4","LARGE_INTESTINE"
"SNUC5","LARGE_INTESTINE"
"SQ1","LUNG"
"SR786","HAEMATOPOIETIC_AND_LYMPHOID_TISSUE"
"ST486","HAEMATOPOIETIC_AND_LYMPHOID_TISSUE"
"STM9101","SOFT_TISSUE"
"STS0421","SOFT_TISSUE"
"SU8686","PANCREAS"
"SUDHL1","HAEMATOPOIETIC_AND_LYMPHOID_TISSUE"
"SUDHL10","HAEMATOPOIETIC_AND_LYMPHOID_TISSUE"
"SUDHL16","HAEMATOPOIETIC_AND_LYMPHOID_TISSUE"
"SUDHL4","HAEMATOPOIETIC_AND_LYMPHOID_TISSUE"
"SUDHL5","HAEMATOPOIETIC_AND_LYMPHOID_TISSUE"
"SUDHL6","HAEMATOPOIETIC_AND_LYMPHOID_TISSUE"
"SUDHL8","HAEMATOPOIETIC_AND_LYMPHOID_TISSUE"
"SUIT2","PANCREAS"
"SUMB002","CENTRAL_NERVOUS_SYSTEM"
"SUPB15","HAEMATOPOIETIC_AND_LYMPHOID_TISSUE"
"SUPB8","HAEMATOPOIETIC_AND_LYMPHOID_TISSUE"
"SUPHD1","HAEMATOPOIETIC_AND_LYMPHOID_TISSUE"
"SUPM2","HAEMATOPOIETIC_AND_LYMPHOID_TISSUE"
"SUPT1","HAEMATOPOIETIC_AND_LYMPHOID_TISSUE"
"SUPT11","HAEMATOPOIETIC_AND_LYMPHOID_TISSUE"
"SW1088","CENTRAL_NERVOUS_SYSTEM"
"SW1116","LARGE_INTESTINE"
"SW1271","LUNG"
"SW13","ADRENAL_GLAND"
"SW1353","BONE"
"SW1417","LARGE_INTESTINE"
"SW1463","LARGE_INTESTINE"
"SW1573","LUNG"
"SW1710","URINARY_TRACT"
"SW1783","CENTRAL_NERVOUS_SYSTEM"
"SW1990","PANCREAS"
"SW403","LARGE_INTESTINE"
"SW48","LARGE_INTESTINE"
"SW480","LARGE_INTESTINE"
"SW579","THYROID"
"SW620","LARGE_INTESTINE"
"SW626","OVARY"
"SW684","SOFT_TISSUE"
"SW756","CERVIX"
"SW780","URINARY_TRACT"
"SW837","LARGE_INTESTINE"
"SW872","SOFT_TISSUE"
"SW900","LUNG"
"SW948","LARGE_INTESTINE"
"SW954","VULVA"
"SW962","VULVA"
"SW982","SOFT_TISSUE"
"T173","BONE"
"T24","URINARY_TRACT"
"T3M10","LUNG"
"T3M4","PANCREAS"
"T47D","BREAST"
"T84","LARGE_INTESTINE"
"T98G","CENTRAL_NERVOUS_SYSTEM"
"TALL1","HAEMATOPOIETIC_AND_LYMPHOID_TISSUE"
"TASK1","BONE"
"TC32","BONE"
"TC71","BONE"
"TCCPAN2","PANCREAS"
"TCCSUP","URINARY_TRACT"
"TCYIK","CERVIX"
"TE1","OESOPHAGUS"
"TE10","OESOPHAGUS"
"TE11","OESOPHAGUS"
"TE12","OESOPHAGUS"
"TE125T","SOFT_TISSUE"
"TE14","OESOPHAGUS"
"TE15","OESOPHAGUS"
"TE159T","SOFT_TISSUE"
"TE4","OESOPHAGUS"
"TE441T","SOFT_TISSUE"
"TE5","OESOPHAGUS"
"TE6","OESOPHAGUS"
"TE617T","SOFT_TISSUE"
"TE8","OESOPHAGUS"
"TE9","OESOPHAGUS"
"TEN","ENDOMETRIUM"
"TF1","HAEMATOPOIETIC_AND_LYMPHOID_TISSUE"
"TGBC11TKB","STOMACH"
"TGBC1TKB","BILIARY_TRACT"
"TGBC24TKB","BILIARY_TRACT"
"TGW","AUTONOMIC_GANGLIA"
"THP1","HAEMATOPOIETIC_AND_LYMPHOID_TISSUE"
"TIG3TD","LUNG"
"TK","HAEMATOPOIETIC_AND_LYMPHOID_TISSUE"
"TK10","KIDNEY"
"TM31","CENTRAL_NERVOUS_SYSTEM"
"TM87","SOFT_TISSUE"
"TMK1","STOMACH"
"TO175T","HAEMATOPOIETIC_AND_LYMPHOID_TISSUE"
"TOLEDO","HAEMATOPOIETIC_AND_LYMPHOID_TISSUE"
"TOV112D","OVARY"
"TOV21G","OVARY"
"TT","OESOPHAGUS"
"TT","THYROID"
"TT2609C02","THYROID"
"TTC1240","SOFT_TISSUE"
"TTC549","SOFT_TISSUE"
"TTC642","SOFT_TISSUE"
"TTC709","SOFT_TISSUE"
"TUHR10TKB","KIDNEY"
"TUHR14TKB","KIDNEY"
"TUHR4TKB","KIDNEY"
"TUR","HAEMATOPOIETIC_AND_LYMPHOID_TISSUE"
"TYKNU","OVARY"
"U118MG","CENTRAL_NERVOUS_SYSTEM"
"U138MG","CENTRAL_NERVOUS_SYSTEM"
"U178","CENTRAL_NERVOUS_SYSTEM"
"U251MG","CENTRAL_NERVOUS_SYSTEM"
"U266B1","HAEMATOPOIETIC_AND_LYMPHOID_TISSUE"
"U2OS","BONE"
"U343","CENTRAL_NERVOUS_SYSTEM"
"U698M","HAEMATOPOIETIC_AND_LYMPHOID_TISSUE"
"U87MG","CENTRAL_NERVOUS_SYSTEM"
"U937","HAEMATOPOIETIC_AND_LYMPHOID_TISSUE"
"UACC257","SKIN"
"UACC62","SKIN"
"UACC812","BREAST"
"UACC893","BREAST"
"UBLC1","URINARY_TRACT"
"UCH2","BONE"
"UDSCC2","UPPER_AERODIGESTIVE_TRACT"
"UMC11","LUNG"
"UMRC2","KIDNEY"
"UMRC6","KIDNEY"
"UMUC1","URINARY_TRACT"
"UMUC3","URINARY_TRACT"
"UO31","KIDNEY"
"UOK101","KIDNEY"
"UT7","HAEMATOPOIETIC_AND_LYMPHOID_TISSUE"
"UWB1289","OVARY"
"VAESBJ","SOFT_TISSUE"
"VAL","HAEMATOPOIETIC_AND_LYMPHOID_TISSUE"
"VCAP","PROSTATE"
"VMCUB1","URINARY_TRACT"
"VMRCLCD","LUNG"
"VMRCLCP","LUNG"
"VMRCMELG","SKIN"
"VMRCRCW","KIDNEY"
"VMRCRCZ","KIDNEY"
"WIL2NS","HAEMATOPOIETIC_AND_LYMPHOID_TISSUE"
"WM115","SKIN"
"WM1552C","SKIN"
"WM1799","SKIN"
"WM2664","SKIN"
"WM278","SKIN"
"WM35","SKIN"
"WM793","SKIN"
"WM793B","SKIN"
"WM88","SKIN"
"WM983B","SKIN"
"WSUDLCL2","HAEMATOPOIETIC_AND_LYMPHOID_TISSUE"
"WSUNHL","HAEMATOPOIETIC_AND_LYMPHOID_TISSUE"
"YAPC","PANCREAS"
"YD10B","UPPER_AERODIGESTIVE_TRACT"
"YD15","SALIVARY_GLAND"
"YD38","UPPER_AERODIGESTIVE_TRACT"
"YD8","UPPER_AERODIGESTIVE_TRACT"
"YH13","CENTRAL_NERVOUS_SYSTEM"
"YKG1","CENTRAL_NERVOUS_SYSTEM"
"YMB1","BREAST"
"YMB1E","BREAST"
"YT","HAEMATOPOIETIC_AND_LYMPHOID_TISSUE"
"ZR751","BREAST"
"ZR7530","BREAST"
