Gene,ACE2
DMS53_LUNG,3.770876
SW1116_LARGE_INTESTINE,4.863345
NCIH1694_LUNG,4.440273
P3HR1_HAEMATOPOIETIC_AND_LYMPHOID_TISSUE,3.786579
HUT78_HAEMATOPOIETIC_AND_LYMPHOID_TISSUE,3.930405
UMUC3_URINARY_TRACT,3.9876
HOS_BONE,3.72294
HUNS1_HAEMATOPOIETIC_AND_LYMPHOID_TISSUE,3.926281
AML193_HAEMATOPOIETIC_AND_LYMPHOID_TISSUE,3.911046
RVH421_SKIN,3.801763
NCIH1184_LUNG,3.816582
HCC2157_BREAST,4.541171
TC71_BONE,3.589078
NCIH2227_LUNG,3.754737
COLO205_LARGE_INTESTINE,3.8926
SNU449_LIVER,4.65167
NCIH28_PLEURA,3.932847
OV56_OVARY,3.852979
JHOS4_OVARY,4.488056
KYSE450_OESOPHAGUS,3.99088
RMUGS_OVARY,5.506711
KLE_ENDOMETRIUM,4.009113
HS895T_SKIN,3.727741
LN229_CENTRAL_NERVOUS_SYSTEM,4.004246
P31FUJ_HAEMATOPOIETIC_AND_LYMPHOID_TISSUE,3.781446
RKN_SOFT_TISSUE,3.79266
PATU8988S_PANCREAS,3.983968
NH6_AUTONOMIC_GANGLIA,3.995901
SF126_CENTRAL_NERVOUS_SYSTEM,3.925577
RERFLCAD2_LUNG,3.980016
OUMS23_LARGE_INTESTINE,9.409887
SNGM_ENDOMETRIUM,3.850722
OUMS27_BONE,3.778013
PL45_PANCREAS,3.931478
NCIH2347_LUNG,4.127185
SW1990_PANCREAS,3.728393
HS940T_SKIN,3.62127
HS611T_HAEMATOPOIETIC_AND_LYMPHOID_TISSUE,4.029332
TOLEDO_HAEMATOPOIETIC_AND_LYMPHOID_TISSUE,3.922187
RERFGC1B_STOMACH,7.140367
HT1080_SOFT_TISSUE,3.566572
NCIH2087_LUNG,3.986862
COV318_OVARY,3.805829
NCIH2085_LUNG,4.0058
NCIH510_LUNG,3.682355
CAKI1_KIDNEY,4.005303
NCIH716_LARGE_INTESTINE,4.00038
NCIH2066_LUNG,3.719184
NCIH1341_LUNG,4.004348
NCIH2029_LUNG,4.408554
C3A_LIVER,4.597446
SW480_LARGE_INTESTINE,4.055262
HS746T_STOMACH,3.746299
LU65_LUNG,3.937283
HS739T_BREAST,3.888331
SNUC2A_LARGE_INTESTINE,4.409392
HEC151_ENDOMETRIUM,4.084428
MSTO211H_PLEURA,3.648161
RAJI_HAEMATOPOIETIC_AND_LYMPHOID_TISSUE,3.852669
SKMEL1_SKIN,3.788541
SUPT1_HAEMATOPOIETIC_AND_LYMPHOID_TISSUE,3.927566
JHH7_LIVER,3.936932
HUT102_HAEMATOPOIETIC_AND_LYMPHOID_TISSUE,3.752143
5637_URINARY_TRACT,3.865196
HCC38_BREAST,3.708
DU4475_BREAST,3.816417
NCIH1573_LUNG,3.852064
NCIH508_LARGE_INTESTINE,6.115525
NCIH1651_LUNG,3.658861
SKUT1_SOFT_TISSUE,3.786425
MDAMB175VII_BREAST,5.912077
SUPB15_HAEMATOPOIETIC_AND_LYMPHOID_TISSUE,3.845214
BECKER_CENTRAL_NERVOUS_SYSTEM,3.718608
NCIH226_LUNG,4.137707
NCIH1666_LUNG,4.074695
SW1783_CENTRAL_NERVOUS_SYSTEM,3.664844
ISTMES1_PLEURA,3.909374
NCIH1734_LUNG,3.701678
NCIH2342_LUNG,4.728272
EBC1_LUNG,3.80123
YMB1_BREAST,3.748719
OC316_OVARY,3.727892
HS936T_SKIN,3.699631
T173_BONE,3.684463
NCIH322_LUNG,4.15034
HS618T_LUNG,3.914797
HS870T_BONE,3.938857
HS706T_BONE,3.941985
PANC1_PANCREAS,3.927636
NCIH2291_LUNG,3.975611
T47D_BREAST,3.721432
HS742T_BREAST,3.853882
BICR56_UPPER_AERODIGESTIVE_TRACT,5.559559
BICR16_UPPER_AERODIGESTIVE_TRACT,4.212906
TE10_OESOPHAGUS,4.082139
SKMEL28_SKIN,3.778321
BICR6_UPPER_AERODIGESTIVE_TRACT,6.868518
BHY_UPPER_AERODIGESTIVE_TRACT,5.420539
AZ521_STOMACH,3.84702
SH4_SKIN,3.687452
KPL1_BREAST,3.852605
CGTHW1_THYROID,3.641748
TUHR4TKB_KIDNEY,3.860291
LS123_LARGE_INTESTINE,8.197558
HEL_HAEMATOPOIETIC_AND_LYMPHOID_TISSUE,3.792356
HPAC_PANCREAS,4.133702
RCC10RGB_KIDNEY,3.80869
JHOM1_OVARY,3.960359
SU8686_PANCREAS,3.827758
HCC33_LUNG,3.830932
TE6_OESOPHAGUS,3.889438
JHOC5_OVARY,3.739199
ACCMESO1_PLEURA,4.094465
BL41_HAEMATOPOIETIC_AND_LYMPHOID_TISSUE,3.824392
SNU1214_UPPER_AERODIGESTIVE_TRACT,7.845177
CORL105_LUNG,3.617548
LMSU_STOMACH,3.774118
SNU1197_LARGE_INTESTINE,4.102176
COLO668_LUNG,3.701415
OSRC2_KIDNEY,3.752294
HUH6_LIVER,4.285775
PANC0203_PANCREAS,3.836877
CJM_SKIN,3.986574
BICR22_UPPER_AERODIGESTIVE_TRACT,6.185017
SHSY5Y_AUTONOMIC_GANGLIA,3.704042
TM31_CENTRAL_NERVOUS_SYSTEM,3.841063
SNU1272_KIDNEY,3.810277
KPNRTBM1_AUTONOMIC_GANGLIA,3.915019
BICR18_UPPER_AERODIGESTIVE_TRACT,4.496761
TE4_OESOPHAGUS,4.19416
PCM6_HAEMATOPOIETIC_AND_LYMPHOID_TISSUE,4.101332
ECC10_STOMACH,3.90523
TUHR14TKB_KIDNEY,3.915745
YD15_SALIVARY_GLAND,3.68253
UBLC1_URINARY_TRACT,4.303161
ECGI10_OESOPHAGUS,3.995764
CW2_LARGE_INTESTINE,6.077977
SNU761_LIVER,3.864241
SNU61_LARGE_INTESTINE,4.808401
NCIH1915_LUNG,3.854808
SNU324_PANCREAS,3.781734
YD10B_UPPER_AERODIGESTIVE_TRACT,4.192337
HCC2279_LUNG,3.701922
HLC1_LUNG,3.83726
TUHR10TKB_KIDNEY,3.696833
HEC1B_ENDOMETRIUM,4.094981
VMRCLCP_LUNG,4.200741
TGBC11TKB_STOMACH,4.119853
OVK18_OVARY,3.738174
SNU1077_ENDOMETRIUM,6.286138
HCC1588_LUNG,6.931632
SNU213_PANCREAS,3.924896
HT115_LARGE_INTESTINE,4.397064
TE14_OESOPHAGUS,5.365029
TE8_OESOPHAGUS,3.603894
SNU520_STOMACH,3.858066
JHUEM3_ENDOMETRIUM,3.868838
LI7_LIVER,8.746202
NCIH838_LUNG,4.005262
SNU119_OVARY,4.106577
SNU1033_LARGE_INTESTINE,4.320817
SNUC5_LARGE_INTESTINE,3.627222
GSS_STOMACH,3.890263
TALL1_HAEMATOPOIETIC_AND_LYMPHOID_TISSUE,3.787839
HCC1171_LUNG,3.739113
SNUC4_LARGE_INTESTINE,4.332661
U138MG_CENTRAL_NERVOUS_SYSTEM,3.691015
SNU620_STOMACH,3.664103
ECC12_STOMACH,3.754491
GSU_STOMACH,6.702173
KMS18_HAEMATOPOIETIC_AND_LYMPHOID_TISSUE,3.65537
JHOM2B_OVARY,6.362574
MDAMB231_BREAST,4.046009
OV90_OVARY,11.31262
RS411_HAEMATOPOIETIC_AND_LYMPHOID_TISSUE,3.787875
OVTOKO_OVARY,7.829751
OVCAR4_OVARY,4.121418
HLF_LIVER,3.843715
HCT15_LARGE_INTESTINE,3.744421
SW1463_LARGE_INTESTINE,7.874185
SF295_CENTRAL_NERVOUS_SYSTEM,3.82313
WM115_SKIN,3.752772
JHH4_LIVER,3.709643
OE33_OESOPHAGUS,3.89393
CCK81_LARGE_INTESTINE,5.11377
JHH1_LIVER,4.491881
SJSA1_BONE,3.631224
NCIH2228_LUNG,3.726296
RERFLCAI_LUNG,3.745238
SKMES1_LUNG,3.627695
NCIH520_LUNG,3.814639
JHH5_LIVER,3.907901
FU97_STOMACH,3.999436
COLO800_SKIN,3.729923
NCIH1963_LUNG,3.836498
RL952_ENDOMETRIUM,4.902711
J82_URINARY_TRACT,3.662875
HCC15_LUNG,4.059375
M059K_CENTRAL_NERVOUS_SYSTEM,3.801688
CALU6_LUNG,4.043939
SKLU1_LUNG,3.830601
SW900_LUNG,3.844523
UACC62_SKIN,3.893617
MFE280_ENDOMETRIUM,3.892837
MFE319_ENDOMETRIUM,3.863819
MFE296_ENDOMETRIUM,3.757352
GOS3_CENTRAL_NERVOUS_SYSTEM,3.75198
GI1_CENTRAL_NERVOUS_SYSTEM,3.867774
PC14_LUNG,4.392097
KYSE410_OESOPHAGUS,3.80126
A204_SOFT_TISSUE,3.748686
PATU8902_PANCREAS,3.819465
NCIH810_LUNG,3.710678
RERFLCMS_LUNG,3.73981
L1236_HAEMATOPOIETIC_AND_LYMPHOID_TISSUE,3.593584
DANG_PANCREAS,3.826863
NCIH460_LUNG,3.942843
KYSE140_OESOPHAGUS,3.991097
KYSE180_OESOPHAGUS,3.769924
HUPT3_PANCREAS,3.810364
EFE184_ENDOMETRIUM,3.816113
GCIY_STOMACH,8.662973
SH10TC_STOMACH,3.804483
CAOV4_OVARY,3.801009
HCC2218_BREAST,3.858169
KMS21BM_HAEMATOPOIETIC_AND_LYMPHOID_TISSUE,3.94457
KMS26_HAEMATOPOIETIC_AND_LYMPHOID_TISSUE,3.868109
KMS27_HAEMATOPOIETIC_AND_LYMPHOID_TISSUE,4.01156
KO52_HAEMATOPOIETIC_AND_LYMPHOID_TISSUE,3.838609
KMS28BM_HAEMATOPOIETIC_AND_LYMPHOID_TISSUE,3.764547
KNS60_CENTRAL_NERVOUS_SYSTEM,3.920279
KNS81_CENTRAL_NERVOUS_SYSTEM,3.674169
KPNSI9S_AUTONOMIC_GANGLIA,3.707951
LU99_LUNG,4.071407
KMS34_HAEMATOPOIETIC_AND_LYMPHOID_TISSUE,3.835332
MKN1_STOMACH,3.85283
MKN74_STOMACH,4.716586
KP3_PANCREAS,3.717072
NCO2_HAEMATOPOIETIC_AND_LYMPHOID_TISSUE,4.313221
KHM1B_HAEMATOPOIETIC_AND_LYMPHOID_TISSUE,3.904767
HSC2_UPPER_AERODIGESTIVE_TRACT,4.299593
KG1C_CENTRAL_NERVOUS_SYSTEM,3.990038
HUH7_LIVER,5.178902
KMBC2_URINARY_TRACT,5.74545
KMRC20_KIDNEY,4.380243
HUCCT1_BILIARY_TRACT,3.589984
KIJK_HAEMATOPOIETIC_AND_LYMPHOID_TISSUE,4.111579
A4FUK_HAEMATOPOIETIC_AND_LYMPHOID_TISSUE,3.91389
KALS1_CENTRAL_NERVOUS_SYSTEM,4.023466
HEC108_ENDOMETRIUM,3.951409
HEL9217_HAEMATOPOIETIC_AND_LYMPHOID_TISSUE,4.012225
HUH28_BILIARY_TRACT,3.752449
CMK115_HAEMATOPOIETIC_AND_LYMPHOID_TISSUE,3.923634
HEC265_ENDOMETRIUM,4.335703
CAL12T_LUNG,3.918133
THP1_HAEMATOPOIETIC_AND_LYMPHOID_TISSUE,3.846877
A3KAW_HAEMATOPOIETIC_AND_LYMPHOID_TISSUE,4.028607
SKNSH_AUTONOMIC_GANGLIA,3.835029
HCC1954_BREAST,7.015065
CAMA1_BREAST,3.969849
HEC6_ENDOMETRIUM,3.775324
AM38_CENTRAL_NERVOUS_SYSTEM,3.731885
HEC50B_ENDOMETRIUM,5.638433
HSC3_UPPER_AERODIGESTIVE_TRACT,3.908693
HSC4_UPPER_AERODIGESTIVE_TRACT,5.011243
KMS11_HAEMATOPOIETIC_AND_LYMPHOID_TISSUE,3.887137
KP4_PANCREAS,3.628122
KE39_STOMACH,4.043948
COV504_OVARY,3.823059
KE97_HAEMATOPOIETIC_AND_LYMPHOID_TISSUE,4.112618
VMRCRCW_KIDNEY,3.800061
HGC27_STOMACH,3.854594
LUDLU1_LUNG,4.480334
HUG1N_STOMACH,3.808905
U266B1_HAEMATOPOIETIC_AND_LYMPHOID_TISSUE,3.983524
NUGC4_STOMACH,5.363655
BGC823_STOMACH,5.061003
HMC18_BREAST,3.90697
CAS1_CENTRAL_NERVOUS_SYSTEM,3.822952
KMM1_HAEMATOPOIETIC_AND_LYMPHOID_TISSUE,3.743351
CORL23_LUNG,3.753596
MORCPR_LUNG,4.716722
HARA_LUNG,3.756054
SKOV3_OVARY,3.737116
HPAFII_PANCREAS,4.841684
MC116_HAEMATOPOIETIC_AND_LYMPHOID_TISSUE,3.783262
NCIH1568_LUNG,4.640723
CA46_HAEMATOPOIETIC_AND_LYMPHOID_TISSUE,3.737666
A498_KIDNEY,3.870605
BCP1_HAEMATOPOIETIC_AND_LYMPHOID_TISSUE,3.953355
A673_BONE,3.817755
AU565_BREAST,4.829128
COLO201_LARGE_INTESTINE,3.72151
CAPAN1_PANCREAS,3.917291
NCIH1563_LUNG,3.766455
NCIH358_LUNG,3.771782
CFPAC1_PANCREAS,4.027214
NIHOVCAR3_OVARY,3.684446
NCIH1650_LUNG,5.356983
NCIH1793_LUNG,3.832714
NCIH1437_LUNG,4.341532
KNS62_LUNG,4.1659
HS578T_BREAST,3.64522
BT20_BREAST,4.647492
SNU182_LIVER,3.97412
SKNMC_BONE,3.882713
HH_HAEMATOPOIETIC_AND_LYMPHOID_TISSUE,3.905313
FADU_UPPER_AERODIGESTIVE_TRACT,4.364025
SJRH30_SOFT_TISSUE,3.826552
MDAMB361_BREAST,3.797126
MDAMB436_BREAST,3.719916
PANC0213_PANCREAS,3.897323
DB_HAEMATOPOIETIC_AND_LYMPHOID_TISSUE,3.730187
RDES_BONE,3.879692
CAL27_UPPER_AERODIGESTIVE_TRACT,6.115967
MESSA_SOFT_TISSUE,3.831095
SW1271_LUNG,3.739624
NCIH1792_LUNG,3.91838
GCT_SOFT_TISSUE,3.849539
SKBR3_BREAST,3.818778
SNU16_STOMACH,7.373614
NCIH82_LUNG,3.75381
NCIN87_STOMACH,3.829407
U2OS_BONE,3.670611
H4_CENTRAL_NERVOUS_SYSTEM,3.743162
GDM1_HAEMATOPOIETIC_AND_LYMPHOID_TISSUE,3.803579
HCC1143_BREAST,3.652694
T24_URINARY_TRACT,3.606503
G401_SOFT_TISSUE,3.849712
HCC1937_BREAST,9.933722
HCC1569_BREAST,3.766913
OCUM1_STOMACH,4.491125
SAOS2_BONE,3.771397
D283MED_CENTRAL_NERVOUS_SYSTEM,3.851481
SCC9_UPPER_AERODIGESTIVE_TRACT,4.103813
HCC1395_BREAST,3.693947
NMCG1_CENTRAL_NERVOUS_SYSTEM,3.886313
TEN_ENDOMETRIUM,5.262863
HS604T_HAEMATOPOIETIC_AND_LYMPHOID_TISSUE,4.106161
TE9_OESOPHAGUS,6.098471
KNS42_CENTRAL_NERVOUS_SYSTEM,3.938016
KYSE520_OESOPHAGUS,3.670955
KYSE270_OESOPHAGUS,3.600257
JHUEM1_ENDOMETRIUM,4.026519
YH13_CENTRAL_NERVOUS_SYSTEM,3.755902
IALM_LUNG,3.880834
NCIH2052_PLEURA,3.665877
EB2_HAEMATOPOIETIC_AND_LYMPHOID_TISSUE,3.943758
SKNFI_AUTONOMIC_GANGLIA,3.928308
SKNAS_AUTONOMIC_GANGLIA,3.912504
GA10_HAEMATOPOIETIC_AND_LYMPHOID_TISSUE,3.702405
SNU398_LIVER,3.964341
SNU423_LIVER,3.845908
SCC4_UPPER_AERODIGESTIVE_TRACT,4.013733
EB1_HAEMATOPOIETIC_AND_LYMPHOID_TISSUE,3.962062
HCC1187_BREAST,3.871542
SNU387_LIVER,3.81464
DAUDI_HAEMATOPOIETIC_AND_LYMPHOID_TISSUE,4.0352
HT_HAEMATOPOIETIC_AND_LYMPHOID_TISSUE,3.909281
MJ_HAEMATOPOIETIC_AND_LYMPHOID_TISSUE,3.957156
JM1_HAEMATOPOIETIC_AND_LYMPHOID_TISSUE,3.917811
C2BBE1_LARGE_INTESTINE,5.721108
SKES1_BONE,3.835772
EPLC272H_LUNG,3.980142
BXPC3_PANCREAS,4.629947
NCIH1355_LUNG,4.402105
SNU5_STOMACH,6.969209
SNU475_LIVER,3.662689
HEC251_ENDOMETRIUM,3.765961
HCC95_LUNG,3.950084
253J_URINARY_TRACT,3.796305
HCC1438_LUNG,3.878612
253JBV_URINARY_TRACT,3.878158
RPMI7951_SKIN,3.82031
SNU1066_UPPER_AERODIGESTIVE_TRACT,7.768688
SNU1041_UPPER_AERODIGESTIVE_TRACT,4.145375
HCC2108_LUNG,3.848324
COLO783_SKIN,3.952427
HCC1359_LUNG,3.765017
BICR31_UPPER_AERODIGESTIVE_TRACT,5.372137
COV362_OVARY,4.011866
COLO792_SKIN,3.835208
COV434_OVARY,4.041761
WM983B_SKIN,3.818478
HS751T_HAEMATOPOIETIC_AND_LYMPHOID_TISSUE,3.831033
LS513_LARGE_INTESTINE,4.663947
NCIH2110_LUNG,5.243141
CHAGOK1_LUNG,3.897497
DMS454_LUNG,3.978542
CORL47_LUNG,3.83975
FTC238_THYROID,3.83548
DMS273_LUNG,3.593986
FTC133_THYROID,3.781603
CORL311_LUNG,4.052932
NCIH2286_LUNG,3.827808
NCIH1339_LUNG,3.771966
WM793_SKIN,3.814959
A704_KIDNEY,5.505363
MDAMB435S_SKIN,3.954732
WM1799_SKIN,3.759886
MEWO_SKIN,3.952424
WM88_SKIN,3.911074
NCIH2081_LUNG,3.844068
HS255T_LARGE_INTESTINE,3.848748
NCIH1092_LUNG,3.777498
SW837_LARGE_INTESTINE,4.139969
JHH6_LIVER,3.818674
IGR1_SKIN,3.80272
NCIH1105_LUNG,3.918769
NCIH1436_LUNG,3.932437
NCIH1876_LUNG,3.914835
CORL24_LUNG,4.302835
COV644_OVARY,4.133393
GP2D_LARGE_INTESTINE,4.01813
PECAPJ15_UPPER_AERODIGESTIVE_TRACT,5.361487
CORL88_LUNG,3.683233
CORL95_LUNG,3.87878
PECAPJ49_UPPER_AERODIGESTIVE_TRACT,4.072769
PECAPJ34CLONEC12_UPPER_AERODIGESTIVE_TRACT,5.529594
CORL51_LUNG,3.866303
RT11284_URINARY_TRACT,3.902772
PECAPJ41CLONED2_UPPER_AERODIGESTIVE_TRACT,6.388656
OV7_OVARY,3.720973
HT55_LARGE_INTESTINE,7.396662
OAW42_OVARY,4.715151
MDST8_LARGE_INTESTINE,3.719975
OAW28_OVARY,4.604788
SUIT2_PANCREAS,4.354868
LC1SQSF_LUNG,4.035088
KASUMI1_HAEMATOPOIETIC_AND_LYMPHOID_TISSUE,3.975228
SUPM2_HAEMATOPOIETIC_AND_LYMPHOID_TISSUE,4.006902
SKHEP1_LIVER,3.848396
OVCAR8_OVARY,3.91053
NCIH2172_LUNG,3.996837
ISHIKAWAHERAKLIO02ER_ENDOMETRIUM,3.789691
NCIH596_LUNG,6.064894
NCIH650_LUNG,3.764919
SW1573_LUNG,3.750904
OVMANA_OVARY,4.01977
SKCO1_LARGE_INTESTINE,6.53322
KARPAS299_HAEMATOPOIETIC_AND_LYMPHOID_TISSUE,3.977558
YAPC_PANCREAS,3.89483
HT1197_URINARY_TRACT,4.874646
A253_SALIVARY_GLAND,5.573879
HCC366_LUNG,4.176859
DKMG_CENTRAL_NERVOUS_SYSTEM,3.849999
SNU349_KIDNEY,3.735067
UMUC1_URINARY_TRACT,3.891508
NAMALWA_HAEMATOPOIETIC_AND_LYMPHOID_TISSUE,3.668682
NCIH292_LUNG,3.968938
59M_OVARY,3.760945
U118MG_CENTRAL_NERVOUS_SYSTEM,3.694535
VMRCLCD_LUNG,3.681916
HCC1833_LUNG,3.584416
RH30_SOFT_TISSUE,3.587369
TCCSUP_URINARY_TRACT,3.616601
SNU601_STOMACH,3.791847
CAL33_UPPER_AERODIGESTIVE_TRACT,8.226248
SNU668_STOMACH,3.769255
CORL279_LUNG,3.503764
GB1_CENTRAL_NERVOUS_SYSTEM,3.604662
KURAMOCHI_OVARY,3.824982
COLO775_HAEMATOPOIETIC_AND_LYMPHOID_TISSUE,3.743497
COLO684_ENDOMETRIUM,3.70556
KLM1_PANCREAS,5.443636
GRM_SKIN,3.605277
SNU685_ENDOMETRIUM,3.661451
CMK86_HAEMATOPOIETIC_AND_LYMPHOID_TISSUE,3.978152
SNU886_LIVER,3.623904
HCT8_LARGE_INTESTINE,3.54562
NCCSTCK140_STOMACH,10.33927
NCIH3255_LUNG,7.8351
SNU719_STOMACH,3.860613
SNU489_CENTRAL_NERVOUS_SYSTEM,3.552648
SNU81_LARGE_INTESTINE,3.629599
A2058_SKIN,3.756851
HTK_HAEMATOPOIETIC_AND_LYMPHOID_TISSUE,3.488224
SNU1040_LARGE_INTESTINE,4.307002
SNU1076_UPPER_AERODIGESTIVE_TRACT,7.657064
SNU175_LARGE_INTESTINE,3.869873
SNU407_LARGE_INTESTINE,3.864627
SNU201_CENTRAL_NERVOUS_SYSTEM,3.560507
KMS20_HAEMATOPOIETIC_AND_LYMPHOID_TISSUE,3.802605
SNU216_STOMACH,5.065486
SNU1196_BILIARY_TRACT,3.81342
SNU1079_BILIARY_TRACT,3.709574
HCC1195_LUNG,3.812609
NCIH854_LUNG,3.599524
SNU466_CENTRAL_NERVOUS_SYSTEM,3.890358
YD38_UPPER_AERODIGESTIVE_TRACT,3.980477
SNU1105_CENTRAL_NERVOUS_SYSTEM,3.942025
SNU283_LARGE_INTESTINE,4.175791
SNU46_UPPER_AERODIGESTIVE_TRACT,3.791396
SNU308_BILIARY_TRACT,4.785922
YD8_UPPER_AERODIGESTIVE_TRACT,3.569316
SNU245_BILIARY_TRACT,5.391832
SNU478_BILIARY_TRACT,4.217903
SNU410_PANCREAS,3.83851
SNU899_UPPER_AERODIGESTIVE_TRACT,4.921762
SNU503_LARGE_INTESTINE,5.389007
SET2_HAEMATOPOIETIC_AND_LYMPHOID_TISSUE,5.529685
SNU738_CENTRAL_NERVOUS_SYSTEM,3.801961
SNU626_CENTRAL_NERVOUS_SYSTEM,3.852712
SNU869_BILIARY_TRACT,3.931603
SNU878_LIVER,3.778419
SNU840_OVARY,4.226336
SNU8_OVARY,4.044864
NCIH684_LIVER,9.119185
IGR39_SKIN,3.770518
ALEXANDERCELLS_LIVER,3.89836
DAOY_CENTRAL_NERVOUS_SYSTEM,3.781832
HEP3B217_LIVER,3.793896
KYM1_SOFT_TISSUE,3.8169
LC1F_LUNG,3.727598
HLE_LIVER,3.929563
CMK_HAEMATOPOIETIC_AND_LYMPHOID_TISSUE,4.02143
JMSU1_URINARY_TRACT,3.87318
IMR32_AUTONOMIC_GANGLIA,3.793376
SUDHL8_HAEMATOPOIETIC_AND_LYMPHOID_TISSUE,4.058915
T3M4_PANCREAS,4.104787
COLO818_SKIN,3.867908
PK45H_PANCREAS,3.722191
HEC59_ENDOMETRIUM,4.286509
CPCN_LUNG,3.866017
T3M10_LUNG,3.793276
NUGC2_STOMACH,6.034549
PLCPRF5_LIVER,4.022094
KPNYN_AUTONOMIC_GANGLIA,3.905686
CCFSTTG1_CENTRAL_NERVOUS_SYSTEM,3.792245
NCIH929_HAEMATOPOIETIC_AND_LYMPHOID_TISSUE,3.950833
KMRC3_KIDNEY,3.848496
NCIH2023_LUNG,3.73706
DMS153_LUNG,3.751254
NCIH1048_LUNG,3.823743
D341MED_CENTRAL_NERVOUS_SYSTEM,3.739575
NCIH660_PROSTATE,3.703993
NCIH1618_LUNG,3.81658
HS675T_LARGE_INTESTINE,3.684599
PEER_HAEMATOPOIETIC_AND_LYMPHOID_TISSUE,3.969262
SKM1_HAEMATOPOIETIC_AND_LYMPHOID_TISSUE,3.66284
HT144_SKIN,3.705642
SKMEL31_SKIN,3.972646
HS839T_SKIN,3.82785
HS939T_SKIN,3.686891
OCILY3_HAEMATOPOIETIC_AND_LYMPHOID_TISSUE,3.84791
HS819T_BONE,3.719252
NCIH69_LUNG,4.046898
DV90_LUNG,3.657941
ZR751_BREAST,3.74462
KG1_HAEMATOPOIETIC_AND_LYMPHOID_TISSUE,3.949067
SKNBE2_AUTONOMIC_GANGLIA,3.807094
HCC70_BREAST,4.986873
NCIH2452_PLEURA,3.731635
SNU1_STOMACH,3.92984
LOUCY_HAEMATOPOIETIC_AND_LYMPHOID_TISSUE,3.807566
HCC56_LARGE_INTESTINE,4.695732
NCIH1648_LUNG,4.337774
TO175T_HAEMATOPOIETIC_AND_LYMPHOID_TISSUE,3.910617
GLC82_LUNG,4.159299
MPP89_PLEURA,3.935272
PANC0813_PANCREAS,3.759509
MG63_BONE,3.900674
PK1_PANCREAS,4.060665
HS840T_UPPER_AERODIGESTIVE_TRACT,3.848336
NCIH23_LUNG,3.698221
TE617T_SOFT_TISSUE,3.881534
SW1088_CENTRAL_NERVOUS_SYSTEM,3.704728
ISTMES2_PLEURA,3.973106
NCIH1373_LUNG,3.616967
NCIH1930_LUNG,3.645886
NCIH1623_LUNG,3.819383
HS229T_LUNG,3.70609
NCIH1838_LUNG,3.970159
NCIH1836_LUNG,3.844134
HS688AT_SKIN,3.88493
PANC0504_PANCREAS,4.179448
HS822T_BONE,3.67166
BL70_HAEMATOPOIETIC_AND_LYMPHOID_TISSUE,3.930185
CI1_HAEMATOPOIETIC_AND_LYMPHOID_TISSUE,3.707959
G292CLONEA141B1_BONE,4.006107
RCM1_LARGE_INTESTINE,4.411269
HS737T_BONE,3.826702
HS616T_HAEMATOPOIETIC_AND_LYMPHOID_TISSUE,4.023857
HS600T_SKIN,3.942708
TE159T_SOFT_TISSUE,3.810894
A101D_SKIN,3.828708
NCIH1755_LUNG,3.709513
143B_BONE,3.736598
RERFLCKJ_LUNG,4.338501
NCIH1693_LUNG,4.012739
SW780_URINARY_TRACT,4.242157
HS683_CENTRAL_NERVOUS_SYSTEM,3.716495
RKO_LARGE_INTESTINE,4.037341
HS729_SOFT_TISSUE,3.701018
JHOS2_OVARY,3.964217
MCF7_BREAST,3.898476
U937_HAEMATOPOIETIC_AND_LYMPHOID_TISSUE,3.849514
SKLMS1_SOFT_TISSUE,3.771796
HUTU80_SMALL_INTESTINE,3.899439
HCC202_BREAST,3.989762
MEG01_HAEMATOPOIETIC_AND_LYMPHOID_TISSUE,4.062368
REH_HAEMATOPOIETIC_AND_LYMPHOID_TISSUE,3.668622
ONS76_CENTRAL_NERVOUS_SYSTEM,3.694198
RPMI6666_HAEMATOPOIETIC_AND_LYMPHOID_TISSUE,3.672803
SNUC1_LARGE_INTESTINE,7.154692
SKNDZ_AUTONOMIC_GANGLIA,3.769281
DMS114_LUNG,3.692616
TT_OESOPHAGUS,4.265862
OCILY10_HAEMATOPOIETIC_AND_LYMPHOID_TISSUE,4.264447
ST486_HAEMATOPOIETIC_AND_LYMPHOID_TISSUE,4.376687
OC315_OVARY,3.701223
OC314_OVARY,3.614133
SW1353_BONE,3.689806
MDAMB157_BREAST,3.811327
LN18_CENTRAL_NERVOUS_SYSTEM,3.754955
769P_KIDNEY,3.843631
786O_KIDNEY,3.829828
CAOV3_OVARY,3.738131
HEPG2_LIVER,4.323585
MOLT4_HAEMATOPOIETIC_AND_LYMPHOID_TISSUE,3.963624
NCIH524_LUNG,3.580162
NCIH209_LUNG,3.628151
MIAPACA2_PANCREAS,3.816126
MCAS_OVARY,3.816322
SBC5_LUNG,3.60985
COLO829_SKIN,3.778463
VCAP_PROSTATE,3.891627
COLO704_OVARY,3.697465
IPC298_SKIN,3.731761
CAPAN2_PANCREAS,3.713519
EFM192A_BREAST,3.831918
HS766T_PANCREAS,5.619075
EFO27_OVARY,3.714566
A2780_OVARY,3.815539
NCIH196_LUNG,3.737043
IGROV1_OVARY,7.753963
NCIH889_LUNG,3.660832
NCIH211_LUNG,4.345402
HS571T_OVARY,3.736267
MDAPCA2B_PROSTATE,3.708808
SKMEL24_SKIN,3.747883
K029AX_SKIN,3.815611
HT1376_URINARY_TRACT,4.419662
NCIH2171_LUNG,3.751446
PANC1005_PANCREAS,3.748594
EVSAT_BREAST,3.660838
HS695T_SKIN,3.82345
CHL1_SKIN,3.951541
LOUNH91_LUNG,3.923383
LK2_LUNG,3.599617
TOV21G_OVARY,4.425274
SKMEL3_SKIN,3.795682
ASPC1_PANCREAS,3.976772
OVSAHO_OVARY,3.77347
NCIH441_LUNG,3.886552
RERFLCSQ1_LUNG,3.711666
NCIH2030_LUNG,3.792067
HMCB_SKIN,3.797405
FUOV1_OVARY,3.842842
MALME3M_SKIN,3.757468
KMS12BM_HAEMATOPOIETIC_AND_LYMPHOID_TISSUE,3.930175
T98G_CENTRAL_NERVOUS_SYSTEM,3.835742
HL60_HAEMATOPOIETIC_AND_LYMPHOID_TISSUE,4.019459
DBTRG05MG_CENTRAL_NERVOUS_SYSTEM,3.603397
HEYA8_OVARY,3.755463
NCIH2122_LUNG,4.316516
MELJUSO_SKIN,3.659316
SW620_LARGE_INTESTINE,4.01161
HCT116_LARGE_INTESTINE,3.925706
VMRCRCZ_KIDNEY,4.687833
DU145_PROSTATE,3.691696
MM1S_HAEMATOPOIETIC_AND_LYMPHOID_TISSUE,3.959065
L33_PANCREAS,3.80634
SKMEL2_SKIN,3.906301
A549_LUNG,3.740286
A172_CENTRAL_NERVOUS_SYSTEM,3.673133
NCIH1975_LUNG,3.668093
COLO679_SKIN,3.785881
KP2_PANCREAS,6.238063
HUH1_LIVER,3.856377
MDAMB453_BREAST,3.740436
PANC0403_PANCREAS,3.666562
TYKNU_OVARY,3.845923
OVISE_OVARY,7.977829
EFM19_BREAST,3.808864
MELHO_SKIN,4.008058
RL_HAEMATOPOIETIC_AND_LYMPHOID_TISSUE,3.891636
G361_SKIN,3.794357
NCIH647_LUNG,3.698117
GMS10_CENTRAL_NERVOUS_SYSTEM,3.753643
SEM_HAEMATOPOIETIC_AND_LYMPHOID_TISSUE,3.870246
HLFA_LUNG,3.830789
42MGBA_CENTRAL_NERVOUS_SYSTEM,3.911201
KCIMOH1_PANCREAS,3.761593
HCC44_LUNG,3.831824
KYSE70_OESOPHAGUS,4.143061
1321N1_CENTRAL_NERVOUS_SYSTEM,3.678245
GAMG_CENTRAL_NERVOUS_SYSTEM,3.795192
NCIH522_LUNG,3.768669
EN_ENDOMETRIUM,3.863157
PK59_PANCREAS,3.712623
SNB19_CENTRAL_NERVOUS_SYSTEM,3.895304
COLO741_SKIN,3.871881
HDMYZ_HAEMATOPOIETIC_AND_LYMPHOID_TISSUE,3.541846
NCIH661_LUNG,3.667404
LNCAPCLONEFGC_PROSTATE,3.959034
LS411N_LARGE_INTESTINE,4.043409
HCC78_LUNG,3.77031
YKG1_CENTRAL_NERVOUS_SYSTEM,3.753286
ESS1_ENDOMETRIUM,3.848618
U251MG_CENTRAL_NERVOUS_SYSTEM,3.660971
TE11_OESOPHAGUS,4.355193
KS1_CENTRAL_NERVOUS_SYSTEM,3.773282
HEC1A_ENDOMETRIUM,3.902845
TE1_OESOPHAGUS,3.709146
JHUEM2_ENDOMETRIUM,3.848544
MOGGUVW_CENTRAL_NERVOUS_SYSTEM,3.677623
RERFLCAD1_LUNG,3.901219
TE5_OESOPHAGUS,5.620711
KELLY_AUTONOMIC_GANGLIA,3.830956
NCIH1155_LUNG,3.671
TE15_OESOPHAGUS,4.236309
ABC1_LUNG,5.606115
8MGBA_CENTRAL_NERVOUS_SYSTEM,3.601565
NCIH1703_LUNG,3.894616
AGS_STOMACH,3.986742
QGP1_PANCREAS,3.67364
DETROIT562_UPPER_AERODIGESTIVE_TRACT,4.247296
BT474_BREAST,3.794165
ACHN_KIDNEY,4.867134
LOVO_LARGE_INTESTINE,4.874441
NCIH1581_LUNG,3.786029
SCABER_URINARY_TRACT,4.438996
SKMEL30_SKIN,3.864511
OVKATE_OVARY,3.967378
22RV1_PROSTATE,3.671514
C32_SKIN,3.918786
PANC0327_PANCREAS,3.748341
RPMI8226_HAEMATOPOIETIC_AND_LYMPHOID_TISSUE,3.854765
DLD1_LARGE_INTESTINE,3.688277
ES2_OVARY,3.74916
NCIH1395_LUNG,3.868967
NCIH1781_LUNG,4.860099
LS1034_LARGE_INTESTINE,6.002249
G402_SOFT_TISSUE,3.812384
NCIH146_LUNG,3.718074
SW48_LARGE_INTESTINE,4.037109
CHP212_AUTONOMIC_GANGLIA,3.672911
LS180_LARGE_INTESTINE,3.997818
SW403_LARGE_INTESTINE,4.356635
NCIH747_LARGE_INTESTINE,4.03364
RT4_URINARY_TRACT,4.180343
KATOIII_STOMACH,4.165216
BDCM_HAEMATOPOIETIC_AND_LYMPHOID_TISSUE,3.807937
SW1417_LARGE_INTESTINE,3.950695
SW948_LARGE_INTESTINE,4.202085
HS606T_BREAST,3.735584
MDAMB415_BREAST,3.907081
DMS79_LUNG,3.817431
NCIH2106_LUNG,3.989752
SW579_THYROID,3.788475
MDAMB468_BREAST,4.680445
NCIH526_LUNG,3.90612
TOV112D_OVARY,3.850395
BT549_BREAST,3.871512
NCIH2196_LUNG,3.496202
CAL851_BREAST,4.280362
EFO21_OVARY,3.941861
A375_SKIN,3.853364
HT29_LARGE_INTESTINE,3.716929
NCIH446_LUNG,3.723659
HS294T_SKIN,3.823596
SKMEL5_SKIN,3.777193
HS944T_SKIN,3.794934
TCCPAN2_PANCREAS,3.813041
DOV13_OVARY,4.061954
RMGI_OVARY,3.839785
PC3_PROSTATE,3.905953
K562_HAEMATOPOIETIC_AND_LYMPHOID_TISSUE,3.928053
RT112_URINARY_TRACT,3.996122
NUGC3_STOMACH,3.74926
U87MG_CENTRAL_NERVOUS_SYSTEM,3.899118
CAKI2_KIDNEY,3.951778
OE19_OESOPHAGUS,3.812353
KMRC2_KIDNEY,3.63893
JHH2_LIVER,3.662961
IM95_STOMACH,7.596566
MV411_HAEMATOPOIETIC_AND_LYMPHOID_TISSUE,3.927344
WM2664_SKIN,3.885924
KMRC1_KIDNEY,3.744394
KM12_LARGE_INTESTINE,3.829859
COLO849_SKIN,3.665835
T84_LARGE_INTESTINE,5.971963
CALU1_LUNG,3.76097
LOXIMVI_SKIN,3.732071
NCIH2170_LUNG,3.898223
SQ1_LUNG,3.8343
AN3CA_ENDOMETRIUM,3.754366
NCIH2444_LUNG,3.933111
UACC257_SKIN,3.885798
KYSE510_OESOPHAGUS,4.790824
MOLM13_HAEMATOPOIETIC_AND_LYMPHOID_TISSUE,3.848991
HUPT4_PANCREAS,4.268971
MOGGCCM_CENTRAL_NERVOUS_SYSTEM,3.843675
KYSE30_OESOPHAGUS,4.158981
KYSE150_OESOPHAGUS,3.832013
PSN1_PANCREAS,3.759018
NCIH1299_LUNG,3.842923
PATU8988T_PANCREAS,3.744066
IGR37_SKIN,3.830289
LN443_CENTRAL_NERVOUS_SYSTEM,3.771309
SLR23_KIDNEY,5.103932
HMEL_BREAST,4.213104
OELE_OVARY,3.840305
LN235_CENTRAL_NERVOUS_SYSTEM,3.687533
BJHTERT_SKIN,3.841084
LN428_CENTRAL_NERVOUS_SYSTEM,3.745345
SLR24_KIDNEY,3.922904
EWS502_BONE,3.771803
SALE_LUNG,3.81156
HCC2814_LUNG,4.927838
SKRC31_KIDNEY,3.644897
TIG3TD_LUNG,3.780627
TC32_BONE,3.710895
SF172_CENTRAL_NERVOUS_SYSTEM,3.797808
PRECLH_PROSTATE,3.833654
U343_CENTRAL_NERVOUS_SYSTEM,3.871797
RCC4_KIDNEY,8.120617
LN215_CENTRAL_NERVOUS_SYSTEM,3.627196
LN464_CENTRAL_NERVOUS_SYSTEM,3.902441
SLR25_KIDNEY,3.843503
U178_CENTRAL_NERVOUS_SYSTEM,3.661003
F5_CENTRAL_NERVOUS_SYSTEM,3.761512
HEKTE_KIDNEY,3.811069
SLR26_KIDNEY,3.860753
SKRC20_KIDNEY,3.905075
SF767_CENTRAL_NERVOUS_SYSTEM,7.902519
A1207_CENTRAL_NERVOUS_SYSTEM,3.81149
LN319_CENTRAL_NERVOUS_SYSTEM,3.697826
HCC364_LUNG,3.580159
UMRC6_KIDNEY,10.14048
LN382_CENTRAL_NERVOUS_SYSTEM,3.700207
IOMMLEE_CENTRAL_NERVOUS_SYSTEM,3.87634
UMRC2_KIDNEY,10.07663
DFCI024_LUNG,3.915388
HCC1897_LUNG,3.761919
SLR21_KIDNEY,3.965712
LNZ308_CENTRAL_NERVOUS_SYSTEM,3.786621
LN340_CENTRAL_NERVOUS_SYSTEM,3.701161
HCC827GR5_LUNG,4.077579
SLR20_KIDNEY,3.623264
HK2_KIDNEY,3.714759
EW8_BONE,3.888914
UOK101_KIDNEY,3.810134
JHESOAD1_OESOPHAGUS,3.785305
CH157MN_CENTRAL_NERVOUS_SYSTEM,3.828929
MOLP2_HAEMATOPOIETIC_AND_LYMPHOID_TISSUE,3.802667
SCC25_UPPER_AERODIGESTIVE_TRACT,5.864409
UT7_HAEMATOPOIETIC_AND_LYMPHOID_TISSUE,4.469045
MHHNB11_AUTONOMIC_GANGLIA,3.957832
HCC1806_BREAST,4.669811
GRANTA519_HAEMATOPOIETIC_AND_LYMPHOID_TISSUE,3.891124
MONOMAC6_HAEMATOPOIETIC_AND_LYMPHOID_TISSUE,3.936435
MKN7_STOMACH,4.548327
SW1710_URINARY_TRACT,3.841413
MOLT13_HAEMATOPOIETIC_AND_LYMPHOID_TISSUE,3.673232
SR786_HAEMATOPOIETIC_AND_LYMPHOID_TISSUE,3.863118
SCC15_UPPER_AERODIGESTIVE_TRACT,4.82518
RS5_PLEURA,3.82733
NCIH2126_LUNG,4.762011
NCIH2141_LUNG,3.874255
NCIH1385_LUNG,3.843365
HCC827_LUNG,3.754118
RD_SOFT_TISSUE,3.667008
TT_THYROID,3.65618
TF1_HAEMATOPOIETIC_AND_LYMPHOID_TISSUE,4.071208
HS172T_URINARY_TRACT,3.714976
HS834T_SKIN,3.705241
TE125T_SOFT_TISSUE,3.705315
8305C_THYROID,3.694575
UACC812_BREAST,3.879082
ALLSIL_HAEMATOPOIETIC_AND_LYMPHOID_TISSUE,4.058314
KASUMI2_HAEMATOPOIETIC_AND_LYMPHOID_TISSUE,3.741751
DND41_HAEMATOPOIETIC_AND_LYMPHOID_TISSUE,3.940955
ME1_HAEMATOPOIETIC_AND_LYMPHOID_TISSUE,4.012613
DM3_PLEURA,3.770559
JEKO1_HAEMATOPOIETIC_AND_LYMPHOID_TISSUE,3.749949
JJN3_HAEMATOPOIETIC_AND_LYMPHOID_TISSUE,3.748268
NUDHL1_HAEMATOPOIETIC_AND_LYMPHOID_TISSUE,3.898359
CL14_LARGE_INTESTINE,9.32288
KYO1_HAEMATOPOIETIC_AND_LYMPHOID_TISSUE,3.800484
JL1_PLEURA,3.745551
CAL148_BREAST,3.662764
NALM19_HAEMATOPOIETIC_AND_LYMPHOID_TISSUE,3.800211
HPBALL_HAEMATOPOIETIC_AND_LYMPHOID_TISSUE,3.893429
SUPT11_HAEMATOPOIETIC_AND_LYMPHOID_TISSUE,3.887903
CL40_LARGE_INTESTINE,7.546336
MDAMB134VI_BREAST,3.928736
HCC1500_BREAST,3.850703
HCC1599_BREAST,3.869641
SUPHD1_HAEMATOPOIETIC_AND_LYMPHOID_TISSUE,4.026545
MOTN1_HAEMATOPOIETIC_AND_LYMPHOID_TISSUE,3.838471
OCIAML3_HAEMATOPOIETIC_AND_LYMPHOID_TISSUE,3.886236
SUDHL10_HAEMATOPOIETIC_AND_LYMPHOID_TISSUE,4.146051
SUDHL4_HAEMATOPOIETIC_AND_LYMPHOID_TISSUE,3.898865
RH41_SOFT_TISSUE,3.799664
OCILY19_HAEMATOPOIETIC_AND_LYMPHOID_TISSUE,3.815796
MOLM6_HAEMATOPOIETIC_AND_LYMPHOID_TISSUE,3.787099
SKMM2_HAEMATOPOIETIC_AND_LYMPHOID_TISSUE,3.871877
KASUMI6_HAEMATOPOIETIC_AND_LYMPHOID_TISSUE,3.973025
HS698T_LARGE_INTESTINE,3.658575
UACC893_BREAST,4.554532
MINO_HAEMATOPOIETIC_AND_LYMPHOID_TISSUE,3.941378
CHP126_AUTONOMIC_GANGLIA,3.774246
COLO680N_OESOPHAGUS,5.059302
COLO678_LARGE_INTESTINE,4.312461
LAMA84_HAEMATOPOIETIC_AND_LYMPHOID_TISSUE,3.885879
CMLT1_HAEMATOPOIETIC_AND_LYMPHOID_TISSUE,3.898331
EHEB_HAEMATOPOIETIC_AND_LYMPHOID_TISSUE,4.007873
CAL54_KIDNEY,3.587181
BV173_HAEMATOPOIETIC_AND_LYMPHOID_TISSUE,3.960935
DOHH2_HAEMATOPOIETIC_AND_LYMPHOID_TISSUE,3.974173
EOL1_HAEMATOPOIETIC_AND_LYMPHOID_TISSUE,3.981121
NALM6_HAEMATOPOIETIC_AND_LYMPHOID_TISSUE,3.905229
VMCUB1_URINARY_TRACT,4.002619
LP1_HAEMATOPOIETIC_AND_LYMPHOID_TISSUE,3.991689
LXF289_LUNG,3.702709
MONOMAC1_HAEMATOPOIETIC_AND_LYMPHOID_TISSUE,3.703728
PL21_HAEMATOPOIETIC_AND_LYMPHOID_TISSUE,3.873452
PF382_HAEMATOPOIETIC_AND_LYMPHOID_TISSUE,3.873108
NALM1_HAEMATOPOIETIC_AND_LYMPHOID_TISSUE,3.830103
OCIAML2_HAEMATOPOIETIC_AND_LYMPHOID_TISSUE,3.828805
MHHCALL3_HAEMATOPOIETIC_AND_LYMPHOID_TISSUE,3.756192
JURLMK1_HAEMATOPOIETIC_AND_LYMPHOID_TISSUE,3.869464
OCIAML5_HAEMATOPOIETIC_AND_LYMPHOID_TISSUE,3.787479
KE37_HAEMATOPOIETIC_AND_LYMPHOID_TISSUE,3.785222
JK1_HAEMATOPOIETIC_AND_LYMPHOID_TISSUE,4.196238
RI1_HAEMATOPOIETIC_AND_LYMPHOID_TISSUE,3.895447
KARPAS422_HAEMATOPOIETIC_AND_LYMPHOID_TISSUE,3.90438
L540_HAEMATOPOIETIC_AND_LYMPHOID_TISSUE,3.872001
CAL78_BONE,3.815108
HDQP1_BREAST,6.960193
MHHCALL4_HAEMATOPOIETIC_AND_LYMPHOID_TISSUE,3.819049
MUTZ5_HAEMATOPOIETIC_AND_LYMPHOID_TISSUE,3.883351
ONCODG1_OVARY,3.72028
HDLM2_HAEMATOPOIETIC_AND_LYMPHOID_TISSUE,3.866194
CAL29_URINARY_TRACT,4.805628
KOPN8_HAEMATOPOIETIC_AND_LYMPHOID_TISSUE,3.849776
SCLC21H_LUNG,3.810812
CALU3_LUNG,7.708139
NCIH1435_LUNG,4.534245
NCIH2009_LUNG,3.849625
NCIH1869_LUNG,4.584114
HS852T_SKIN,3.70551
HCC1419_BREAST,3.777885
BT483_BREAST,3.546717
HS281T_BREAST,3.623567
HS934T_SKIN,3.682631
HCC4006_LUNG,5.034201
HCC1428_BREAST,3.741477
KU812_HAEMATOPOIETIC_AND_LYMPHOID_TISSUE,4.526501
SHP77_LUNG,3.719005
TE441T_SOFT_TISSUE,3.943599
NB1_AUTONOMIC_GANGLIA,3.788766
HS274T_BREAST,3.846262
PFEIFFER_HAEMATOPOIETIC_AND_LYMPHOID_TISSUE,3.976605
ZR7530_BREAST,3.80768
HS863T_BONE,3.789242
NCIH841_LUNG,3.616001
HS821T_BONE,3.864143
NCIH1944_LUNG,4.464058
NCIH2405_LUNG,3.708512
DEL_HAEMATOPOIETIC_AND_LYMPHOID_TISSUE,3.743534
BEN_LUNG,3.883419
COLO320_LARGE_INTESTINE,3.601408
RPMI8402_HAEMATOPOIETIC_AND_LYMPHOID_TISSUE,3.914785
SUDHL1_HAEMATOPOIETIC_AND_LYMPHOID_TISSUE,4.133753
P12ICHIKAWA_HAEMATOPOIETIC_AND_LYMPHOID_TISSUE,4.017404
BFTC905_URINARY_TRACT,7.96646
BFTC909_KIDNEY,3.952543
MHHES1_BONE,3.7101
JVM3_HAEMATOPOIETIC_AND_LYMPHOID_TISSUE,3.829339
NOMO1_HAEMATOPOIETIC_AND_LYMPHOID_TISSUE,3.663391
NCIH727_LUNG,3.778478
HS343T_BREAST,3.942844
HCC2935_LUNG,4.977157
HS888T_BONE,3.661306
MKN45_STOMACH,4.149649
8505C_THYROID,3.750677
KU1919_URINARY_TRACT,3.738717
KCL22_HAEMATOPOIETIC_AND_LYMPHOID_TISSUE,3.607821
CADOES1_BONE,3.820787
S117_SOFT_TISSUE,3.893559
EM2_HAEMATOPOIETIC_AND_LYMPHOID_TISSUE,3.879345
COLO677_HAEMATOPOIETIC_AND_LYMPHOID_TISSUE,
OPM2_HAEMATOPOIETIC_AND_LYMPHOID_TISSUE,3.899462
CAL62_THYROID,3.661665
LCLC103H_LUNG,3.722742
JURKAT_HAEMATOPOIETIC_AND_LYMPHOID_TISSUE,3.855351
697_HAEMATOPOIETIC_AND_LYMPHOID_TISSUE,3.936145
MHHCALL2_HAEMATOPOIETIC_AND_LYMPHOID_TISSUE,3.804915
M07E_HAEMATOPOIETIC_AND_LYMPHOID_TISSUE,7.07051
L428_HAEMATOPOIETIC_AND_LYMPHOID_TISSUE,3.856135
MOLT16_HAEMATOPOIETIC_AND_LYMPHOID_TISSUE,4.184361
NB4_HAEMATOPOIETIC_AND_LYMPHOID_TISSUE,3.902835
LCLC97TM1_LUNG,3.680051
2313287_STOMACH,3.761051
BHT101_THYROID,3.780103
JVM2_HAEMATOPOIETIC_AND_LYMPHOID_TISSUE,3.719019
CAL51_BREAST,6.716712
L363_HAEMATOPOIETIC_AND_LYMPHOID_TISSUE,3.949952
KMH2_HAEMATOPOIETIC_AND_LYMPHOID_TISSUE,3.784655
SIMA_AUTONOMIC_GANGLIA,3.821006
NUDUL1_HAEMATOPOIETIC_AND_LYMPHOID_TISSUE,4.100873
BC3C_URINARY_TRACT,3.794906
SUDHL6_HAEMATOPOIETIC_AND_LYMPHOID_TISSUE,3.88561
KARPAS620_HAEMATOPOIETIC_AND_LYMPHOID_TISSUE,4.03863
REC1_HAEMATOPOIETIC_AND_LYMPHOID_TISSUE,3.794444
OCIM1_HAEMATOPOIETIC_AND_LYMPHOID_TISSUE,3.970026
MEC1_HAEMATOPOIETIC_AND_LYMPHOID_TISSUE,3.743957
SIGM5_HAEMATOPOIETIC_AND_LYMPHOID_TISSUE,3.8743
SUDHL5_HAEMATOPOIETIC_AND_LYMPHOID_TISSUE,3.977711
BCPAP_THYROID,3.848796
639V_URINARY_TRACT,3.746651
CL11_LARGE_INTESTINE,3.819062
TT2609C02_THYROID,3.599039
MEC2_HAEMATOPOIETIC_AND_LYMPHOID_TISSUE,3.677088
CL34_LARGE_INTESTINE,5.389007
RCHACV_HAEMATOPOIETIC_AND_LYMPHOID_TISSUE,3.854909
CAL120_BREAST,3.793206
647V_URINARY_TRACT,3.750793
RH18_SOFT_TISSUE,3.7399
MOLM16_HAEMATOPOIETIC_AND_LYMPHOID_TISSUE,9.308211
F36P_HAEMATOPOIETIC_AND_LYMPHOID_TISSUE,3.874847
EJM_HAEMATOPOIETIC_AND_LYMPHOID_TISSUE,3.887608
WSUDLCL2_HAEMATOPOIETIC_AND_LYMPHOID_TISSUE,3.873704
JIMT1_BREAST,3.932277
ML1_THYROID,3.919154
AMO1_HAEMATOPOIETIC_AND_LYMPHOID_TISSUE,3.87018
MOLP8_HAEMATOPOIETIC_AND_LYMPHOID_TISSUE,3.943933
COLO699_LUNG,
JHUEM7_ENDOMETRIUM,4.5062
KP1NL_PANCREAS,
KP1N_PANCREAS,
M059J_CENTRAL_NERVOUS_SYSTEM,
MB157_BREAST,
OE21_OESOPHAGUS,4.387993
SF8657_SKIN,
SNUC2B_LARGE_INTESTINE,
NCIH2073_LUNG,3.710414
HN_UPPER_AERODIGESTIVE_TRACT,
HRT18_LARGE_INTESTINE,
HCT116G9B_ENGINEERED,
HCT116PA_ENGINEERED,
HNT34_HAEMATOPOIETIC_AND_LYMPHOID_TISSUE,3.746477
MUTZ2_HAEMATOPOIETIC_AND_LYMPHOID_TISSUE,
PLB985_HAEMATOPOIETIC_AND_LYMPHOID_TISSUE,3.680452
SKNO1_HAEMATOPOIETIC_AND_LYMPHOID_TISSUE,3.709334
LC1_LUNG,
MOLT3_HAEMATOPOIETIC_AND_LYMPHOID_TISSUE,3.845899
HOP62_LUNG,3.639304
EKVX_LUNG,3.806116
OVCAR5_OVARY,3.599615
UO31_KIDNEY,3.661545
TK10_KIDNEY,
SF268_CENTRAL_NERVOUS_SYSTEM,3.770352
SF539_CENTRAL_NERVOUS_SYSTEM,3.59462
SNB75_CENTRAL_NERVOUS_SYSTEM,3.702131
HOP92_LUNG,3.621499
ACCS_URINARY_TRACT,
MUTZ3_HAEMATOPOIETIC_AND_LYMPHOID_TISSUE,3.938265
A427_LUNG,
BT12_SOFT_TISSUE,
C8166_HAEMATOPOIETIC_AND_LYMPHOID_TISSUE,3.925562
CACO2_LARGE_INTESTINE,7.116825
HCC2429_LUNG,
HCC2450_LUNG,
HCC461_LUNG,
HCC515_LUNG,
INA6_HAEMATOPOIETIC_AND_LYMPHOID_TISSUE,3.741706
KD_SOFT_TISSUE,
KPMRTRY_SOFT_TISSUE,
MON_SOFT_TISSUE,
NCIH2004RT_SOFT_TISSUE,
NCIH2077_LUNG,
NCIH2882_LUNG,
NCIH2887_LUNG,
NCIH1819_LUNG,
NCIH3122_LUNG,
NHAHTDD_CENTRAL_NERVOUS_SYSTEM,3.548521
OCIMY5_HAEMATOPOIETIC_AND_LYMPHOID_TISSUE,3.940316
OCIMY7_HAEMATOPOIETIC_AND_LYMPHOID_TISSUE,3.819422
OPM1_HAEMATOPOIETIC_AND_LYMPHOID_TISSUE,3.750654
PC9_LUNG,
SKNEP1_BONE,
SKPNDW_BONE,
STM9101_SOFT_TISSUE,
SIHA_CERVIX,3.734547
TM87_SOFT_TISSUE,
TTC709_SOFT_TISSUE,
TTC1240_SOFT_TISSUE,
TTC549_SOFT_TISSUE,
TTC642_SOFT_TISSUE,
BT16_SOFT_TISSUE,
CW9019_SOFT_TISSUE,
D384_CENTRAL_NERVOUS_SYSTEM,
D425_CENTRAL_NERVOUS_SYSTEM,
D458_CENTRAL_NERVOUS_SYSTEM,
D556_CENTRAL_NERVOUS_SYSTEM,
JR_SOFT_TISSUE,
MKL1_SKIN,
MKL2_SKIN,
PETA_SKIN,
SMSCTR_SOFT_TISSUE,
SUMB002_CENTRAL_NERVOUS_SYSTEM,
201T_LUNG,
451LU_NS,
A388_SKIN,
A431_SKIN,
ACN,
ALLPO_HAEMATOPOIETIC_AND_LYMPHOID_TISSUE,
ARH77_HAEMATOPOIETIC_AND_LYMPHOID_TISSUE,
ASH3_THYROID,
ATN1_HAEMATOPOIETIC_AND_LYMPHOID_TISSUE,
BALL1_HAEMATOPOIETIC_AND_LYMPHOID_TISSUE,
BB30HNC_UPPER_AERODIGESTIVE_TRACT,
BB49HNC_UPPER_AERODIGESTIVE_TRACT,
BB65RCC_KIDNEY,
BC1_HAEMATOPOIETIC_AND_LYMPHOID_TISSUE,
BC3_HAEMATOPOIETIC_AND_LYMPHOID_TISSUE,
BE13_HAEMATOPOIETIC_AND_LYMPHOID_TISSUE,
BE2M17_AUTONOMIC_GANGLIA,
BICR10_UPPER_AERODIGESTIVE_TRACT,
BICR78_UPPER_AERODIGESTIVE_TRACT,
BONNA12_HAEMATOPOIETIC_AND_LYMPHOID_TISSUE,
BPH1_PROSTATE,
C33A_CERVIX,
C4I_CERVIX,
CA922_UPPER_AERODIGESTIVE_TRACT,
CAL39_VULVA,
CAL72_BONE,
CAR1_LARGE_INTESTINE,
CASKI_CERVIX,
CCRFCEM_HAEMATOPOIETIC_AND_LYMPHOID_TISSUE,
CESS_HAEMATOPOIETIC_AND_LYMPHOID_TISSUE,
CHP134_AUTONOMIC_GANGLIA,
CHSA0011_BONE,
CHSA0108_BONE,
CHSA8926_BONE,
COLO824_BREAST,
CORL303_LUNG,
CORL321_PLEURA,
CORL32_LUNG,
CP50MELB_SKIN,
CP66MEL_SKIN,
CP67MEL_SKIN,
CROAP2_HAEMATOPOIETIC_AND_LYMPHOID_TISSUE,
CROAP3,
CS1_BONE,
CTB1_HAEMATOPOIETIC_AND_LYMPHOID_TISSUE,
CTV1_HAEMATOPOIETIC_AND_LYMPHOID_TISSUE,
D245MG_CENTRAL_NERVOUS_SYSTEM,
D247MG_CENTRAL_NERVOUS_SYSTEM,
D263MG_CENTRAL_NERVOUS_SYSTEM,
D336MG_CENTRAL_NERVOUS_SYSTEM,
D392MG_CENTRAL_NERVOUS_SYSTEM,
D423MG_CENTRAL_NERVOUS_SYSTEM,
D502MG_CENTRAL_NERVOUS_SYSTEM,
D542MG_CENTRAL_NERVOUS_SYSTEM,
D566MG_CENTRAL_NERVOUS_SYSTEM,
DG75_HAEMATOPOIETIC_AND_LYMPHOID_TISSUE,
DIFI_LARGE_INTESTINE,
DJM1_SKIN,
DOK_UPPER_AERODIGESTIVE_TRACT,
DOTC24510_CERVIX,
DSH1_URINARY_TRACT,
EB3_HAEMATOPOIETIC_AND_LYMPHOID_TISSUE,
EGI1_BILIARY_TRACT,
EMCBAC1_LUNG,
EMCBAC2_LUNG,
ES1_BONE,
ES3_BONE,
ES4_BONE,
ES5_BONE,
ES6_BONE,
ES7_BONE,
ES8_BONE,
ESO26_OESOPHAGUS,
ESO51_OESOPHAGUS,
ETK1_BILIARY_TRACT,
EW11_BONE,
EW12_BONE,
EW13_BONE,
EW16_BONE,
EW18_BONE,
EW1_BONE,
EW22_BONE,
EW24_BONE,
EW3_BONE,
EW7_BONE,
FARAGE_HAEMATOPOIETIC_AND_LYMPHOID_TISSUE,
FLO1_OESOPHAGUS,
GAK_SKIN,
GEO_LARGE_INTESTINE,
GIMEN_AUTONOMIC_GANGLIA,
GMEL_SKIN,
GOTO_AUTONOMIC_GANGLIA,
GP5D_LARGE_INTESTINE,
GRST_HAEMATOPOIETIC_AND_LYMPHOID_TISSUE,
GT3TKB_STOMACH,
H2369_PLEURA,
NCIH2595_PLEURA,
NCIH2722_PLEURA,
NCIH2731_PLEURA,
NCIH2795_PLEURA,
NCIH2803_PLEURA,
NCIH2804_PLEURA,
NCIH2810_PLEURA,
NCIH2818_PLEURA,
NCIH2869_PLEURA,
H290_PLEURA,
H3118_UPPER_AERODIGESTIVE_TRACT,
H9_HAEMATOPOIETIC_AND_LYMPHOID_TISSUE,
HA7RCC_KIDNEY,
HAL01_HAEMATOPOIETIC_AND_LYMPHOID_TISSUE,
HC1_HAEMATOPOIETIC_AND_LYMPHOID_TISSUE,
HCC2998_LARGE_INTESTINE,
HCE4_OESOPHAGUS,
HEC1_ENDOMETRIUM,
HELA_CERVIX,
HEMCSS_BONE,
HEY_OVARY,
HMVII_SKIN,
HO1N1_UPPER_AERODIGESTIVE_TRACT,
HO1U1_UPPER_AERODIGESTIVE_TRACT,
HS445_HAEMATOPOIETIC_AND_LYMPHOID_TISSUE,
HSC39_STOMACH,
HT3_CERVIX,
HTCC3_THYROID,
HUH6CLONE5,
HUO3N1_BONE,
HUO9_BONE,
IHH4_THYROID,
IM9_HAEMATOPOIETIC_AND_LYMPHOID_TISSUE,
IMR5_AUTONOMIC_GANGLIA,
ISTMEL1_SKIN,
ISTSL1_LUNG,
ISTSL2_LUNG,
JAR_PLACENTA,
JEG3_PLACENTA,
JHOS3_OVARY,
JHU011_UPPER_AERODIGESTIVE_TRACT,
JHU022_UPPER_AERODIGESTIVE_TRACT,
JHU029_UPPER_AERODIGESTIVE_TRACT,
JIYOYEP2003_HAEMATOPOIETIC_AND_LYMPHOID_TISSUE,
JSC1_HAEMATOPOIETIC_AND_LYMPHOID_TISSUE,
K2_SKIN,
K5_THYROID,
KARPAS1106P_HAEMATOPOIETIC_AND_LYMPHOID_TISSUE,
KARPAS231_HAEMATOPOIETIC_AND_LYMPHOID_TISSUE,
KARPAS45_HAEMATOPOIETIC_AND_LYMPHOID_TISSUE,
KGN_OVARY,
KINGS1_CENTRAL_NERVOUS_SYSTEM,
KMH2_THYROID,
KMOE2_HAEMATOPOIETIC_AND_LYMPHOID_TISSUE,
KNS81FD_CENTRAL_NERVOUS_SYSTEM,
KON_UPPER_AERODIGESTIVE_TRACT,
KOSC2_UPPER_AERODIGESTIVE_TRACT,
KPNYS_AUTONOMIC_GANGLIA,
KY821_HAEMATOPOIETIC_AND_LYMPHOID_TISSUE,
KYAE1_OESOPHAGUS,
KYSE220_OESOPHAGUS,
KYSE50_OESOPHAGUS,
LAN6_AUTONOMIC_GANGLIA,
LB1047RCC_KIDNEY,
LB2241RCC_KIDNEY,
LB2518MEL_SKIN,
LB373MELD_SKIN,
LB647SCLC_LUNG,
LB771HNC_UPPER_AERODIGESTIVE_TRACT,
LB831BLC_URINARY_TRACT,
LB996RCC_KIDNEY,
LC2AD_LUNG,
LC41_HAEMATOPOIETIC_AND_LYMPHOID_TISSUE,
LIM1215_LARGE_INTESTINE,
LN405_CENTRAL_NERVOUS_SYSTEM,
LNZTA3WT4_CENTRAL_NERVOUS_SYSTEM,
LU134A_LUNG,
LU135_LUNG,
LU139_LUNG,
LU165_LUNG,
M14_SKIN,
MC1010_HAEMATOPOIETIC_AND_LYMPHOID_TISSUE,
MCC13_SKIN,
MCC26_SKIN,
MCCAR_HAEMATOPOIETIC_AND_LYMPHOID_TISSUE,
MCIXC_AUTONOMIC_GANGLIA,
MDAMB330_BREAST,
ME180_CERVIX,
MFHINO_SOFT_TISSUE,
MFM223_BREAST,
MHHPREB1_HAEMATOPOIETIC_AND_LYMPHOID_TISSUE,
MKN28_STOMACH,
ML2_HAEMATOPOIETIC_AND_LYMPHOID_TISSUE,
MLMA_HAEMATOPOIETIC_AND_LYMPHOID_TISSUE,
MMACSF_SKIN,
MN60_HAEMATOPOIETIC_AND_LYMPHOID_TISSUE,
MOT_HAEMATOPOIETIC_AND_LYMPHOID_TISSUE,
MRKNU1_BREAST,
MS1_LUNG,
MS751_CERVIX,
MYM12_HAEMATOPOIETIC_AND_LYMPHOID_TISSUE,
MZ1PC_PANCREAS,
MZ2MEL_SKIN,
MZ7MEL_SKIN,
NB10_AUTONOMIC_GANGLIA,
NB12_AUTONOMIC_GANGLIA,
NB13_AUTONOMIC_GANGLIA,
NB14_AUTONOMIC_GANGLIA,
NB17_AUTONOMIC_GANGLIA,
NB5_AUTONOMIC_GANGLIA,
NB69_AUTONOMIC_GANGLIA,
NB6_AUTONOMIC_GANGLIA,
NB7_AUTONOMIC_GANGLIA,
NBSUSSR_AUTONOMIC_GANGLIA,
NBTU110_AUTONOMIC_GANGLIA,
NCC010_KIDNEY,
NCC021_KIDNEY,
NCCIT_TESTIS,
NCIH128_LUNG,
NCIH1304_LUNG,
NCIH1417_LUNG,
NCIH1688_LUNG,
NCIH1770_LUNG,
NCIH187_LUNG,
NCIH1993_LUNG,
NCIH2135_LUNG,
NCIH2373_PLEURA,
NCIH2461_PLEURA,
NCIH250_LUNG,
NCIH2591_PLEURA,
NCIH345_LUNG,
NCIH378_LUNG,
NCIH513_PLEURA,
NCIH630_LARGE_INTESTINE,
NCIH64_LUNG,
NCIH720_LUNG,
NCIH740_LUNG,
NCIH748_LUNG,
NCIH820_LUNG,
NCIH835_LUNG,
NCIH847_LUNG,
NEC8_TESTIS,
NH12_AUTONOMIC_GANGLIA,
NK92MI_HAEMATOPOIETIC_AND_LYMPHOID_TISSUE,
NKM1_HAEMATOPOIETIC_AND_LYMPHOID_TISSUE,
NO10_CENTRAL_NERVOUS_SYSTEM,
NO11_CENTRAL_NERVOUS_SYSTEM,
NOS1_BONE,
NTERA2CLD1_TESTIS,
NY_BONE,
OACM51_OESOPHAGUS,
OACP4C_OESOPHAGUS,
OCILY7_HAEMATOPOIETIC_AND_LYMPHOID_TISSUE,
OCUBM_BREAST,
OMC1_CERVIX,
OSC19_UPPER_AERODIGESTIVE_TRACT,
OSC20_UPPER_AERODIGESTIVE_TRACT,
OV17R_OVARY,
OVCA420_OVARY,
OVCA433_OVARY,
OVMIU_OVARY,
P30OHK_HAEMATOPOIETIC_AND_LYMPHOID_TISSUE,
P32ISH_HAEMATOPOIETIC_AND_LYMPHOID_TISSUE,
PA1_OVARY,
PC3JPC3_LUNG,
PCI15A_UPPER_AERODIGESTIVE_TRACT,
PCI30_UPPER_AERODIGESTIVE_TRACT,
PCI38_UPPER_AERODIGESTIVE_TRACT,
PCI4B_UPPER_AERODIGESTIVE_TRACT,
PCI6A_UPPER_AERODIGESTIVE_TRACT,
PEO1_OVARY,
PFSK1_CENTRAL_NERVOUS_SYSTEM,
PL18_PANCREAS,
PL4_PANCREAS,
PWR1E_PROSTATE,
QIMRWIL_HAEMATOPOIETIC_AND_LYMPHOID_TISSUE,
RAMOS2G64C10_HAEMATOPOIETIC_AND_LYMPHOID_TISSUE,
RCCAB_KIDNEY,
RCCER_KIDNEY,
RCCFG2_KIDNEY,
RCCJF_KIDNEY,
RCCJW_KIDNEY,
RCCMF_KIDNEY,
RCK8_HAEMATOPOIETIC_AND_LYMPHOID_TISSUE,
RERFLCFM_LUNG,
RF48_STOMACH,
RH1_SOFT_TISSUE,
RO82W1_THYROID,
ROS50_HAEMATOPOIETIC_AND_LYMPHOID_TISSUE,
RPMI2650_UPPER_AERODIGESTIVE_TRACT,
RPMI8866_HAEMATOPOIETIC_AND_LYMPHOID_TISSUE,
RXF393_KIDNEY,
SARC9371_BONE,
SAS_UPPER_AERODIGESTIVE_TRACT,
SAT_UPPER_AERODIGESTIVE_TRACT,
SBC1_LUNG,
SBC3_LUNG,
SC1_HAEMATOPOIETIC_AND_LYMPHOID_TISSUE,
SCC3_HAEMATOPOIETIC_AND_LYMPHOID_TISSUE,
SCC90_UPPER_AERODIGESTIVE_TRACT,
SCH_STOMACH,
SISO_CERVIX,
SKGIIIA_CERVIX,
SKGT2_STOMACH,
SKGT4_OESOPHAGUS,
SKMG1_CENTRAL_NERVOUS_SYSTEM,
SKN3_UPPER_AERODIGESTIVE_TRACT,
SKN_URINARY_TRACT,
SLVL_HAEMATOPOIETIC_AND_LYMPHOID_TISSUE,
SN12C_KIDNEY,
STS0421_SOFT_TISSUE,
SUDHL16_HAEMATOPOIETIC_AND_LYMPHOID_TISSUE,
SUPB8_HAEMATOPOIETIC_AND_LYMPHOID_TISSUE,
SW13_ADRENAL_GLAND,
SW626_OVARY,
SW684_SOFT_TISSUE,
SW756_CERVIX,
SW872_SOFT_TISSUE,
SW954_VULVA,
SW962_VULVA,
SW982_SOFT_TISSUE,
TASK1_BONE,
TCYIK_CERVIX,
TE12_OESOPHAGUS,
TGBC1TKB_BILIARY_TRACT,
TGBC24TKB_BILIARY_TRACT,
TGW_AUTONOMIC_GANGLIA,
TK_HAEMATOPOIETIC_AND_LYMPHOID_TISSUE,
TMK1_STOMACH,
TUR_HAEMATOPOIETIC_AND_LYMPHOID_TISSUE,
U698M_HAEMATOPOIETIC_AND_LYMPHOID_TISSUE,
UCH2_BONE,
UDSCC2_UPPER_AERODIGESTIVE_TRACT,
UMC11_LUNG,
UWB1289_OVARY,
VAESBJ_SOFT_TISSUE,
VAL_HAEMATOPOIETIC_AND_LYMPHOID_TISSUE,
VMRCMELG_SKIN,
WIL2NS_HAEMATOPOIETIC_AND_LYMPHOID_TISSUE,
WM1552C_SKIN,
WM278_SKIN,
WM35_SKIN,
WM793B_SKIN,
WSUNHL_HAEMATOPOIETIC_AND_LYMPHOID_TISSUE,
YMB1E_BREAST,
YT_HAEMATOPOIETIC_AND_LYMPHOID_TISSUE,
