Gene,TMPRSS2
DMS53_LUNG,0.31878813
SW1116_LARGE_INTESTINE,4.351289472
NCIH1694_LUNG,-13
P3HR1_HAEMATOPOIETIC_AND_LYMPHOID_TISSUE,-7.038034962
HUT78_HAEMATOPOIETIC_AND_LYMPHOID_TISSUE,-8.192381526
UMUC3_URINARY_TRACT,-6.419734071
HOS_BONE,-5.708034423
HUNS1_HAEMATOPOIETIC_AND_LYMPHOID_TISSUE,-6.765499602
AML193_HAEMATOPOIETIC_AND_LYMPHOID_TISSUE,-4.944781124
RVH421_SKIN,-2.452093379
NCIH1184_LUNG,-3.283831969
HCC2157_BREAST,2.143528019
TC71_BONE,-7.667825603
NCIH2227_LUNG,-9.060051665
COLO205_LARGE_INTESTINE,
SNU449_LIVER,-6.082773351
NCIH28_PLEURA,-7.291252667
OV56_OVARY,-5.006077234
JHOS4_OVARY,0.685615109
KYSE450_OESOPHAGUS,-3.318580985
RMUGS_OVARY,-3.410717578
KLE_ENDOMETRIUM,-3.454136318
HS895T_SKIN,-6.501346025
LN229_CENTRAL_NERVOUS_SYSTEM,-6.996282573
P31FUJ_HAEMATOPOIETIC_AND_LYMPHOID_TISSUE,-7.047162526
RKN_SOFT_TISSUE,-5.610107046
PATU8988S_PANCREAS,2.890060502
NH6_AUTONOMIC_GANGLIA,-7.601324275
SF126_CENTRAL_NERVOUS_SYSTEM,-7.249736577
RERFLCAD2_LUNG,-0.649917351
OUMS23_LARGE_INTESTINE,2.369616381
SNGM_ENDOMETRIUM,-6.058407683
OUMS27_BONE,
PL45_PANCREAS,
NCIH2347_LUNG,3.270122628
SW1990_PANCREAS,-5.494143511
HS940T_SKIN,-6.066477632
HS611T_HAEMATOPOIETIC_AND_LYMPHOID_TISSUE,-6.506886554
TOLEDO_HAEMATOPOIETIC_AND_LYMPHOID_TISSUE,-5.736038991
RERFGC1B_STOMACH,-0.319003894
HT1080_SOFT_TISSUE,-7.505602643
NCIH2087_LUNG,2.318332758
COV318_OVARY,-3.842172466
NCIH2085_LUNG,-2.955281881
NCIH510_LUNG,-1.330666697
CAKI1_KIDNEY,-6.675058204
NCIH716_LARGE_INTESTINE,-4.248679263
NCIH2066_LUNG,0.915475873
NCIH1341_LUNG,-2.742948446
NCIH2029_LUNG,1.25024463
C3A_LIVER,
SW480_LARGE_INTESTINE,-0.105648024
HS746T_STOMACH,-3.208335801
LU65_LUNG,-5.036938041
HS739T_BREAST,-9.281817506
SNUC2A_LARGE_INTESTINE,1.443863353
HEC151_ENDOMETRIUM,-6.965792446
MSTO211H_PLEURA,-13
RAJI_HAEMATOPOIETIC_AND_LYMPHOID_TISSUE,-9.53246609
SKMEL1_SKIN,0.105470883
SUPT1_HAEMATOPOIETIC_AND_LYMPHOID_TISSUE,-7.424416092
JHH7_LIVER,-3.604081533
HUT102_HAEMATOPOIETIC_AND_LYMPHOID_TISSUE,-1.63878427
5637_URINARY_TRACT,2.801292245
HCC38_BREAST,3.691321709
DU4475_BREAST,-4.408774777
NCIH1573_LUNG,1.434196668
NCIH508_LARGE_INTESTINE,4.777908431
NCIH1651_LUNG,1.739427831
SKUT1_SOFT_TISSUE,-5.915880163
MDAMB175VII_BREAST,3.936755641
SUPB15_HAEMATOPOIETIC_AND_LYMPHOID_TISSUE,-4.948323887
BECKER_CENTRAL_NERVOUS_SYSTEM,
NCIH226_LUNG,-6.779249571
NCIH1666_LUNG,-6.085890374
SW1783_CENTRAL_NERVOUS_SYSTEM,-6.88622382
ISTMES1_PLEURA,-4.570983333
NCIH1734_LUNG,1.503329949
NCIH2342_LUNG,3.132723439
EBC1_LUNG,-5.104283467
YMB1_BREAST,
OC316_OVARY,
HS936T_SKIN,-1.590442934
T173_BONE,-5.502938196
NCIH322_LUNG,-4.438911606
HS618T_LUNG,-13
HS870T_BONE,-6.613309671
HS706T_BONE,-6.494744984
PANC1_PANCREAS,1.653710279
NCIH2291_LUNG,2.106977718
T47D_BREAST,2.049943746
HS742T_BREAST,-8.270429352
BICR56_UPPER_AERODIGESTIVE_TRACT,-3.369545777
BICR16_UPPER_AERODIGESTIVE_TRACT,-1.925973716
TE10_OESOPHAGUS,-3.359715009
SKMEL28_SKIN,-3.307468672
BICR6_UPPER_AERODIGESTIVE_TRACT,1.934691687
BHY_UPPER_AERODIGESTIVE_TRACT,-5.046113158
AZ521_STOMACH,
SH4_SKIN,-3.962435619
KPL1_BREAST,2.769927913
CGTHW1_THYROID,
TUHR4TKB_KIDNEY,-5.385015571
LS123_LARGE_INTESTINE,0.144107404
HEL_HAEMATOPOIETIC_AND_LYMPHOID_TISSUE,-13
HPAC_PANCREAS,1.995128718
RCC10RGB_KIDNEY,-4.529133755
JHOM1_OVARY,-5.983657392
SU8686_PANCREAS,4.482792327
HCC33_LUNG,-7.089367973
TE6_OESOPHAGUS,-4.951664798
JHOC5_OVARY,-7.387252738
ACCMESO1_PLEURA,-4.185996731
BL41_HAEMATOPOIETIC_AND_LYMPHOID_TISSUE,-4.575104076
SNU1214_UPPER_AERODIGESTIVE_TRACT,-5.583305282
CORL105_LUNG,-4.281365224
LMSU_STOMACH,-0.614764783
SNU1197_LARGE_INTESTINE,2.522475095
COLO668_LUNG,1.083560806
OSRC2_KIDNEY,-4.503489587
HUH6_LIVER,3.229276798
PANC0203_PANCREAS,0.087518198
CJM_SKIN,-4.789101588
BICR22_UPPER_AERODIGESTIVE_TRACT,-2.565559347
SHSY5Y_AUTONOMIC_GANGLIA,
TM31_CENTRAL_NERVOUS_SYSTEM,-2.853585147
SNU1272_KIDNEY,-7.286669288
KPNRTBM1_AUTONOMIC_GANGLIA,-6.323773014
BICR18_UPPER_AERODIGESTIVE_TRACT,-3.691436266
TE4_OESOPHAGUS,0.61755378
PCM6_HAEMATOPOIETIC_AND_LYMPHOID_TISSUE,
ECC10_STOMACH,-5.167422268
TUHR14TKB_KIDNEY,-4.874226471
YD15_SALIVARY_GLAND,-4.811294507
UBLC1_URINARY_TRACT,1.405340288
ECGI10_OESOPHAGUS,-0.181647194
CW2_LARGE_INTESTINE,4.096192519
SNU761_LIVER,-3.237011386
SNU61_LARGE_INTESTINE,4.714088373
NCIH1915_LUNG,-6.716302316
SNU324_PANCREAS,0.101865578
YD10B_UPPER_AERODIGESTIVE_TRACT,-6.20668822
HCC2279_LUNG,2.327573202
HLC1_LUNG,
TUHR10TKB_KIDNEY,-2.377740461
HEC1B_ENDOMETRIUM,-8.431940791
VMRCLCP_LUNG,
TGBC11TKB_STOMACH,0.817693356
OVK18_OVARY,5.979137581
SNU1077_ENDOMETRIUM,-3.207116789
HCC1588_LUNG,5.240132733
SNU213_PANCREAS,4.12034104
HT115_LARGE_INTESTINE,5.00725419
TE14_OESOPHAGUS,-2.250780343
TE8_OESOPHAGUS,-4.09754815
SNU520_STOMACH,4.506471029
JHUEM3_ENDOMETRIUM,0.295714433
LI7_LIVER,0.216531846
NCIH838_LUNG,-7.610680087
SNU119_OVARY,-1.245455994
SNU1033_LARGE_INTESTINE,4.524909431
SNUC5_LARGE_INTESTINE,0.515082238
GSS_STOMACH,0.958831279
TALL1_HAEMATOPOIETIC_AND_LYMPHOID_TISSUE,-5.192170386
HCC1171_LUNG,0.811304522
SNUC4_LARGE_INTESTINE,4.273722194
U138MG_CENTRAL_NERVOUS_SYSTEM,
SNU620_STOMACH,5.818089258
ECC12_STOMACH,-5.26307097
GSU_STOMACH,4.993917325
KMS18_HAEMATOPOIETIC_AND_LYMPHOID_TISSUE,-7.298612307
JHOM2B_OVARY,5.770260003
MDAMB231_BREAST,-1.521883383
OV90_OVARY,0.432017552
RS411_HAEMATOPOIETIC_AND_LYMPHOID_TISSUE,-7.115738354
OVTOKO_OVARY,-7.801120369
OVCAR4_OVARY,-0.953527243
HLF_LIVER,-7.786535148
HCT15_LARGE_INTESTINE,-0.826282306
SW1463_LARGE_INTESTINE,4.639208095
SF295_CENTRAL_NERVOUS_SYSTEM,-4.583134452
WM115_SKIN,-4.583464407
JHH4_LIVER,-7.180571844
OE33_OESOPHAGUS,2.727467647
CCK81_LARGE_INTESTINE,4.339762081
JHH1_LIVER,-4.213923947
SJSA1_BONE,-6.846204774
NCIH2228_LUNG,1.403019047
RERFLCAI_LUNG,-5.883593053
SKMES1_LUNG,0.46075634
NCIH520_LUNG,-2.004225605
JHH5_LIVER,-0.803058449
FU97_STOMACH,-0.345161109
COLO800_SKIN,-2.578286599
NCIH1963_LUNG,-8.083835427
RL952_ENDOMETRIUM,0.350820511
J82_URINARY_TRACT,-5.386692419
HCC15_LUNG,-7.801684611
M059K_CENTRAL_NERVOUS_SYSTEM,-5.217327262
CALU6_LUNG,-4.899995257
SKLU1_LUNG,-5.795789628
SW900_LUNG,-1.356014485
UACC62_SKIN,-3.420912563
MFE280_ENDOMETRIUM,-4.94452806
MFE319_ENDOMETRIUM,-4.663994481
MFE296_ENDOMETRIUM,-3.274008182
GOS3_CENTRAL_NERVOUS_SYSTEM,-5.266865897
GI1_CENTRAL_NERVOUS_SYSTEM,-6.286651666
PC14_LUNG,-4.521080071
KYSE410_OESOPHAGUS,-2.158500435
A204_SOFT_TISSUE,-5.222812622
PATU8902_PANCREAS,-2.339905716
NCIH810_LUNG,-4.547823875
RERFLCMS_LUNG,-5.569851462
L1236_HAEMATOPOIETIC_AND_LYMPHOID_TISSUE,-4.444370202
DANG_PANCREAS,-4.155736734
NCIH460_LUNG,-7.038569824
KYSE140_OESOPHAGUS,-6.490811787
KYSE180_OESOPHAGUS,-8.458283704
HUPT3_PANCREAS,0.363666511
EFE184_ENDOMETRIUM,1.169820891
GCIY_STOMACH,-0.762108083
SH10TC_STOMACH,-6.424412168
CAOV4_OVARY,-0.913267035
HCC2218_BREAST,2.253386294
KMS21BM_HAEMATOPOIETIC_AND_LYMPHOID_TISSUE,-5.458915795
KMS26_HAEMATOPOIETIC_AND_LYMPHOID_TISSUE,-6.568491429
KMS27_HAEMATOPOIETIC_AND_LYMPHOID_TISSUE,-6.09583499
KO52_HAEMATOPOIETIC_AND_LYMPHOID_TISSUE,-5.314075473
KMS28BM_HAEMATOPOIETIC_AND_LYMPHOID_TISSUE,-5.956605686
KNS60_CENTRAL_NERVOUS_SYSTEM,-2.786773235
KNS81_CENTRAL_NERVOUS_SYSTEM,-5.35382707
KPNSI9S_AUTONOMIC_GANGLIA,-5.724577366
LU99_LUNG,-5.754746306
KMS34_HAEMATOPOIETIC_AND_LYMPHOID_TISSUE,-9.104071986
MKN1_STOMACH,1.435618253
MKN74_STOMACH,-1.439322101
KP3_PANCREAS,-4.483668517
NCO2_HAEMATOPOIETIC_AND_LYMPHOID_TISSUE,-7.175726252
KHM1B_HAEMATOPOIETIC_AND_LYMPHOID_TISSUE,-4.167756544
HSC2_UPPER_AERODIGESTIVE_TRACT,-6.271818934
KG1C_CENTRAL_NERVOUS_SYSTEM,-6.151160281
HUH7_LIVER,-3.158154863
KMBC2_URINARY_TRACT,3.545127331
KMRC20_KIDNEY,-4.837914822
HUCCT1_BILIARY_TRACT,0.849523648
KIJK_HAEMATOPOIETIC_AND_LYMPHOID_TISSUE,-5.215506529
A4FUK_HAEMATOPOIETIC_AND_LYMPHOID_TISSUE,-4.833237286
KALS1_CENTRAL_NERVOUS_SYSTEM,-1.226857976
HEC108_ENDOMETRIUM,-5.88875128
HEL9217_HAEMATOPOIETIC_AND_LYMPHOID_TISSUE,-7.047679542
HUH28_BILIARY_TRACT,-5.69429614
CMK115_HAEMATOPOIETIC_AND_LYMPHOID_TISSUE,
HEC265_ENDOMETRIUM,-7.288741173
CAL12T_LUNG,-3.363516761
THP1_HAEMATOPOIETIC_AND_LYMPHOID_TISSUE,-6.346239326
A3KAW_HAEMATOPOIETIC_AND_LYMPHOID_TISSUE,-13
SKNSH_AUTONOMIC_GANGLIA,-5.883438852
HCC1954_BREAST,1.33085275
CAMA1_BREAST,-2.697868999
HEC6_ENDOMETRIUM,-7.23383013
AM38_CENTRAL_NERVOUS_SYSTEM,-6.894988302
HEC50B_ENDOMETRIUM,-6.45006026
HSC3_UPPER_AERODIGESTIVE_TRACT,-7.604288196
HSC4_UPPER_AERODIGESTIVE_TRACT,-1.083482591
KMS11_HAEMATOPOIETIC_AND_LYMPHOID_TISSUE,-2.169039509
KP4_PANCREAS,-4.577410593
KE39_STOMACH,4.576845403
COV504_OVARY,
KE97_HAEMATOPOIETIC_AND_LYMPHOID_TISSUE,-4.119613354
VMRCRCW_KIDNEY,-4.559785883
HGC27_STOMACH,-6.599987047
LUDLU1_LUNG,-3.790264499
HUG1N_STOMACH,4.476519653
U266B1_HAEMATOPOIETIC_AND_LYMPHOID_TISSUE,-5.021636654
NUGC4_STOMACH,2.262637702
BGC823_STOMACH,
HMC18_BREAST,-13
CAS1_CENTRAL_NERVOUS_SYSTEM,-4.524489569
KMM1_HAEMATOPOIETIC_AND_LYMPHOID_TISSUE,-5.688483931
CORL23_LUNG,0.500305428
MORCPR_LUNG,-3.172970587
HARA_LUNG,-3.930431574
SKOV3_OVARY,-5.958127828
HPAFII_PANCREAS,3.370914709
MC116_HAEMATOPOIETIC_AND_LYMPHOID_TISSUE,-6.033163224
NCIH1568_LUNG,-2.02492786
CA46_HAEMATOPOIETIC_AND_LYMPHOID_TISSUE,-6.971736598
A498_KIDNEY,-7.587679158
BCP1_HAEMATOPOIETIC_AND_LYMPHOID_TISSUE,-7.659423725
A673_BONE,-8.477083048
AU565_BREAST,2.180508499
COLO201_LARGE_INTESTINE,6.20902076
CAPAN1_PANCREAS,4.060105974
NCIH1563_LUNG,-6.125631511
NCIH358_LUNG,-3.092745397
CFPAC1_PANCREAS,2.522329256
NIHOVCAR3_OVARY,0.615366738
NCIH1650_LUNG,-0.310073988
NCIH1793_LUNG,-3.210521776
NCIH1437_LUNG,0.902967824
KNS62_LUNG,-2.633746897
HS578T_BREAST,-8.312497232
BT20_BREAST,1.405991763
SNU182_LIVER,-4.937431228
SKNMC_BONE,-5.650076034
HH_HAEMATOPOIETIC_AND_LYMPHOID_TISSUE,-5.411310066
FADU_UPPER_AERODIGESTIVE_TRACT,-0.260738854
SJRH30_SOFT_TISSUE,
MDAMB361_BREAST,0.905059539
MDAMB436_BREAST,-4.661036392
PANC0213_PANCREAS,-7.727457632
DB_HAEMATOPOIETIC_AND_LYMPHOID_TISSUE,-9.26184701
RDES_BONE,-5.04910963
CAL27_UPPER_AERODIGESTIVE_TRACT,1.646335342
MESSA_SOFT_TISSUE,-5.452963576
SW1271_LUNG,-6.569864609
NCIH1792_LUNG,-5.260838999
GCT_SOFT_TISSUE,-6.663006325
SKBR3_BREAST,2.259985862
SNU16_STOMACH,3.116498327
NCIH82_LUNG,-9.037035705
NCIN87_STOMACH,-1.149650322
U2OS_BONE,-1.341298086
H4_CENTRAL_NERVOUS_SYSTEM,-4.243417516
GDM1_HAEMATOPOIETIC_AND_LYMPHOID_TISSUE,-4.951704715
HCC1143_BREAST,2.148941997
T24_URINARY_TRACT,-6.986221403
G401_SOFT_TISSUE,-7.183927478
HCC1937_BREAST,2.219319802
HCC1569_BREAST,-5.719809066
OCUM1_STOMACH,4.941537246
SAOS2_BONE,-3.182764924
D283MED_CENTRAL_NERVOUS_SYSTEM,-6.635549771
SCC9_UPPER_AERODIGESTIVE_TRACT,-5.464407328
HCC1395_BREAST,-4.089931823
NMCG1_CENTRAL_NERVOUS_SYSTEM,-3.50072038
TEN_ENDOMETRIUM,-5.998223997
HS604T_HAEMATOPOIETIC_AND_LYMPHOID_TISSUE,
TE9_OESOPHAGUS,-3.731304527
KNS42_CENTRAL_NERVOUS_SYSTEM,-0.944881436
KYSE520_OESOPHAGUS,-4.265854787
KYSE270_OESOPHAGUS,0.281128043
JHUEM1_ENDOMETRIUM,3.550312784
YH13_CENTRAL_NERVOUS_SYSTEM,-2.622012807
IALM_LUNG,-4.394779245
NCIH2052_PLEURA,-13
EB2_HAEMATOPOIETIC_AND_LYMPHOID_TISSUE,
SKNFI_AUTONOMIC_GANGLIA,-6.921477144
SKNAS_AUTONOMIC_GANGLIA,-6.810865723
GA10_HAEMATOPOIETIC_AND_LYMPHOID_TISSUE,-3.619567208
SNU398_LIVER,-7.032021027
SNU423_LIVER,-8.133511144
SCC4_UPPER_AERODIGESTIVE_TRACT,-1.795888308
EB1_HAEMATOPOIETIC_AND_LYMPHOID_TISSUE,-4.846119287
HCC1187_BREAST,4.286220025
SNU387_LIVER,-4.612224295
DAUDI_HAEMATOPOIETIC_AND_LYMPHOID_TISSUE,-5.963488128
HT_HAEMATOPOIETIC_AND_LYMPHOID_TISSUE,-8.459041561
MJ_HAEMATOPOIETIC_AND_LYMPHOID_TISSUE,-2.41604544
JM1_HAEMATOPOIETIC_AND_LYMPHOID_TISSUE,-2.224039249
C2BBE1_LARGE_INTESTINE,2.87067636
SKES1_BONE,-5.184839156
EPLC272H_LUNG,-1.473247781
BXPC3_PANCREAS,-5.518807106
NCIH1355_LUNG,-7.242121116
SNU5_STOMACH,-3.725292273
SNU475_LIVER,-5.788929974
HEC251_ENDOMETRIUM,-1.686447787
HCC95_LUNG,-5.520989745
253J_URINARY_TRACT,-6.620900104
HCC1438_LUNG,-6.31600502
253JBV_URINARY_TRACT,-8.215890186
RPMI7951_SKIN,-4.111705921
SNU1066_UPPER_AERODIGESTIVE_TRACT,1.9239606
SNU1041_UPPER_AERODIGESTIVE_TRACT,2.051653381
HCC2108_LUNG,-7.06065511
COLO783_SKIN,-3.832395496
HCC1359_LUNG,-5.943881449
BICR31_UPPER_AERODIGESTIVE_TRACT,0.768992852
COV362_OVARY,-1.354429955
COLO792_SKIN,-3.209929567
COV434_OVARY,-8.32523511
WM983B_SKIN,-4.596544127
HS751T_HAEMATOPOIETIC_AND_LYMPHOID_TISSUE,-6.481949971
LS513_LARGE_INTESTINE,4.722580967
NCIH2110_LUNG,-3.818307682
CHAGOK1_LUNG,-0.729721928
DMS454_LUNG,0.327740803
CORL47_LUNG,-5.171080435
FTC238_THYROID,-4.965234279
DMS273_LUNG,-13
FTC133_THYROID,-0.529716728
CORL311_LUNG,-4.227762961
NCIH2286_LUNG,-8.44327096
NCIH1339_LUNG,-6.024370219
WM793_SKIN,-5.679194494
A704_KIDNEY,-6.833986213
MDAMB435S_SKIN,-4.878785382
WM1799_SKIN,-3.652399986
MEWO_SKIN,-2.103392
WM88_SKIN,-3.191100714
NCIH2081_LUNG,-3.834691052
HS255T_LARGE_INTESTINE,-4.63167379
NCIH1092_LUNG,-4.681224142
SW837_LARGE_INTESTINE,2.19520232
JHH6_LIVER,-3.146967773
IGR1_SKIN,-6.490475654
NCIH1105_LUNG,-2.911640861
NCIH1436_LUNG,-4.391921073
NCIH1876_LUNG,-1.51627474
CORL24_LUNG,-7.158624827
COV644_OVARY,-1.821646984
GP2D_LARGE_INTESTINE,4.537409549
PECAPJ15_UPPER_AERODIGESTIVE_TRACT,-1.384247013
CORL88_LUNG,-5.404389317
CORL95_LUNG,-3.044626876
PECAPJ49_UPPER_AERODIGESTIVE_TRACT,-3.24031902
PECAPJ34CLONEC12_UPPER_AERODIGESTIVE_TRACT,-0.598889112
CORL51_LUNG,
RT11284_URINARY_TRACT,
PECAPJ41CLONED2_UPPER_AERODIGESTIVE_TRACT,-5.040760795
OV7_OVARY,-7.590129761
HT55_LARGE_INTESTINE,5.282752348
OAW42_OVARY,-7.13037133
MDST8_LARGE_INTESTINE,-4.970284611
OAW28_OVARY,-0.016845029
SUIT2_PANCREAS,-4.633563052
LC1SQSF_LUNG,
KASUMI1_HAEMATOPOIETIC_AND_LYMPHOID_TISSUE,-6.562900204
SUPM2_HAEMATOPOIETIC_AND_LYMPHOID_TISSUE,-6.176168261
SKHEP1_LIVER,-13
OVCAR8_OVARY,-7.414770492
NCIH2172_LUNG,-6.216775724
ISHIKAWAHERAKLIO02ER_ENDOMETRIUM,3.538058176
NCIH596_LUNG,-1.31462657
NCIH650_LUNG,-6.425688508
SW1573_LUNG,-5.367115153
OVMANA_OVARY,-2.024294834
SKCO1_LARGE_INTESTINE,4.439033413
KARPAS299_HAEMATOPOIETIC_AND_LYMPHOID_TISSUE,-5.535468458
YAPC_PANCREAS,4.331536002
HT1197_URINARY_TRACT,0.240398888
A253_SALIVARY_GLAND,-3.740041139
HCC366_LUNG,-1.488859399
DKMG_CENTRAL_NERVOUS_SYSTEM,-6.201976405
SNU349_KIDNEY,-6.568523182
UMUC1_URINARY_TRACT,2.81043121
NAMALWA_HAEMATOPOIETIC_AND_LYMPHOID_TISSUE,-3.505606306
NCIH292_LUNG,-3.289185896
59M_OVARY,-6.359311877
U118MG_CENTRAL_NERVOUS_SYSTEM,-6.435739079
VMRCLCD_LUNG,
HCC1833_LUNG,-0.314638334
RH30_SOFT_TISSUE,-5.971906097
TCCSUP_URINARY_TRACT,-0.656238347
SNU601_STOMACH,4.331153268
CAL33_UPPER_AERODIGESTIVE_TRACT,1.581925303
SNU668_STOMACH,-4.54243964
CORL279_LUNG,-13
GB1_CENTRAL_NERVOUS_SYSTEM,-6.61555547
KURAMOCHI_OVARY,-1.832597168
COLO775_HAEMATOPOIETIC_AND_LYMPHOID_TISSUE,
COLO684_ENDOMETRIUM,-6.249576269
KLM1_PANCREAS,
GRM_SKIN,
SNU685_ENDOMETRIUM,-6.000712872
CMK86_HAEMATOPOIETIC_AND_LYMPHOID_TISSUE,
SNU886_LIVER,-6.866717439
HCT8_LARGE_INTESTINE,
NCCSTCK140_STOMACH,-2.579520198
NCIH3255_LUNG,2.833618795
SNU719_STOMACH,3.435046302
SNU489_CENTRAL_NERVOUS_SYSTEM,-2.873941199
SNU81_LARGE_INTESTINE,4.280169265
A2058_SKIN,-4.636508598
HTK_HAEMATOPOIETIC_AND_LYMPHOID_TISSUE,
SNU1040_LARGE_INTESTINE,1.09212223
SNU1076_UPPER_AERODIGESTIVE_TRACT,-0.657878252
SNU175_LARGE_INTESTINE,4.895927183
SNU407_LARGE_INTESTINE,3.304184463
SNU201_CENTRAL_NERVOUS_SYSTEM,-3.818436574
KMS20_HAEMATOPOIETIC_AND_LYMPHOID_TISSUE,-6.505825463
SNU216_STOMACH,0.069862408
SNU1196_BILIARY_TRACT,2.120769433
SNU1079_BILIARY_TRACT,-6.727032556
HCC1195_LUNG,0.526178026
NCIH854_LUNG,-1.675830993
SNU466_CENTRAL_NERVOUS_SYSTEM,-5.103279577
YD38_UPPER_AERODIGESTIVE_TRACT,-6.378025398
SNU1105_CENTRAL_NERVOUS_SYSTEM,-4.113946052
SNU283_LARGE_INTESTINE,5.173783866
SNU46_UPPER_AERODIGESTIVE_TRACT,-4.627859618
SNU308_BILIARY_TRACT,-1.605382138
YD8_UPPER_AERODIGESTIVE_TRACT,-6.072786008
SNU245_BILIARY_TRACT,4.777474859
SNU478_BILIARY_TRACT,-3.867994248
SNU410_PANCREAS,-2.381284385
SNU899_UPPER_AERODIGESTIVE_TRACT,-1.450732594
SNU503_LARGE_INTESTINE,-1.431604528
SET2_HAEMATOPOIETIC_AND_LYMPHOID_TISSUE,-6.753795079
SNU738_CENTRAL_NERVOUS_SYSTEM,-8.448709371
SNU626_CENTRAL_NERVOUS_SYSTEM,-4.411169868
SNU869_BILIARY_TRACT,4.720890721
SNU878_LIVER,-0.21226071
SNU840_OVARY,-5.212969988
SNU8_OVARY,2.408560907
NCIH684_LIVER,5.289032602
IGR39_SKIN,-9.405831808
ALEXANDERCELLS_LIVER,
DAOY_CENTRAL_NERVOUS_SYSTEM,0.295206309
HEP3B217_LIVER,0.604355049
KYM1_SOFT_TISSUE,-6.704989786
LC1F_LUNG,-5.523015418
HLE_LIVER,
CMK_HAEMATOPOIETIC_AND_LYMPHOID_TISSUE,-5.574430255
JMSU1_URINARY_TRACT,-5.304707979
IMR32_AUTONOMIC_GANGLIA,-13
SUDHL8_HAEMATOPOIETIC_AND_LYMPHOID_TISSUE,-7.503760484
T3M4_PANCREAS,-1.505042024
COLO818_SKIN,
PK45H_PANCREAS,0.743879694
HEC59_ENDOMETRIUM,0.874960811
CPCN_LUNG,
T3M10_LUNG,-5.739225151
NUGC2_STOMACH,-1.625258316
PLCPRF5_LIVER,1.105659344
KPNYN_AUTONOMIC_GANGLIA,-4.54730077
CCFSTTG1_CENTRAL_NERVOUS_SYSTEM,-3.338016129
NCIH929_HAEMATOPOIETIC_AND_LYMPHOID_TISSUE,-6.318168598
KMRC3_KIDNEY,-6.235196122
NCIH2023_LUNG,-4.423316491
DMS153_LUNG,-0.464850659
NCIH1048_LUNG,1.863509984
D341MED_CENTRAL_NERVOUS_SYSTEM,-6.73791505
NCIH660_PROSTATE,-0.051266869
NCIH1618_LUNG,-3.940007361
HS675T_LARGE_INTESTINE,-2.930905611
PEER_HAEMATOPOIETIC_AND_LYMPHOID_TISSUE,-6.065856806
SKM1_HAEMATOPOIETIC_AND_LYMPHOID_TISSUE,-6.654782653
HT144_SKIN,-6.247817019
SKMEL31_SKIN,-3.804652426
HS839T_SKIN,-6.39254664
HS939T_SKIN,-4.552615425
OCILY3_HAEMATOPOIETIC_AND_LYMPHOID_TISSUE,-6.568232836
HS819T_BONE,-7.882124217
NCIH69_LUNG,-13
DV90_LUNG,1.818444384
ZR751_BREAST,-0.499491541
KG1_HAEMATOPOIETIC_AND_LYMPHOID_TISSUE,-5.662347204
SKNBE2_AUTONOMIC_GANGLIA,-6.410263944
HCC70_BREAST,4.65868176
NCIH2452_PLEURA,-6.836164092
SNU1_STOMACH,-5.245631546
LOUCY_HAEMATOPOIETIC_AND_LYMPHOID_TISSUE,-5.649683002
HCC56_LARGE_INTESTINE,4.74429463
NCIH1648_LUNG,1.343196697
TO175T_HAEMATOPOIETIC_AND_LYMPHOID_TISSUE,-6.022399078
GLC82_LUNG,
MPP89_PLEURA,-5.947003511
PANC0813_PANCREAS,3.928930174
MG63_BONE,-5.474326626
PK1_PANCREAS,-9.241347962
HS840T_UPPER_AERODIGESTIVE_TRACT,-6.202928366
NCIH23_LUNG,-5.038386834
TE617T_SOFT_TISSUE,-8.485368045
SW1088_CENTRAL_NERVOUS_SYSTEM,-4.511874367
ISTMES2_PLEURA,-5.506630096
NCIH1373_LUNG,-3.069936405
NCIH1930_LUNG,-0.663103953
NCIH1623_LUNG,-5.337614667
HS229T_LUNG,-6.419115577
NCIH1838_LUNG,-5.017877233
NCIH1836_LUNG,-6.692787932
HS688AT_SKIN,-7.397166029
PANC0504_PANCREAS,2.071922369
HS822T_BONE,-7.162013155
BL70_HAEMATOPOIETIC_AND_LYMPHOID_TISSUE,-6.468318945
CI1_HAEMATOPOIETIC_AND_LYMPHOID_TISSUE,-5.201430308
G292CLONEA141B1_BONE,-6.089558644
RCM1_LARGE_INTESTINE,4.968843683
HS737T_BONE,-13
HS616T_HAEMATOPOIETIC_AND_LYMPHOID_TISSUE,-7.428855539
HS600T_SKIN,-7.709195482
TE159T_SOFT_TISSUE,-7.94883903
A101D_SKIN,-2.947229652
NCIH1755_LUNG,-5.052815759
143B_BONE,
RERFLCKJ_LUNG,3.220775665
NCIH1693_LUNG,-3.719397705
SW780_URINARY_TRACT,0.763433146
HS683_CENTRAL_NERVOUS_SYSTEM,-0.918273588
RKO_LARGE_INTESTINE,-6.677389639
HS729_SOFT_TISSUE,-2.851287279
JHOS2_OVARY,0.485132437
MCF7_BREAST,-0.199688472
U937_HAEMATOPOIETIC_AND_LYMPHOID_TISSUE,-5.66300687
SKLMS1_SOFT_TISSUE,-9.141849072
HUTU80_SMALL_INTESTINE,-7.710890968
HCC202_BREAST,5.06159945
MEG01_HAEMATOPOIETIC_AND_LYMPHOID_TISSUE,-4.862925058
REH_HAEMATOPOIETIC_AND_LYMPHOID_TISSUE,-6.443708428
ONS76_CENTRAL_NERVOUS_SYSTEM,-0.869219566
RPMI6666_HAEMATOPOIETIC_AND_LYMPHOID_TISSUE,
SNUC1_LARGE_INTESTINE,5.549751184
SKNDZ_AUTONOMIC_GANGLIA,-6.050130108
DMS114_LUNG,-5.577311281
TT_OESOPHAGUS,-2.104463638
OCILY10_HAEMATOPOIETIC_AND_LYMPHOID_TISSUE,
ST486_HAEMATOPOIETIC_AND_LYMPHOID_TISSUE,-4.547490157
OC315_OVARY,
OC314_OVARY,-4.668456481
SW1353_BONE,-6.132672143
MDAMB157_BREAST,-3.742131387
LN18_CENTRAL_NERVOUS_SYSTEM,-1.170063336
769P_KIDNEY,-8.246919268
786O_KIDNEY,-5.606506892
CAOV3_OVARY,-2.259295777
HEPG2_LIVER,0.664975952
MOLT4_HAEMATOPOIETIC_AND_LYMPHOID_TISSUE,
NCIH524_LUNG,-4.925120631
NCIH209_LUNG,-6.173018381
MIAPACA2_PANCREAS,-3.881297298
MCAS_OVARY,2.23668708
SBC5_LUNG,-6.319540137
COLO829_SKIN,-3.235346843
VCAP_PROSTATE,7.015217829
COLO704_OVARY,
IPC298_SKIN,-3.759901195
CAPAN2_PANCREAS,0.976512994
EFM192A_BREAST,1.710373343
HS766T_PANCREAS,-3.787356678
EFO27_OVARY,-3.214188372
A2780_OVARY,-6.539629099
NCIH196_LUNG,-13
IGROV1_OVARY,-3.860014526
NCIH889_LUNG,-7.558760035
NCIH211_LUNG,-3.758070368
HS571T_OVARY,
MDAPCA2B_PROSTATE,8.282196219
SKMEL24_SKIN,-4.591931662
K029AX_SKIN,-1.201836054
HT1376_URINARY_TRACT,-2.152900396
NCIH2171_LUNG,-7.744017839
PANC1005_PANCREAS,-4.295527559
EVSAT_BREAST,
HS695T_SKIN,-3.478208847
CHL1_SKIN,
LOUNH91_LUNG,-4.720000555
LK2_LUNG,0.104887923
TOV21G_OVARY,-7.019322776
SKMEL3_SKIN,-4.148957383
ASPC1_PANCREAS,4.456094551
OVSAHO_OVARY,0.195821237
NCIH441_LUNG,4.697726828
RERFLCSQ1_LUNG,-6.120710297
NCIH2030_LUNG,-6.661463676
HMCB_SKIN,-5.568976352
FUOV1_OVARY,-2.672321686
MALME3M_SKIN,-1.288979014
KMS12BM_HAEMATOPOIETIC_AND_LYMPHOID_TISSUE,-8.030724858
T98G_CENTRAL_NERVOUS_SYSTEM,-3.700988372
HL60_HAEMATOPOIETIC_AND_LYMPHOID_TISSUE,-7.943907751
DBTRG05MG_CENTRAL_NERVOUS_SYSTEM,-0.407096711
HEYA8_OVARY,-7.43549403
NCIH2122_LUNG,-1.379007801
MELJUSO_SKIN,-4.579293154
SW620_LARGE_INTESTINE,4.009521459
HCT116_LARGE_INTESTINE,-7.265916306
VMRCRCZ_KIDNEY,-6.369865436
DU145_PROSTATE,-4.432413246
MM1S_HAEMATOPOIETIC_AND_LYMPHOID_TISSUE,0.244017526
L33_PANCREAS,-3.992328338
SKMEL2_SKIN,
A549_LUNG,-13
A172_CENTRAL_NERVOUS_SYSTEM,-8.117560033
NCIH1975_LUNG,-4.33379919
COLO679_SKIN,-2.955191347
KP2_PANCREAS,-1.892143609
HUH1_LIVER,-2.109766436
MDAMB453_BREAST,1.760853927
PANC0403_PANCREAS,2.59173234
TYKNU_OVARY,-7.449386008
OVISE_OVARY,-1.172405123
EFM19_BREAST,1.270200495
MELHO_SKIN,-4.005001833
RL_HAEMATOPOIETIC_AND_LYMPHOID_TISSUE,-5.631641281
G361_SKIN,-3.888658776
NCIH647_LUNG,-2.703315919
GMS10_CENTRAL_NERVOUS_SYSTEM,-5.026780251
SEM_HAEMATOPOIETIC_AND_LYMPHOID_TISSUE,-9.067193949
HLFA_LUNG,-8.427733928
42MGBA_CENTRAL_NERVOUS_SYSTEM,-4.032311988
KCIMOH1_PANCREAS,
HCC44_LUNG,-6.749311387
KYSE70_OESOPHAGUS,-5.096706534
1321N1_CENTRAL_NERVOUS_SYSTEM,
GAMG_CENTRAL_NERVOUS_SYSTEM,-4.121817619
NCIH522_LUNG,-7.670204346
EN_ENDOMETRIUM,-2.078551279
PK59_PANCREAS,0.437476771
SNB19_CENTRAL_NERVOUS_SYSTEM,
COLO741_SKIN,-3.286537337
HDMYZ_HAEMATOPOIETIC_AND_LYMPHOID_TISSUE,-6.593891683
NCIH661_LUNG,-6.092135623
LNCAPCLONEFGC_PROSTATE,8.565645651
LS411N_LARGE_INTESTINE,3.490466296
HCC78_LUNG,1.25475429
YKG1_CENTRAL_NERVOUS_SYSTEM,-3.114400993
ESS1_ENDOMETRIUM,-4.560899861
U251MG_CENTRAL_NERVOUS_SYSTEM,-4.070541381
TE11_OESOPHAGUS,-5.702034093
KS1_CENTRAL_NERVOUS_SYSTEM,-5.085653284
HEC1A_ENDOMETRIUM,-6.491624772
TE1_OESOPHAGUS,-1.549959993
JHUEM2_ENDOMETRIUM,-4.947920564
MOGGUVW_CENTRAL_NERVOUS_SYSTEM,
RERFLCAD1_LUNG,3.004538699
TE5_OESOPHAGUS,0.468924157
KELLY_AUTONOMIC_GANGLIA,-5.304536985
NCIH1155_LUNG,-13
TE15_OESOPHAGUS,-0.483153615
ABC1_LUNG,-7.596388104
8MGBA_CENTRAL_NERVOUS_SYSTEM,-1.229706823
NCIH1703_LUNG,-6.511983621
AGS_STOMACH,2.479601306
QGP1_PANCREAS,-1.782291185
DETROIT562_UPPER_AERODIGESTIVE_TRACT,0.814830133
BT474_BREAST,1.58089753
ACHN_KIDNEY,-6.474588876
LOVO_LARGE_INTESTINE,3.538684608
NCIH1581_LUNG,-5.664649175
SCABER_URINARY_TRACT,-5.293583134
SKMEL30_SKIN,-3.76324724
OVKATE_OVARY,2.430892633
22RV1_PROSTATE,3.068050369
C32_SKIN,-4.065281591
PANC0327_PANCREAS,-0.198016107
RPMI8226_HAEMATOPOIETIC_AND_LYMPHOID_TISSUE,0.548640026
DLD1_LARGE_INTESTINE,
ES2_OVARY,-5.522626486
NCIH1395_LUNG,-0.803690094
NCIH1781_LUNG,4.295328381
LS1034_LARGE_INTESTINE,4.540836209
G402_SOFT_TISSUE,-5.691989478
NCIH146_LUNG,-3.727894797
SW48_LARGE_INTESTINE,-4.326164308
CHP212_AUTONOMIC_GANGLIA,-7.35209467
LS180_LARGE_INTESTINE,4.229562711
SW403_LARGE_INTESTINE,4.482695961
NCIH747_LARGE_INTESTINE,0.785400283
RT4_URINARY_TRACT,4.398601623
KATOIII_STOMACH,3.498104775
BDCM_HAEMATOPOIETIC_AND_LYMPHOID_TISSUE,-5.748867541
SW1417_LARGE_INTESTINE,4.55757086
SW948_LARGE_INTESTINE,4.426151994
HS606T_BREAST,-7.138563188
MDAMB415_BREAST,2.815941424
DMS79_LUNG,2.311058397
NCIH2106_LUNG,-5.662243368
SW579_THYROID,-6.159147947
MDAMB468_BREAST,4.691094725
NCIH526_LUNG,-3.336300537
TOV112D_OVARY,-8.314064782
BT549_BREAST,-6.527215965
NCIH2196_LUNG,2.040776325
CAL851_BREAST,0.08143045
EFO21_OVARY,-3.525968941
A375_SKIN,-4.294136895
HT29_LARGE_INTESTINE,2.969204778
NCIH446_LUNG,-6.786505186
HS294T_SKIN,-0.381915104
SKMEL5_SKIN,-4.584954203
HS944T_SKIN,-4.655848645
TCCPAN2_PANCREAS,-4.673017326
DOV13_OVARY,
RMGI_OVARY,-7.11593776
PC3_PROSTATE,2.066554362
K562_HAEMATOPOIETIC_AND_LYMPHOID_TISSUE,-5.176750755
RT112_URINARY_TRACT,-0.460847935
NUGC3_STOMACH,-0.033529929
U87MG_CENTRAL_NERVOUS_SYSTEM,-13
CAKI2_KIDNEY,-5.501279078
OE19_OESOPHAGUS,3.065991604
KMRC2_KIDNEY,-5.827151964
JHH2_LIVER,1.553934496
IM95_STOMACH,3.795332221
MV411_HAEMATOPOIETIC_AND_LYMPHOID_TISSUE,-5.605258513
WM2664_SKIN,-2.457964042
KMRC1_KIDNEY,-1.339475112
KM12_LARGE_INTESTINE,2.228182792
COLO849_SKIN,
T84_LARGE_INTESTINE,4.213759699
CALU1_LUNG,-3.810616387
LOXIMVI_SKIN,-6.038390632
NCIH2170_LUNG,-6.050937229
SQ1_LUNG,-4.446621125
AN3CA_ENDOMETRIUM,-13
NCIH2444_LUNG,3.329751181
UACC257_SKIN,-0.447003928
KYSE510_OESOPHAGUS,0.136977818
MOLM13_HAEMATOPOIETIC_AND_LYMPHOID_TISSUE,-4.821431793
HUPT4_PANCREAS,3.678812229
MOGGCCM_CENTRAL_NERVOUS_SYSTEM,
KYSE30_OESOPHAGUS,-2.536566054
KYSE150_OESOPHAGUS,-5.436054901
PSN1_PANCREAS,0.976425326
NCIH1299_LUNG,-8.290818036
PATU8988T_PANCREAS,-5.503122335
IGR37_SKIN,-2.834717124
LN443_CENTRAL_NERVOUS_SYSTEM,-9.186691938
SLR23_KIDNEY,-6.264427243
HMEL_BREAST,-5.31395275
OELE_OVARY,-2.454414836
LN235_CENTRAL_NERVOUS_SYSTEM,-6.643352992
BJHTERT_SKIN,
LN428_CENTRAL_NERVOUS_SYSTEM,-3.175007863
SLR24_KIDNEY,-5.865593892
EWS502_BONE,-5.686595039
SALE_LUNG,-0.568897901
HCC2814_LUNG,-5.765196453
SKRC31_KIDNEY,
TIG3TD_LUNG,-6.907894066
TC32_BONE,
SF172_CENTRAL_NERVOUS_SYSTEM,-2.406959887
PRECLH_PROSTATE,-4.705056512
U343_CENTRAL_NERVOUS_SYSTEM,-3.679402013
RCC4_KIDNEY,
LN215_CENTRAL_NERVOUS_SYSTEM,-5.307676626
LN464_CENTRAL_NERVOUS_SYSTEM,-4.352611844
SLR25_KIDNEY,-7.29549748
U178_CENTRAL_NERVOUS_SYSTEM,-4.936603273
F5_CENTRAL_NERVOUS_SYSTEM,
HEKTE_KIDNEY,-1.796928064
SLR26_KIDNEY,-8.449181598
SKRC20_KIDNEY,-4.261593189
SF767_CENTRAL_NERVOUS_SYSTEM,-0.300662132
A1207_CENTRAL_NERVOUS_SYSTEM,-13
LN319_CENTRAL_NERVOUS_SYSTEM,-1.282826478
HCC364_LUNG,-0.891091629
UMRC6_KIDNEY,
LN382_CENTRAL_NERVOUS_SYSTEM,-5.669927823
IOMMLEE_CENTRAL_NERVOUS_SYSTEM,-6.508193011
UMRC2_KIDNEY,
DFCI024_LUNG,
HCC1897_LUNG,
SLR21_KIDNEY,-6.300935316
LNZ308_CENTRAL_NERVOUS_SYSTEM,-1.409957144
LN340_CENTRAL_NERVOUS_SYSTEM,-4.79521545
HCC827GR5_LUNG,-6.204829516
SLR20_KIDNEY,-6.916946971
HK2_KIDNEY,
EW8_BONE,-4.840021831
UOK101_KIDNEY,-7.682329179
JHESOAD1_OESOPHAGUS,0.560417621
CH157MN_CENTRAL_NERVOUS_SYSTEM,-5.899659282
MOLP2_HAEMATOPOIETIC_AND_LYMPHOID_TISSUE,-6.344037964
SCC25_UPPER_AERODIGESTIVE_TRACT,-9.232873229
UT7_HAEMATOPOIETIC_AND_LYMPHOID_TISSUE,
MHHNB11_AUTONOMIC_GANGLIA,-5.85017785
HCC1806_BREAST,1.135490736
GRANTA519_HAEMATOPOIETIC_AND_LYMPHOID_TISSUE,-7.158329798
MONOMAC6_HAEMATOPOIETIC_AND_LYMPHOID_TISSUE,-7.693656645
MKN7_STOMACH,-1.72188848
SW1710_URINARY_TRACT,-3.312387351
MOLT13_HAEMATOPOIETIC_AND_LYMPHOID_TISSUE,-4.201116905
SR786_HAEMATOPOIETIC_AND_LYMPHOID_TISSUE,-5.977186392
SCC15_UPPER_AERODIGESTIVE_TRACT,0.288934349
RS5_PLEURA,-5.687433026
NCIH2126_LUNG,3.123209069
NCIH2141_LUNG,
NCIH1385_LUNG,-3.914815116
HCC827_LUNG,-4.981055493
RD_SOFT_TISSUE,-7.099942494
TT_THYROID,1.844767148
TF1_HAEMATOPOIETIC_AND_LYMPHOID_TISSUE,-7.8854816
HS172T_URINARY_TRACT,-3.770907778
HS834T_SKIN,-7.261470521
TE125T_SOFT_TISSUE,-5.870282434
8305C_THYROID,-3.380820092
UACC812_BREAST,2.482863705
ALLSIL_HAEMATOPOIETIC_AND_LYMPHOID_TISSUE,-4.918838586
KASUMI2_HAEMATOPOIETIC_AND_LYMPHOID_TISSUE,-5.411912179
DND41_HAEMATOPOIETIC_AND_LYMPHOID_TISSUE,-3.39213265
ME1_HAEMATOPOIETIC_AND_LYMPHOID_TISSUE,-5.331144332
DM3_PLEURA,-5.203670007
JEKO1_HAEMATOPOIETIC_AND_LYMPHOID_TISSUE,-3.118464408
JJN3_HAEMATOPOIETIC_AND_LYMPHOID_TISSUE,-7.05579697
NUDHL1_HAEMATOPOIETIC_AND_LYMPHOID_TISSUE,-6.739650533
CL14_LARGE_INTESTINE,4.777113015
KYO1_HAEMATOPOIETIC_AND_LYMPHOID_TISSUE,-6.362031174
JL1_PLEURA,0.320128309
CAL148_BREAST,3.682597745
NALM19_HAEMATOPOIETIC_AND_LYMPHOID_TISSUE,-5.954293656
HPBALL_HAEMATOPOIETIC_AND_LYMPHOID_TISSUE,-8.583633214
SUPT11_HAEMATOPOIETIC_AND_LYMPHOID_TISSUE,-5.293241369
CL40_LARGE_INTESTINE,5.973421834
MDAMB134VI_BREAST,-0.647627702
HCC1500_BREAST,2.153505336
HCC1599_BREAST,4.480117399
SUPHD1_HAEMATOPOIETIC_AND_LYMPHOID_TISSUE,
MOTN1_HAEMATOPOIETIC_AND_LYMPHOID_TISSUE,
OCIAML3_HAEMATOPOIETIC_AND_LYMPHOID_TISSUE,-6.626371334
SUDHL10_HAEMATOPOIETIC_AND_LYMPHOID_TISSUE,-5.554511604
SUDHL4_HAEMATOPOIETIC_AND_LYMPHOID_TISSUE,-6.966878837
RH41_SOFT_TISSUE,-6.585612441
OCILY19_HAEMATOPOIETIC_AND_LYMPHOID_TISSUE,-7.110478398
MOLM6_HAEMATOPOIETIC_AND_LYMPHOID_TISSUE,-6.36868415
SKMM2_HAEMATOPOIETIC_AND_LYMPHOID_TISSUE,-6.674293377
KASUMI6_HAEMATOPOIETIC_AND_LYMPHOID_TISSUE,-4.919387217
HS698T_LARGE_INTESTINE,-8.176397577
UACC893_BREAST,4.244487964
MINO_HAEMATOPOIETIC_AND_LYMPHOID_TISSUE,-7.006168255
CHP126_AUTONOMIC_GANGLIA,-4.526469876
COLO680N_OESOPHAGUS,-0.165099251
COLO678_LARGE_INTESTINE,-1.123265836
LAMA84_HAEMATOPOIETIC_AND_LYMPHOID_TISSUE,-8.197654036
CMLT1_HAEMATOPOIETIC_AND_LYMPHOID_TISSUE,-3.788858065
EHEB_HAEMATOPOIETIC_AND_LYMPHOID_TISSUE,-5.162763219
CAL54_KIDNEY,-5.535286001
BV173_HAEMATOPOIETIC_AND_LYMPHOID_TISSUE,-7.337334775
DOHH2_HAEMATOPOIETIC_AND_LYMPHOID_TISSUE,-5.193577919
EOL1_HAEMATOPOIETIC_AND_LYMPHOID_TISSUE,-6.554177219
NALM6_HAEMATOPOIETIC_AND_LYMPHOID_TISSUE,-7.933781197
VMCUB1_URINARY_TRACT,-5.181534649
LP1_HAEMATOPOIETIC_AND_LYMPHOID_TISSUE,-6.567278687
LXF289_LUNG,-4.450003169
MONOMAC1_HAEMATOPOIETIC_AND_LYMPHOID_TISSUE,-7.952720294
PL21_HAEMATOPOIETIC_AND_LYMPHOID_TISSUE,-5.198343932
PF382_HAEMATOPOIETIC_AND_LYMPHOID_TISSUE,-6.530474062
NALM1_HAEMATOPOIETIC_AND_LYMPHOID_TISSUE,-7.787672833
OCIAML2_HAEMATOPOIETIC_AND_LYMPHOID_TISSUE,-7.632869906
MHHCALL3_HAEMATOPOIETIC_AND_LYMPHOID_TISSUE,-6.294061509
JURLMK1_HAEMATOPOIETIC_AND_LYMPHOID_TISSUE,-4.465541441
OCIAML5_HAEMATOPOIETIC_AND_LYMPHOID_TISSUE,-4.228677583
KE37_HAEMATOPOIETIC_AND_LYMPHOID_TISSUE,-4.073549804
JK1_HAEMATOPOIETIC_AND_LYMPHOID_TISSUE,-5.319429288
RI1_HAEMATOPOIETIC_AND_LYMPHOID_TISSUE,-4.380198917
KARPAS422_HAEMATOPOIETIC_AND_LYMPHOID_TISSUE,-4.563674656
L540_HAEMATOPOIETIC_AND_LYMPHOID_TISSUE,-7.179725972
CAL78_BONE,-6.509667756
HDQP1_BREAST,0.906513744
MHHCALL4_HAEMATOPOIETIC_AND_LYMPHOID_TISSUE,-8.959733025
MUTZ5_HAEMATOPOIETIC_AND_LYMPHOID_TISSUE,-6.33652257
ONCODG1_OVARY,-0.79136197
HDLM2_HAEMATOPOIETIC_AND_LYMPHOID_TISSUE,-7.234979027
CAL29_URINARY_TRACT,1.04138059
KOPN8_HAEMATOPOIETIC_AND_LYMPHOID_TISSUE,-4.400257831
SCLC21H_LUNG,-8.134083363
CALU3_LUNG,0.602886515
NCIH1435_LUNG,2.273979522
NCIH2009_LUNG,-2.279317047
NCIH1869_LUNG,0.462617969
HS852T_SKIN,-4.157415054
HCC1419_BREAST,2.492483898
BT483_BREAST,1.348992295
HS281T_BREAST,-5.789418275
HS934T_SKIN,-8.353366146
HCC4006_LUNG,2.532362347
HCC1428_BREAST,0.803647523
KU812_HAEMATOPOIETIC_AND_LYMPHOID_TISSUE,-4.691892515
SHP77_LUNG,-6.871069404
TE441T_SOFT_TISSUE,-5.883433142
NB1_AUTONOMIC_GANGLIA,-6.46156238
HS274T_BREAST,-7.869205114
PFEIFFER_HAEMATOPOIETIC_AND_LYMPHOID_TISSUE,-4.402140666
ZR7530_BREAST,4.191902008
HS863T_BONE,-6.276893529
NCIH841_LUNG,-5.574293249
HS821T_BONE,-7.281451342
NCIH1944_LUNG,-8.548025526
NCIH2405_LUNG,-3.303588601
DEL_HAEMATOPOIETIC_AND_LYMPHOID_TISSUE,-5.892153982
BEN_LUNG,-3.236221111
COLO320_LARGE_INTESTINE,-6.424912756
RPMI8402_HAEMATOPOIETIC_AND_LYMPHOID_TISSUE,-6.479341039
SUDHL1_HAEMATOPOIETIC_AND_LYMPHOID_TISSUE,-8.277706615
P12ICHIKAWA_HAEMATOPOIETIC_AND_LYMPHOID_TISSUE,-5.783457053
BFTC905_URINARY_TRACT,-1.344684053
BFTC909_KIDNEY,-4.375028445
MHHES1_BONE,-6.873981386
JVM3_HAEMATOPOIETIC_AND_LYMPHOID_TISSUE,-6.046138462
NOMO1_HAEMATOPOIETIC_AND_LYMPHOID_TISSUE,-6.241979347
NCIH727_LUNG,-0.999336815
HS343T_BREAST,-7.045531739
HCC2935_LUNG,2.113704973
HS888T_BONE,-5.904605392
MKN45_STOMACH,1.396121573
8505C_THYROID,-8.006769789
KU1919_URINARY_TRACT,-3.731786272
KCL22_HAEMATOPOIETIC_AND_LYMPHOID_TISSUE,-5.435813753
CADOES1_BONE,-5.483419999
S117_SOFT_TISSUE,-5.705033382
EM2_HAEMATOPOIETIC_AND_LYMPHOID_TISSUE,-7.629279606
COLO677_HAEMATOPOIETIC_AND_LYMPHOID_TISSUE,
OPM2_HAEMATOPOIETIC_AND_LYMPHOID_TISSUE,-7.050182905
CAL62_THYROID,-7.758602889
LCLC103H_LUNG,-1.406726403
JURKAT_HAEMATOPOIETIC_AND_LYMPHOID_TISSUE,-4.185708375
697_HAEMATOPOIETIC_AND_LYMPHOID_TISSUE,-7.742070979
MHHCALL2_HAEMATOPOIETIC_AND_LYMPHOID_TISSUE,-7.230402739
M07E_HAEMATOPOIETIC_AND_LYMPHOID_TISSUE,-6.068863402
L428_HAEMATOPOIETIC_AND_LYMPHOID_TISSUE,-2.715788004
MOLT16_HAEMATOPOIETIC_AND_LYMPHOID_TISSUE,-7.731970931
NB4_HAEMATOPOIETIC_AND_LYMPHOID_TISSUE,-6.419906739
LCLC97TM1_LUNG,2.806372124
2313287_STOMACH,0.851264562
BHT101_THYROID,-5.68835644
JVM2_HAEMATOPOIETIC_AND_LYMPHOID_TISSUE,-4.978177046
CAL51_BREAST,-2.125439484
L363_HAEMATOPOIETIC_AND_LYMPHOID_TISSUE,-5.912482773
KMH2_HAEMATOPOIETIC_AND_LYMPHOID_TISSUE,-3.677945882
SIMA_AUTONOMIC_GANGLIA,-7.758930557
NUDUL1_HAEMATOPOIETIC_AND_LYMPHOID_TISSUE,-2.657138613
BC3C_URINARY_TRACT,-7.610024752
SUDHL6_HAEMATOPOIETIC_AND_LYMPHOID_TISSUE,-5.908773346
KARPAS620_HAEMATOPOIETIC_AND_LYMPHOID_TISSUE,-4.875991207
REC1_HAEMATOPOIETIC_AND_LYMPHOID_TISSUE,-5.692876198
OCIM1_HAEMATOPOIETIC_AND_LYMPHOID_TISSUE,-7.548820463
MEC1_HAEMATOPOIETIC_AND_LYMPHOID_TISSUE,-4.748485806
SIGM5_HAEMATOPOIETIC_AND_LYMPHOID_TISSUE,-6.174023402
SUDHL5_HAEMATOPOIETIC_AND_LYMPHOID_TISSUE,-5.507254888
BCPAP_THYROID,-2.586985876
639V_URINARY_TRACT,-8.282526997
CL11_LARGE_INTESTINE,1.883979394
TT2609C02_THYROID,-5.353268266
MEC2_HAEMATOPOIETIC_AND_LYMPHOID_TISSUE,
CL34_LARGE_INTESTINE,4.959432644
RCHACV_HAEMATOPOIETIC_AND_LYMPHOID_TISSUE,-5.94168583
CAL120_BREAST,-9.089764256
647V_URINARY_TRACT,-1.146757939
RH18_SOFT_TISSUE,-4.762112313
MOLM16_HAEMATOPOIETIC_AND_LYMPHOID_TISSUE,-7.576206231
F36P_HAEMATOPOIETIC_AND_LYMPHOID_TISSUE,-6.941763131
EJM_HAEMATOPOIETIC_AND_LYMPHOID_TISSUE,-6.770106557
WSUDLCL2_HAEMATOPOIETIC_AND_LYMPHOID_TISSUE,-5.094808952
JIMT1_BREAST,-2.877574193
ML1_THYROID,0.419512634
AMO1_HAEMATOPOIETIC_AND_LYMPHOID_TISSUE,-6.973064961
MOLP8_HAEMATOPOIETIC_AND_LYMPHOID_TISSUE,-1.707451998
COLO699_LUNG,
JHUEM7_ENDOMETRIUM,-5.051734463
KP1NL_PANCREAS,
KP1N_PANCREAS,
M059J_CENTRAL_NERVOUS_SYSTEM,
MB157_BREAST,
OE21_OESOPHAGUS,-6.34720086
SF8657_SKIN,
SNUC2B_LARGE_INTESTINE,
NCIH2073_LUNG,-4.288623842
HN_UPPER_AERODIGESTIVE_TRACT,
HRT18_LARGE_INTESTINE,
HCT116G9B_ENGINEERED,
HCT116PA_ENGINEERED,
HNT34_HAEMATOPOIETIC_AND_LYMPHOID_TISSUE,-8.425731014
MUTZ2_HAEMATOPOIETIC_AND_LYMPHOID_TISSUE,
PLB985_HAEMATOPOIETIC_AND_LYMPHOID_TISSUE,-7.741511025
SKNO1_HAEMATOPOIETIC_AND_LYMPHOID_TISSUE,-7.250147345
LC1_LUNG,
MOLT3_HAEMATOPOIETIC_AND_LYMPHOID_TISSUE,-5.043659473
HOP62_LUNG,-4.71750144
EKVX_LUNG,-6.255380774
OVCAR5_OVARY,
UO31_KIDNEY,-3.512884579
TK10_KIDNEY,
SF268_CENTRAL_NERVOUS_SYSTEM,-6.288785712
SF539_CENTRAL_NERVOUS_SYSTEM,-2.964563387
SNB75_CENTRAL_NERVOUS_SYSTEM,-2.307238723
HOP92_LUNG,-5.63967786
ACCS_URINARY_TRACT,
MUTZ3_HAEMATOPOIETIC_AND_LYMPHOID_TISSUE,-5.95974607
A427_LUNG,-6.64195532
BT12_SOFT_TISSUE,-7.328989413
C8166_HAEMATOPOIETIC_AND_LYMPHOID_TISSUE,-7.582009873
CACO2_LARGE_INTESTINE,3.809855543
HCC2429_LUNG,-4.392467287
HCC2450_LUNG,-1.73679901
HCC461_LUNG,-6.848448105
HCC515_LUNG,-3.717873365
INA6_HAEMATOPOIETIC_AND_LYMPHOID_TISSUE,-13
KD_SOFT_TISSUE,-6.472390917
KPMRTRY_SOFT_TISSUE,-13
MON_SOFT_TISSUE,-13
NCIH2004RT_SOFT_TISSUE,-7.271500658
NCIH2077_LUNG,-7.569009647
NCIH2882_LUNG,-6.477150437
NCIH2887_LUNG,2.186904629
NCIH1819_LUNG,-3.804023212
NCIH3122_LUNG,-0.68322144
NHAHTDD_CENTRAL_NERVOUS_SYSTEM,-4.874473174
OCIMY5_HAEMATOPOIETIC_AND_LYMPHOID_TISSUE,-8.231537399
OCIMY7_HAEMATOPOIETIC_AND_LYMPHOID_TISSUE,-5.424386318
OPM1_HAEMATOPOIETIC_AND_LYMPHOID_TISSUE,-5.363655723
PC9_LUNG,1.128131079
SKNEP1_BONE,-7.808551256
SKPNDW_BONE,-13
STM9101_SOFT_TISSUE,-13
SIHA_CERVIX,-4.087437345
TM87_SOFT_TISSUE,-7.724314375
TTC709_SOFT_TISSUE,-13
TTC1240_SOFT_TISSUE,-13
TTC549_SOFT_TISSUE,1.861541312
TTC642_SOFT_TISSUE,-13
BT16_SOFT_TISSUE,
CW9019_SOFT_TISSUE,
D384_CENTRAL_NERVOUS_SYSTEM,
D425_CENTRAL_NERVOUS_SYSTEM,
D458_CENTRAL_NERVOUS_SYSTEM,
D556_CENTRAL_NERVOUS_SYSTEM,
JR_SOFT_TISSUE,
MKL1_SKIN,
MKL2_SKIN,
PETA_SKIN,
SMSCTR_SOFT_TISSUE,
SUMB002_CENTRAL_NERVOUS_SYSTEM,
201T_LUNG,
451LU_NS,
A388_SKIN,
A431_SKIN,
ACN,
ALLPO_HAEMATOPOIETIC_AND_LYMPHOID_TISSUE,
ARH77_HAEMATOPOIETIC_AND_LYMPHOID_TISSUE,
ASH3_THYROID,
ATN1_HAEMATOPOIETIC_AND_LYMPHOID_TISSUE,
BALL1_HAEMATOPOIETIC_AND_LYMPHOID_TISSUE,
BB30HNC_UPPER_AERODIGESTIVE_TRACT,
BB49HNC_UPPER_AERODIGESTIVE_TRACT,
BB65RCC_KIDNEY,
BC1_HAEMATOPOIETIC_AND_LYMPHOID_TISSUE,
BC3_HAEMATOPOIETIC_AND_LYMPHOID_TISSUE,
BE13_HAEMATOPOIETIC_AND_LYMPHOID_TISSUE,
BE2M17_AUTONOMIC_GANGLIA,
BICR10_UPPER_AERODIGESTIVE_TRACT,
BICR78_UPPER_AERODIGESTIVE_TRACT,
BONNA12_HAEMATOPOIETIC_AND_LYMPHOID_TISSUE,
BPH1_PROSTATE,
C33A_CERVIX,
C4I_CERVIX,
CA922_UPPER_AERODIGESTIVE_TRACT,
CAL39_VULVA,
CAL72_BONE,
CAR1_LARGE_INTESTINE,
CASKI_CERVIX,
CCRFCEM_HAEMATOPOIETIC_AND_LYMPHOID_TISSUE,
CESS_HAEMATOPOIETIC_AND_LYMPHOID_TISSUE,
CHP134_AUTONOMIC_GANGLIA,
CHSA0011_BONE,
CHSA0108_BONE,
CHSA8926_BONE,
COLO824_BREAST,
CORL303_LUNG,
CORL321_PLEURA,
CORL32_LUNG,
CP50MELB_SKIN,
CP66MEL_SKIN,
CP67MEL_SKIN,
CROAP2_HAEMATOPOIETIC_AND_LYMPHOID_TISSUE,
CROAP3,
CS1_BONE,
CTB1_HAEMATOPOIETIC_AND_LYMPHOID_TISSUE,
CTV1_HAEMATOPOIETIC_AND_LYMPHOID_TISSUE,
D245MG_CENTRAL_NERVOUS_SYSTEM,
D247MG_CENTRAL_NERVOUS_SYSTEM,
D263MG_CENTRAL_NERVOUS_SYSTEM,
D336MG_CENTRAL_NERVOUS_SYSTEM,
D392MG_CENTRAL_NERVOUS_SYSTEM,
D423MG_CENTRAL_NERVOUS_SYSTEM,
D502MG_CENTRAL_NERVOUS_SYSTEM,
D542MG_CENTRAL_NERVOUS_SYSTEM,
D566MG_CENTRAL_NERVOUS_SYSTEM,
DG75_HAEMATOPOIETIC_AND_LYMPHOID_TISSUE,
DIFI_LARGE_INTESTINE,
DJM1_SKIN,
DOK_UPPER_AERODIGESTIVE_TRACT,
DOTC24510_CERVIX,
DSH1_URINARY_TRACT,
EB3_HAEMATOPOIETIC_AND_LYMPHOID_TISSUE,
EGI1_BILIARY_TRACT,
EMCBAC1_LUNG,
EMCBAC2_LUNG,
ES1_BONE,
ES3_BONE,
ES4_BONE,
ES5_BONE,
ES6_BONE,
ES7_BONE,
ES8_BONE,
ESO26_OESOPHAGUS,
ESO51_OESOPHAGUS,
ETK1_BILIARY_TRACT,
EW11_BONE,
EW12_BONE,
EW13_BONE,
EW16_BONE,
EW18_BONE,
EW1_BONE,
EW22_BONE,
EW24_BONE,
EW3_BONE,
EW7_BONE,
FARAGE_HAEMATOPOIETIC_AND_LYMPHOID_TISSUE,
FLO1_OESOPHAGUS,
GAK_SKIN,
GEO_LARGE_INTESTINE,
GIMEN_AUTONOMIC_GANGLIA,
GMEL_SKIN,
GOTO_AUTONOMIC_GANGLIA,
GP5D_LARGE_INTESTINE,
GRST_HAEMATOPOIETIC_AND_LYMPHOID_TISSUE,
GT3TKB_STOMACH,
H2369_PLEURA,
NCIH2595_PLEURA,
NCIH2722_PLEURA,
NCIH2731_PLEURA,
NCIH2795_PLEURA,
NCIH2803_PLEURA,
NCIH2804_PLEURA,
NCIH2810_PLEURA,
NCIH2818_PLEURA,
NCIH2869_PLEURA,
H290_PLEURA,
H3118_UPPER_AERODIGESTIVE_TRACT,
H9_HAEMATOPOIETIC_AND_LYMPHOID_TISSUE,
HA7RCC_KIDNEY,
HAL01_HAEMATOPOIETIC_AND_LYMPHOID_TISSUE,
HC1_HAEMATOPOIETIC_AND_LYMPHOID_TISSUE,
HCC2998_LARGE_INTESTINE,
HCE4_OESOPHAGUS,
HEC1_ENDOMETRIUM,
HELA_CERVIX,-13
HEMCSS_BONE,
HEY_OVARY,
HMVII_SKIN,
HO1N1_UPPER_AERODIGESTIVE_TRACT,
HO1U1_UPPER_AERODIGESTIVE_TRACT,
HS445_HAEMATOPOIETIC_AND_LYMPHOID_TISSUE,
HSC39_STOMACH,
HT3_CERVIX,
HTCC3_THYROID,
HUH6CLONE5,
HUO3N1_BONE,
HUO9_BONE,
IHH4_THYROID,
IM9_HAEMATOPOIETIC_AND_LYMPHOID_TISSUE,
IMR5_AUTONOMIC_GANGLIA,
ISTMEL1_SKIN,
ISTSL1_LUNG,
ISTSL2_LUNG,
JAR_PLACENTA,
JEG3_PLACENTA,
JHOS3_OVARY,
JHU011_UPPER_AERODIGESTIVE_TRACT,
JHU022_UPPER_AERODIGESTIVE_TRACT,
JHU029_UPPER_AERODIGESTIVE_TRACT,
JIYOYEP2003_HAEMATOPOIETIC_AND_LYMPHOID_TISSUE,
JSC1_HAEMATOPOIETIC_AND_LYMPHOID_TISSUE,
K2_SKIN,
K5_THYROID,
KARPAS1106P_HAEMATOPOIETIC_AND_LYMPHOID_TISSUE,
KARPAS231_HAEMATOPOIETIC_AND_LYMPHOID_TISSUE,
KARPAS45_HAEMATOPOIETIC_AND_LYMPHOID_TISSUE,
KGN_OVARY,
KINGS1_CENTRAL_NERVOUS_SYSTEM,
KMH2_THYROID,
KMOE2_HAEMATOPOIETIC_AND_LYMPHOID_TISSUE,
KNS81FD_CENTRAL_NERVOUS_SYSTEM,
KON_UPPER_AERODIGESTIVE_TRACT,
KOSC2_UPPER_AERODIGESTIVE_TRACT,
KPNYS_AUTONOMIC_GANGLIA,
KY821_HAEMATOPOIETIC_AND_LYMPHOID_TISSUE,
KYAE1_OESOPHAGUS,
KYSE220_OESOPHAGUS,
KYSE50_OESOPHAGUS,
LAN6_AUTONOMIC_GANGLIA,
LB1047RCC_KIDNEY,
LB2241RCC_KIDNEY,
LB2518MEL_SKIN,
LB373MELD_SKIN,
LB647SCLC_LUNG,
LB771HNC_UPPER_AERODIGESTIVE_TRACT,
LB831BLC_URINARY_TRACT,
LB996RCC_KIDNEY,
LC2AD_LUNG,
LC41_HAEMATOPOIETIC_AND_LYMPHOID_TISSUE,
LIM1215_LARGE_INTESTINE,
LN405_CENTRAL_NERVOUS_SYSTEM,
LNZTA3WT4_CENTRAL_NERVOUS_SYSTEM,
LU134A_LUNG,
LU135_LUNG,
LU139_LUNG,
LU165_LUNG,
M14_SKIN,
MC1010_HAEMATOPOIETIC_AND_LYMPHOID_TISSUE,
MCC13_SKIN,
MCC26_SKIN,
MCCAR_HAEMATOPOIETIC_AND_LYMPHOID_TISSUE,
MCIXC_AUTONOMIC_GANGLIA,
MDAMB330_BREAST,
ME180_CERVIX,
MFHINO_SOFT_TISSUE,
MFM223_BREAST,
MHHPREB1_HAEMATOPOIETIC_AND_LYMPHOID_TISSUE,
MKN28_STOMACH,
ML2_HAEMATOPOIETIC_AND_LYMPHOID_TISSUE,
MLMA_HAEMATOPOIETIC_AND_LYMPHOID_TISSUE,
MMACSF_SKIN,
MN60_HAEMATOPOIETIC_AND_LYMPHOID_TISSUE,
MOT_HAEMATOPOIETIC_AND_LYMPHOID_TISSUE,
MRKNU1_BREAST,
MS1_LUNG,
MS751_CERVIX,
MYM12_HAEMATOPOIETIC_AND_LYMPHOID_TISSUE,
MZ1PC_PANCREAS,
MZ2MEL_SKIN,
MZ7MEL_SKIN,
NB10_AUTONOMIC_GANGLIA,
NB12_AUTONOMIC_GANGLIA,
NB13_AUTONOMIC_GANGLIA,
NB14_AUTONOMIC_GANGLIA,
NB17_AUTONOMIC_GANGLIA,
NB5_AUTONOMIC_GANGLIA,
NB69_AUTONOMIC_GANGLIA,
NB6_AUTONOMIC_GANGLIA,
NB7_AUTONOMIC_GANGLIA,
NBSUSSR_AUTONOMIC_GANGLIA,
NBTU110_AUTONOMIC_GANGLIA,
NCC010_KIDNEY,
NCC021_KIDNEY,
NCCIT_TESTIS,
NCIH128_LUNG,
NCIH1304_LUNG,
NCIH1417_LUNG,
NCIH1688_LUNG,
NCIH1770_LUNG,
NCIH187_LUNG,
NCIH1993_LUNG,
NCIH2135_LUNG,
NCIH2373_PLEURA,
NCIH2461_PLEURA,
NCIH250_LUNG,
NCIH2591_PLEURA,
NCIH345_LUNG,
NCIH378_LUNG,
NCIH513_PLEURA,
NCIH630_LARGE_INTESTINE,
NCIH64_LUNG,
NCIH720_LUNG,
NCIH740_LUNG,
NCIH748_LUNG,
NCIH820_LUNG,
NCIH835_LUNG,
NCIH847_LUNG,
NEC8_TESTIS,
NH12_AUTONOMIC_GANGLIA,
NK92MI_HAEMATOPOIETIC_AND_LYMPHOID_TISSUE,
NKM1_HAEMATOPOIETIC_AND_LYMPHOID_TISSUE,
NO10_CENTRAL_NERVOUS_SYSTEM,
NO11_CENTRAL_NERVOUS_SYSTEM,
NOS1_BONE,
NTERA2CLD1_TESTIS,
NY_BONE,
OACM51_OESOPHAGUS,
OACP4C_OESOPHAGUS,
OCILY7_HAEMATOPOIETIC_AND_LYMPHOID_TISSUE,
OCUBM_BREAST,
OMC1_CERVIX,
OSC19_UPPER_AERODIGESTIVE_TRACT,
OSC20_UPPER_AERODIGESTIVE_TRACT,
OV17R_OVARY,
OVCA420_OVARY,
OVCA433_OVARY,
OVMIU_OVARY,
P30OHK_HAEMATOPOIETIC_AND_LYMPHOID_TISSUE,
P32ISH_HAEMATOPOIETIC_AND_LYMPHOID_TISSUE,
PA1_OVARY,
PC3JPC3_LUNG,
PCI15A_UPPER_AERODIGESTIVE_TRACT,
PCI30_UPPER_AERODIGESTIVE_TRACT,
PCI38_UPPER_AERODIGESTIVE_TRACT,
PCI4B_UPPER_AERODIGESTIVE_TRACT,
PCI6A_UPPER_AERODIGESTIVE_TRACT,
PEO1_OVARY,
PFSK1_CENTRAL_NERVOUS_SYSTEM,
PL18_PANCREAS,
PL4_PANCREAS,
PWR1E_PROSTATE,
QIMRWIL_HAEMATOPOIETIC_AND_LYMPHOID_TISSUE,
RAMOS2G64C10_HAEMATOPOIETIC_AND_LYMPHOID_TISSUE,
RCCAB_KIDNEY,
RCCER_KIDNEY,
RCCFG2_KIDNEY,
RCCJF_KIDNEY,
RCCJW_KIDNEY,
RCCMF_KIDNEY,
RCK8_HAEMATOPOIETIC_AND_LYMPHOID_TISSUE,
RERFLCFM_LUNG,
RF48_STOMACH,
RH1_SOFT_TISSUE,
RO82W1_THYROID,
ROS50_HAEMATOPOIETIC_AND_LYMPHOID_TISSUE,
RPMI2650_UPPER_AERODIGESTIVE_TRACT,
RPMI8866_HAEMATOPOIETIC_AND_LYMPHOID_TISSUE,
RXF393_KIDNEY,
SARC9371_BONE,
SAS_UPPER_AERODIGESTIVE_TRACT,
SAT_UPPER_AERODIGESTIVE_TRACT,
SBC1_LUNG,
SBC3_LUNG,
SC1_HAEMATOPOIETIC_AND_LYMPHOID_TISSUE,
SCC3_HAEMATOPOIETIC_AND_LYMPHOID_TISSUE,
SCC90_UPPER_AERODIGESTIVE_TRACT,
SCH_STOMACH,
SISO_CERVIX,
SKGIIIA_CERVIX,
SKGT2_STOMACH,
SKGT4_OESOPHAGUS,
SKMG1_CENTRAL_NERVOUS_SYSTEM,
SKN3_UPPER_AERODIGESTIVE_TRACT,
SKN_URINARY_TRACT,
SLVL_HAEMATOPOIETIC_AND_LYMPHOID_TISSUE,
SN12C_KIDNEY,
STS0421_SOFT_TISSUE,
SUDHL16_HAEMATOPOIETIC_AND_LYMPHOID_TISSUE,
SUPB8_HAEMATOPOIETIC_AND_LYMPHOID_TISSUE,
SW13_ADRENAL_GLAND,
SW626_OVARY,
SW684_SOFT_TISSUE,
SW756_CERVIX,
SW872_SOFT_TISSUE,
SW954_VULVA,
SW962_VULVA,
SW982_SOFT_TISSUE,
TASK1_BONE,
TCYIK_CERVIX,
TE12_OESOPHAGUS,
TGBC1TKB_BILIARY_TRACT,
TGBC24TKB_BILIARY_TRACT,
TGW_AUTONOMIC_GANGLIA,
TK_HAEMATOPOIETIC_AND_LYMPHOID_TISSUE,
TMK1_STOMACH,
TUR_HAEMATOPOIETIC_AND_LYMPHOID_TISSUE,
U698M_HAEMATOPOIETIC_AND_LYMPHOID_TISSUE,
UCH2_BONE,
UDSCC2_UPPER_AERODIGESTIVE_TRACT,
UMC11_LUNG,
UWB1289_OVARY,
VAESBJ_SOFT_TISSUE,
VAL_HAEMATOPOIETIC_AND_LYMPHOID_TISSUE,
VMRCMELG_SKIN,
WIL2NS_HAEMATOPOIETIC_AND_LYMPHOID_TISSUE,
WM1552C_SKIN,
WM278_SKIN,
WM35_SKIN,
WM793B_SKIN,
WSUNHL_HAEMATOPOIETIC_AND_LYMPHOID_TISSUE,
YMB1E_BREAST,
YT_HAEMATOPOIETIC_AND_LYMPHOID_TISSUE,
